Timestamp,Satellite_ID,Constellation,Broadcast_X,Broadcast_Y,Broadcast_Z,Broadcast_Clock,Modelled_X,Modelled_Y,Modelled_Z,Modelled_Clock,Error_X,Error_Y,Error_Z,3D_Orbit_Error,Error_Clock
2025-09-01 00:00:00,GEO01,GEO,42164000.0,0.0,0.0,0.0001,42163994.66655671,-4.530495398,2.600099377,9.999572895459899e-05,5.333443295,4.530495398,-2.600099377,7.4653548276391675,4.271045401015392e-09
2025-09-01 00:15:00,GEO01,GEO,42163309.91589679,-10482.851345379837,241004.24449952747,0.0001000000108,42163305.22127128,-10486.837660796213,241006.52061980384,9.999777879909898e-05,4.694625510125,3.986315416375,-2.276120276375,6.565892383497525,2.232000901019998e-09
2025-09-01 00:30:00,GEO01,GEO,42161251.53583926,-20785.063660595566,480970.8024607934,0.0001000000216,42161247.480031535,-20788.505796030317,480972.75460196915,9.999982864359899e-05,4.05580772525,3.44213543475,-1.95214117575,5.666456372850473,1.9295640102460473e-10
2025-09-01 00:45:00,GEO01,GEO,42157860.27233269,-30729.105641204864,718866.4552890529,0.0001000000324,42157856.85534275,-30732.00359665799,718868.083451128,0.00010000187848809898,3.416989940375,2.8979554531250002,-1.6281620751249999,4.7670617579171575,-1.8460880989707888e-09
2025-09-01 01:00:00,GEO01,GEO,42153194.46889645,-40143.60796867311,953666.9010390707,0.0001000000432,42153191.69072429,-40145.96174414461,953668.2052220452,0.00010000392833259897,2.7781721555,2.3537754715,-1.3041829745,3.8677374169928123,-3.885132598966182e-09
2025-09-01 01:15:00,GEO01,GEO,42147334.3963183,-48866.3115593791,1184361.1647288974,0.000100000054,42147332.25696393,-48868.121154868975,1184362.1449327713,0.00010000597817709897,2.139354370625,1.809595489875,-0.9802038738749999,2.96854721950785,-5.924177098961576e-09
2025-09-01 01:30:00,GEO01,GEO,42140380.87167055,-56746.85908052139,1409955.9512720413,0.0001000000648,42140379.37113397,-56748.12449602964,1409956.6074968146,0.00010000802802159897,1.50053658575,1.2654155082499998,-0.65622477325,2.069666013327002,-7.96322159895697e-09
2025-09-01 01:45:00,GEO01,GEO,42132453.52384639,-63649.38170751743,1629479.9222857116,0.0001000000756,42132452.662127584,-63650.102943044054,1629480.2545313842,0.00010001007786609896,0.8617188008749999,0.7212355266249997,-0.33224567262500004,1.1718050877281285,-1.0002266098952364e-08
2025-09-01 02:00:00,GEO01,GEO,42123688.73545672,-69454.83662018552,1841987.8783605802,0.0001000000864,42123688.5125557,-69455.01367573053,1841987.886627152,0.00010001212771059895,0.222901016,0.177055545,-0.008266572,0.28478389203343374,-1.2041310598947757e-08
2025-09-01 02:15:00,GEO01,GEO,42114237.29649468,-74063.05502322316,2046564.8287845524,0.0001000000972,42114237.03360673,-74063.35052458978,2046564.0501739336,0.00010001080840059916,0.26288795062500003,0.29550136662500004,0.77861061875,0.8733072929337721,-1.0711200599149164e-08
2025-09-01 02:30:00,GEO01,GEO,42104261.81013475,-77394.46545669809,2242329.931197635,0.00010000010800000001,42104261.50725987,-77394.87940388634,2242328.3657098254,0.00010000948909059936,0.30287488525,0.41394718825000004,1.5654878095000002,1.647372924528138,-9.381090599350568e-09
2025-09-01 02:45:00,GEO01,GEO,42093933.895297125,-79391.46274873614,2428440.284215009,0.00010000011880000001,42093933.55243531,-79391.99514174603,2428437.9318500087,0.00010000816978059955,0.342861819875,0.532393009875,2.3523650002500003,2.436107066385413,-8.050980599551973e-09
2025-09-01 03:00:00,GEO01,GEO,42083431.23410447,-80019.3990585655,2604094.5566885127,0.00010000012960000001,42083430.851255715,-80020.049897397,2604091.417446322,0.00010000685047059977,0.3828487545,0.6508388315000001,3.139242191,3.2287777698635387,-6.720870599753381e-09
2025-09-01 03:15:00,GEO01,GEO,42072934.51502709,-79267.17996034771,2768536.43798008,0.00010000014040000001,42072934.0921914,-79267.94924500084,2768532.5118606985,0.00010000553116059996,0.422835689125,0.769284653125,3.9261193817500004,4.023058823492949,-5.390760599954786e-09
2025-09-01 03:30:00,GEO01,GEO,42062624.32430664,-77147.45531236008,2921057.894391394,0.00010000015120000001,42062623.86148401,-77148.34304283482,2921053.1813948215,0.00010000421185060016,0.46282262375,0.8877304747500001,4.712996572500001,4.818153886007736,-4.060650600156192e-09
2025-09-01 03:45:00,GEO01,GEO,42052678.03913857,-73696.40162795782,3061002.217728613,0.00010000016200000001,42052677.53632901,-73697.4078042542,3060996.7178548495,0.00010000289254060037,0.5028095583750001,1.006176296375,5.49987376325,5.613717093251663,-2.7305406003575974e-09
2025-09-01 04:00:00,GEO01,GEO,42043266.77606325,-68973.099692557,3187766.8528760164,0.00010000017280000001,42043266.233266756,-68974.22431467501,3187760.5661250623,0.00010000157323060057,0.542796493,1.124622118,6.286750954,6.409574127719237,-1.400430600559004e-09
2025-09-01 04:15:00,GEO01,GEO,42034552.44706575,-63058.51813389175,3300805.992203979,0.00010000018360000001,42034551.95156082,-63059.503910057494,3300800.4903796366,0.00010000154168463785,0.49550493,0.98577616575,5.501824342375,5.611359093745933,-1.3580846378396885e-09
2025-09-01 04:30:00,GEO01,GEO,42026684.97403147,-56054.12043238431,3399632.9256405644,0.00010000019440000001,42026684.5258181,-56054.96736259781,3399628.2087428337,0.00010000151013867512,0.44821336700000003,0.8469302135000001,4.71689773075,4.813243211313048,-1.3157386751203726e-09
2025-09-01 04:45:00,GEO01,GEO,42019799.70948021,-48080.11933684163,3483822.1362881027,0.00010000020520000001,42019799.308558404,-48080.82742110288,3483818.2043169835,0.00010000147859271241,0.400921804,0.70808426125,3.931971119125,4.015285605730392,-1.2733927124010571e-09
2025-09-01 05:00:00,GEO01,GEO,42014015.107952505,-39273.40871645883,3553011.1325616953,0.00010000021600000001,42014014.75432227,-39273.977954767826,3553007.985517188,0.0001000014470467497,0.353630241,0.569238309,3.1470445075,3.217604035920022,-1.2310467496817414e-09
2025-09-01 05:15:00,GEO01,GEO,42009430.68810993,-29785.208429639228,3606902.008961055,0.00010000022680000001,42009430.38177125,-29785.638821995977,3606899.646843159,0.00010000141550078697,0.30633867800000003,0.4303923567500001,2.3621178958749995,2.4204714252394184,-1.1887007869624257e-09
2025-09-01 05:30:00,GEO01,GEO,42006125.3206096,-19778.462727705948,3645262.7287554974,0.00010000023760000001,42006125.061562486,-19778.754274110448,3645261.151564213,0.00010000138395482425,0.259047115,0.29154640450000013,1.5771912842499995,1.6246959902950655,-1.1463548242431103e-09
2025-09-01 05:45:00,GEO01,GEO,42004155.87120813,-9425.036951276474,3667928.1230592574,0.00010000024840000001,42004155.65945258,-9425.189651728724,3667927.330794585,0.00010000135240886154,0.211755552,0.15270045225000017,0.7922646726249996,0.8341709377638237,-1.1040088615237946e-09
2025-09-01 06:00:00,GEO01,GEO,42003556.22243955,1097.23925229616,3674800.6019954337,0.00010000025920000001,42003556.05797556,1097.22539779616,3674800.5946573727,0.00010000132086289881,0.164463989,0.0138545,0.007338061,0.16520955779639943,-1.0616628988044789e-09
2025-09-01 06:15:00,GEO01,GEO,42004336.69069778,11607.631321815308,3665850.57488652,0.00010000027000000001,42004336.65159774,11607.702677246058,3665850.4839506177,0.00010000060322394905,0.039100040249999996,-0.07135543074999999,0.09093590237499999,0.12202355914259014,-3.3322394904944543e-10
2025-09-01 06:30:00,GEO01,GEO,42006483.84875287,21925.60915153753,3641116.577662319,0.00010000028080000001,42006483.93501678,21925.76571689903,3641116.403128575,9.999988558499931e-05,-0.08626390850000001,-0.1565653615,0.17453374375,0.2498323478629473,3.952150007055881e-10
2025-09-01 06:45:00,GEO01,GEO,42009960.756753914,31873.95294289291,3600705.106936656,0.00010000029160000001,42009960.96838177,31874.194718185157,3600704.848805071,9.999916794604955e-05,-0.21162785725000002,-0.24177529225,0.258131585125,0.41215719955612135,1.1236539504606215e-09
2025-09-01 07:00:00,GEO01,GEO,42014707.59774461,41281.80210556649,3544790.161467314,0.00010000030240000001,42014707.934736416,41282.12909078949,3544789.819737888,9.99984503070998e-05,-0.336991806,-0.326985223,0.3417294265,0.5807424681453219,1.852092900215655e-09
2025-09-01 07:15:00,GEO01,GEO,42020642.70675817,49987.59475424327,3473612.492973509,0.00010000031320000001,42020643.16911393,49988.00694939702,3473612.067646241,9.999773266815004e-05,-0.46235575475,-0.41219515375,0.42532726787499997,0.7513860349536983,2.580531849970689e-09
2025-09-01 07:30:00,GEO01,GEO,42027663.9757867,57841.84722991474,3387478.569536638,0.00010000032400000001,42027664.5635064,57842.34463499924,3387478.060611529,9.999701502920028e-05,-0.5877197035,-0.4974050845,0.50892510925,0.9229469295651319,3.308970799725722e-09
2025-09-01 07:45:00,GEO01,GEO,42035650.61045408,64709.72582649067,3286759.2560475827,0.00010000033480000001,42035651.32353774,64710.30844150592,3286758.663524632,9.999629739025054e-05,-0.71308365225,-0.58261501525,0.5925229506249999,1.0949940630516282,4.037409749480756e-09
2025-09-01 08:00:00,GEO01,GEO,42044465.208170384,70473.36647883058,3171888.217382111,0.0001000003456,42044466.046617985,70474.03430377657,3171887.541261319,9.999557975130077e-05,-0.838447601,-0.667824946,0.676120792,1.267329421854186,4.765848699235789e-09
2025-09-01 08:15:00,GEO01,GEO,42053956.12201494,75033.90250369534,3043360.051179808,0.0001000003564,42053956.45590833,75034.09229201027,3043359.684587481,9.999471605956294e-05,-0.3338933909590164,-0.18978831493442616,0.36659232724590163,0.53093722360306,5.6403404370565165e-09
2025-09-01 08:30:00,GEO01,GEO,42063960.06968,78313.16550878063,2901728.158266176,0.0001000003672,42063959.89901918,78312.87726046449,2901728.1012023133,9.999385236782511e-05,0.17066081908196729,0.28824831613114765,0.057063862491803286,0.33980654985543385,6.514832174877243e-09
2025-09-01 08:45:00,GEO01,GEO,42074304.942590185,80255.03020681068,2747602.3598871846,0.000100000378,42074304.26737516,80254.26392186349,2747602.612351787,9.99929886760873e-05,0.6752150291229512,0.7662849471967214,-0.25246460226229506,1.052067645757272,7.389323912697969e-09
2025-09-01 09:00:00,GEO01,GEO,42084812.76686977,80826.37999859452,2581646.2720156945,0.0001000003888,42084811.58710053,80825.13567701627,2581646.8340087617,9.999212498434948e-05,1.1797692391639347,1.2443215782622952,-0.5619930670163934,1.8044466894816014,8.263815650518696e-09
2025-09-01 09:15:00,GEO01,GEO,42095302.76521681,80017.67671332508,2404574.448035128,0.0001000003996,42095301.08089336,80015.95435511575,2404575.3195566596,9.999126129261166e-05,1.6843234492049186,1.722358209327869,-0.8715215317704917,2.5618378292000146,9.138307388339423e-09
2025-09-01 09:30:00,GEO01,GEO,42105594.46700783,77843.12470372766,2217149.302103095,0.0001000004104,42105592.27813017,77840.92430888728,2217150.4831530917,9.999039760087384e-05,2.1888776592459025,2.2003948403934426,-1.1810499965245902,3.320813447796585,1.001279912616015e-08
2025-09-01 09:45:00,GEO01,GEO,42115510.81312613,74340.42647353187,2020177.8264419492,0.0001000004212,42115508.11969426,74337.74804206041,2020179.3170204104,9.998953390913601e-05,2.693431869286886,2.6784314714590165,-1.4905784612786883,4.08048949649675,1.0887290863980877e-08
2025-09-01 10:00:00,GEO01,GEO,42124881.202098526,69570.13404114544,1814508.1166905833,0.000100000432,42124878.004112445,69566.97757304292,1814509.9167975094,9.99886702173982e-05,3.1979860793278694,3.1564681025245904,-1.8001069260327869,4.840536209035238,1.1761782601801603e-08
2025-09-01 10:15:00,GEO01,GEO,42133544.42513423,63614.60719868168,1601025.7202781758,0.0001000004428,42133541.33961231,63611.54252561154,1601027.9385155495,9.998849048066129e-05,3.085521915445378,3.0646730701428573,-2.2182373737394956,4.881930311240346,1.1952319338710452e-08
2025-09-01 10:30:00,GEO01,GEO,42141351.439571455,56576.596588803455,1380649.8235425954,0.0001000004536,42141348.5614396,56573.71137717545,1380652.4766184143,9.998841596777068e-05,2.878131847882353,2.885211628,-2.6530758188235293,4.862807869180854,1.2037632229325168e-08
2025-09-01 10:45:00,GEO01,GEO,42148167.933017164,48577.475975792855,1154329.2940105344,0.0001000004644,42148165.26227538,48574.770225607,1154332.3819247982,9.998834145488006e-05,2.670741780319328,2.7057501858571427,-3.087914263907563,4.8978730308832015,1.2122945119939883e-08
2025-09-01 11:00:00,GEO01,GEO,42153876.63406632,39755.15412349813,923038.5948799956,0.0001000004752,42153874.17071461,39752.627834754414,923042.1176327046,9.998826694198945e-05,2.4633517127563027,2.526288743714286,-3.5227527089915966,4.985982664035701,1.2208258010554598e-08
2025-09-01 11:15:00,GEO01,GEO,42158379.32984671,30261.702203837223,687773.5892960901,0.000100000486,42158377.07388507,30259.355376535652,687777.5468872441,9.998819242909884e-05,2.2559616451932776,2.3468273015714285,-3.9575911540756303,5.1244013377956525,1.2293570901169314e-08
2025-09-01 11:30:00,GEO01,GEO,42161598.55567974,20260.737554362044,449547.2524855664,0.0001000004968,42161596.50710816,20258.570188502614,449551.64491516555,9.998811791620822e-05,2.048571577630252,2.167365859428571,-4.392429599159664,5.309195613354718,1.2378883791784029e-08
2025-09-01 11:45:00,GEO01,GEO,42163478.927787825,9924.608794962522,209385.3102122185,0.0001000005076,42163477.086606316,9922.620890545237,209390.13748026273,9.998804340331761e-05,1.8411815100672269,1.987904417285714,-4.827268044243698,5.535723087027915,1.2464196682398745e-08
2025-09-01 12:00:00,GEO01,GEO,42163988.09612047,-568.5692692025914,-31678.177667381067,0.0001000005184,42163986.46232903,-570.3777121777342,-31672.91556089174,9.998796889042699e-05,1.6337914425042017,1.808442975142857,-5.262106489327731,5.799095203302713,1.2549509573013458e-08
2025-09-01 12:15:00,GEO01,GEO,42163117.30090675,-11037.979946443811,-272605.2695320874,0.0001000005292,42163115.825118676,-11039.601656323977,-272600.13951147336,9.998915945382258e-05,1.4757880753,1.6217098801666665,-5.130020614016667,5.5789788383595615,1.1369746177426073e-08
2025-09-01 12:30:00,GEO01,GEO,42160881.52335891,-21303.215440694243,-512358.6110379996,0.00010000054,42160880.20204658,-21304.64989807566,-512353.65359785524,9.999044037981003e-05,1.32131232955,1.4344573814166666,-4.957440144391667,5.327264498459568,1.0099620189967109e-08
2025-09-01 12:45:00,GEO01,GEO,42157319.22793466,-31187.38059920259,-749905.9016316511,0.0001000005508,42157318.06109808,-31188.627804085256,-749901.1167719763,9.999172130579749e-05,1.1668365837999999,1.2472048826666666,-4.7848596747666665,5.0805422682869,8.829494202508147e-09
2025-09-01 13:00:00,GEO01,GEO,42152491.70059207,-40520.13622816652,-984224.3393032238,0.0001000005616,42152490.68823123,-40521.19618055044,-984219.7270240186,9.999300223178495e-05,1.01236083805,1.0599523839166667,-4.612279205141666,4.839575703382494,7.559368215049181e-09
2025-09-01 13:15:00,GEO01,GEO,42146481.99442197,-49140.62961956486,-1214305.0244420744,0.0001000005724,42146481.136536874,-49141.502319450025,-1214300.5847433389,9.999428315777241e-05,0.8578850923,0.8726998851666666,-4.439698735516667,4.605268372560799,6.289242227590218e-09
2025-09-01 13:30:00,GEO01,GEO,42139393.50079712,-56900.26187154651,-1439157.3038330365,0.0001000005832,42139392.79738778,-56900.94731893292,-1439153.0367147706,9.999556408375987e-05,0.70340934655,0.6854473864166666,-4.267118265891667,4.378689429894023,5.019116240131254e-09
2025-09-01 13:45:00,GEO01,GEO,42131348.17062026,-63665.24439372495,-1657813.0360896143,0.000100000594,42131347.62168666,-63665.742588612615,-1657808.941551818,9.999684500974732e-05,0.5489336007999999,0.49819488766666664,-4.094537796266667,4.161101537963325,3.74899025267229e-09
2025-09-01 14:00:00,GEO01,GEO,42122484.416272774,-69318.90061493963,-1869330.7601585041,0.0001000006048,42122484.02181492,-69319.21155732854,-1869326.8382011775,9.99981259357348e-05,0.39445785505,0.3109423889166667,-3.9219573266416665,3.9539893070965806,2.4788642652133255e-09
2025-09-01 14:15:00,GEO01,GEO,42112954.730359,-73763.67329448462,-2072799.7489472234,0.0001000006156,42112954.519304216,-73763.82403518983,-2072796.282541778,9.999883389768735e-05,0.21105478546666664,0.15074070521666666,-3.4664054455666666,3.4760945895835227,1.781702312649017e-09
2025-09-01 14:30:00,GEO01,GEO,42102923.06221349,-76922.80290341005,-2267343.930621191,0.0001000006264,42102923.03662801,-76922.79537463264,-2267340.9399798703,9.999950093363743e-05,0.02558547846666659,-0.007528777408333354,-2.9906413208166667,2.9907602392993136,1.1254663625771843e-09
2025-09-01 14:45:00,GEO01,GEO,42092561.997305915,-78741.64820040017,-2452125.6606864724,0.0001000006372,42092562.15718974,-78741.48240214014,-2452123.1458092765,0.0001000001679695875,-0.15988382853333338,-0.16579826003333337,-2.5148771960666663,2.5254027823206133,4.692304125053515e-10
2025-09-01 15:00:00,GEO01,GEO,42082049.78806928,-79188.62628332153,-2626349.328616774,0.000100000648,42082050.13342241,-79188.30221557888,-2626347.289503703,0.00010000083500553756,-0.34535313553333347,-0.32406774265833344,-2.0391130713166667,2.0933874002842527,-1.8700553756648126e-10
2025-09-01 15:15:00,GEO01,GEO,42071567.28723346,-78255.75594354048,-2789264.783495735,0.0001000006588,42071567.8180559,-78255.2736063152,-2789263.2201467883,0.00010000150204148764,-0.5308224425333334,-0.4823372252833334,-1.5633489465666663,1.7200237187673268,-8.43241487638314e-10
2025-09-01 15:30:00,GEO01,GEO,42061294.8364229,-75958.79497509077,-2940170.563924808,0.0001000006696,42061295.552714646,-75958.15436838286,-2940169.476339986,0.00010000216907743772,-0.7162917495333335,-0.6406067079083335,-1.0875848218166664,1.4513068487789433,-1.4994774377101468e-09
2025-09-01 15:45:00,GEO01,GEO,42051409.163547575,-72336.9690766409,-3078416.918289775,0.0001000006804,42051410.06530863,-72336.17020045037,-3078416.306469078,0.00010000283611338779,-0.9017610565333335,-0.7988761905333335,-0.6118206970666664,1.3511849378380099,-2.1557133877819795e-09
2025-09-01 16:00:00,GEO01,GEO,42042080.34236431,-67452.29700993001,-3203408.602381614,0.0001000006912,42042081.42959467,-67451.33986425685,-3203408.466325042,0.00010000350314933787,-1.0872303635333336,-0.9571456731583334,-0.13605657231666646,1.4548914371543684,-2.8119493378538124e-09
2025-09-01 16:15:00,GEO01,GEO,42033468.86651687,-61388.523625066504,-3314607.4423260563,0.000100000702,42033470.20063171,-61387.37805767427,-3314607.6365611255,0.00010000287599610928,-1.3341148332000001,-1.1455673922333334,0.19423506910000002,1.7691563809852497,-2.1739961092794847e-09
2025-09-01 16:30:00,GEO01,GEO,42025722.88839271,-54249.67910840735,-3411534.651786704,0.0001000007128,42025724.47377881,-54248.342965564865,-3411535.165922523,0.00010000215640079652,-1.5853861002,-1.3361428424833335,0.51413581885,2.1361325854102238,-1.4436007965161464e-09
2025-09-01 16:45:00,GEO01,GEO,42018975.67029956,-46158.28924059123,-3493772.8934645522,0.0001000007236,42018977.50695693,-46156.76252229849,-3493773.727501121,0.00010000143680548376,-1.8366573672000002,-1.5267182927333334,0.8340365686,2.5297818142319475,-7.132054837528079e-10
2025-09-01 17:00:00,GEO01,GEO,42013343.291812025,-37253.2674549222,-3560968.0760177784,0.0001000007344,42013345.37974066,-37251.55016117921,-3560969.2299550967,0.00010000071721017099,-2.0879286342,-1.7172937429833333,1.15393731835,2.939407272883901,1.7189829010530448e-11
2025-09-01 17:15:00,GEO01,GEO,42008922.652730905,-27687.524961511604,-3612830.878664849,0.0001000007452,42008924.991930805,-27685.61709231837,-3612832.352502917,9.999999761485824e-05,-2.3391999012,-1.9078691932333334,1.4738380680999998,3.3591694936760246,7.475851417738691e-10
2025-09-01 17:30:00,GEO01,GEO,42005789.806012705,-17625.34005295392,-3649137.996906479,0.000100000756,42005792.396483876,-17623.241608310436,-3649139.7906452967,9.999927801954547e-05,-2.5904711682,-2.0984446434833335,1.79373881785,3.7856980521036387,1.4779804545372075e-09
2025-09-01 17:45:00,GEO01,GEO,42003998.64934963,-7239.531849589199,-3669733.104002779,0.0001000007668,42004001.49109206,-7237.242829495465,-3669735.2176423464,9.99985584242327e-05,-2.8417424352,-2.2890200937333334,2.1136395676,4.216940274565872,2.208375767300546e-09
2025-09-01 18:00:00,GEO01,GEO,42003579.997910015,3291.512891828548,-3674527.5240657683,0.0001000007776,42003583.09092372,3293.9924873725313,-3674529.9576060856,9.999783882891994e-05,-3.0930137022000004,-2.4795955439833333,2.43354031735,4.651585353393711,2.938771080063884e-09
2025-09-01 18:15:00,GEO01,GEO,42004541.054192305,13786.908755625132,-3663500.6138691492,0.00010000078840000001,42004543.90068063,13789.155326990349,-3663503.001044726,9.999835909564573e-05,-2.8464883265,-2.246571365216667,2.3871755767166665,4.341449749333142,2.4293043542809873e-09
2025-09-01 18:30:00,GEO01,GEO,42006865.28411274,24066.38363178633,-3636699.851731377,0.00010000079920000001,42006867.84851878,24068.366921856425,-3636702.1663803924,9.999896792394569e-05,-2.56440604775,-1.9832900700916667,2.3146490153416663,3.9833676636839748,1.8312760543162165e-09
2025-09-01 18:45:00,GEO01,GEO,42010512.70145875,33953.38012905978,-3594240.6330893384,0.00010000081000000001,42010514.98378252,33955.10013783474,-3594242.8752117925,9.999957675224566e-05,-2.282323769,-1.7200087749666668,2.2421224539666667,3.632429637458406,1.2332477543514452e-09
2025-09-01 19:00:00,GEO01,GEO,42015420.5558145,43278.09307993576,-3536305.7736428217,0.00010000082080000001,42015422.556055985,43279.5498074156,-3536307.9432387142,0.00010000018558054562,-2.0002414902499996,-1.4567274798416667,2.1695958925916665,3.2909219539505985,6.352194543866745e-10
2025-09-01 19:15:00,GEO01,GEO,42021504.412123054,51880.39087999053,-3463144.7222090815,0.00010000083160000001,42021506.13028227,51881.58432617525,-3463146.819278413,0.00010000079440884558,-1.7181592115,-1.1934461847166666,2.0970693312166664,2.962108143165368,3.7191154421903216e-11
2025-09-01 19:30:00,GEO01,GEO,42028659.603312686,59612.57040236145,-3375072.486676693,0.00010000084240000001,42028661.03938962,59613.500567251045,-3375074.511219463,0.00010000140323714554,-1.4360769327499998,-0.9301648895916665,2.0245427698416667,2.6507163381855654,-5.608371455428673e-10
2025-09-01 19:45:00,GEO01,GEO,42036763.030996025,66341.89809211344,-3272468.277683196,0.00010000085320000001,42036764.18499068,66342.56497570791,-3272470.2296994044,0.00010000201206544552,-1.153994654,-0.6668835944666665,1.9520162084666666,2.363642246226349,-1.1588654455076385e-09
2025-09-01 20:00:00,GEO01,GEO,42045675.283262804,71952.89352288097,-3155773.875856411,0.00010000086400000001,42045676.15517518,71953.29712518031,-3155775.7553460584,0.00010000262089374548,-0.87191237525,-0.40360229934166636,1.8794896470916664,2.110830959521092,-1.7568937454724096e-09
2025-09-01 20:15:00,GEO01,GEO,42055243.03313142,76349.31612989306,-3025491.7296495466,0.00010000087480000001,42055243.63250931,76349.51134994814,-3025493.295085139,0.00010000200649018726,-0.5993778923333333,-0.19522005506666662,1.5654355923999999,1.6875880189403216,-1.1316901872605923e-09
2025-09-01 20:30:00,GEO01,GEO,42065301.67639651,79455.82093883306,-2882182.79196024,0.00010000088560000001,42065302.0039219,79455.81169800462,-2882184.0260898136,0.0001000013047129249,-0.3275253948333333,0.009240828433333403,1.2341295739,1.2768845219304137,-4.1911292489330514e-10
2025-09-01 20:45:00,GEO01,GEO,42075678.1634904,81219.25480573624,-2726464.1048483164,0.00010000089640000001,42075678.2191633,81219.0411040243,-2726465.0076718717,0.00010000060293566253,-0.05567289733333336,0.21370171193333343,0.9028235553999999,0.9294397588686542,2.9346433747398246e-10
2025-09-01 21:00:00,GEO01,GEO,42086193.9766392,81609.57086721063,-2559006.142751713,0.00010000090720000001,42086193.760459594,81609.15270461519,-2559006.7142692497,9.999990115840017e-05,0.2161796001666666,0.41816259543333345,0.5715175369000001,0.74042276486613,1.00604159984127e-09
2025-09-01 21:15:00,GEO01,GEO,42096668.201094374,80620.34546846896,-2380529.9256398263,0.00010000091800000001,42096667.71306228,80619.72284499003,-2380530.165851345,9.99991993811378e-05,0.48803209766666666,0.6226234789333335,0.2402115184,0.8267629034033926,1.7186188622085572e-09
2025-09-01 21:30:00,GEO01,GEO,42106920.63760182,78268.88867659867,-2191803.914534083,0.00010000092880000001,42106919.87771723,78268.06159223623,-2191803.823439583,9.999849760387544e-05,0.7598845951666667,0.8270843624333336,-0.09109450009999986,1.1268501890232931,2.4311961245758446e-09
2025-09-01 21:45:00,GEO01,GEO,42116774.90256177,74595.94647680223,-1993640.7027626666,0.00010000093960000001,42116773.87082468,74594.9149315563,-1993640.280362148,9.999779582661306e-05,1.0317370926666665,1.0315452459333336,-0.4224005185999997,1.5188776188045814,3.1437733869431323e-09
2025-09-01 22:00:00,GEO01,GEO,42126061.4625437,69664.99977587909,-1786893.5171957554,0.00010000095040000001,42126060.15895411,69663.76376974965,-1786892.7634892182,9.99970940493507e-05,1.3035895901666668,1.2360061294333335,-0.7537065371,1.948109472194759,3.856350649310419e-09
2025-09-01 22:15:00,GEO01,GEO,42134620.55095066,63561.172272572294,-1572452.544525832,0.00010000096120000001,42134618.976998694,63559.66608448553,-1572451.7440668729,9.999678570846474e-05,1.5739519700166666,1.5061880867666668,-0.8004589590000001,2.3209183315404576,4.175491535269599e-09
2025-09-01 22:30:00,GEO01,GEO,42142304.916654214,56389.765983723104,-1351241.0984109398,0.00010000097200000001,42142303.0724463,56387.98491931659,-1351240.2715248158,9.999650547017709e-05,1.8442079128916666,1.7810644065166668,-0.8268861240000001,2.6938882508739197,4.466529822913913e-09
2025-09-01 22:45:00,GEO01,GEO,42148982.35731255,48274.44962170161,-1124211.6439838763,0.00010000098280000001,42148980.242848694,48272.39368097534,-1124210.7906705874,9.999622523188945e-05,2.1144638557666666,2.055940726266667,-0.853313289,3.070178046376064,4.757568110558227e-09
2025-09-01 23:00:00,GEO01,GEO,42154537.99378826,39355.1309896037,-892341.6968445729,0.00010000099360000001,42154535.60906846,39352.80017255768,-892340.8171041189,9.999594499360181e-05,2.3847197986416666,2.330817046016667,-0.879740454,3.448701188337363,5.048606398202541e-09
2025-09-01 23:15:00,GEO01,GEO,42158876.246536456,29785.549998308532,-656629.6141932249,0.00010000100440000001,42158873.591560714,29782.944304942765,-656628.7080256059,9.999566475531417e-05,2.6549757415166666,2.605693365766667,-0.906167619,3.8287953533933523,5.3396446858468556e-09
2025-09-01 23:30:00,GEO01,GEO,42161922.47996164,19730.63371496834,-418090.29622621724,0.00010000101520000001,42161919.55472995,19727.753145282823,-418089.3636314332,9.999538451702652e-05,2.9252316843916666,2.880569685516667,-0.932594784,4.210035053491895,5.63068297349117e-09
2025-09-01 23:45:00,GEO01,GEO,42163624.28645331,9363.658946810989,-177750.81630325777,0.00010000102600000001,42163621.09096568,9360.503500805722,-177749.85728130877,9.999510427873888e-05,3.1954876272666666,3.1554460052666675,-0.959021949,4.5921349900489075,5.9217212611354836e-09
2025-09-02 00:00:00,GEO01,GEO,42163952.38800992,-1136.7288241563365,63354.00129923479,0.0001000010368,42163948.92226635,-1140.1591464813532,63354.98674834879,9.999482404045122e-05,3.465743570141666,3.4303223250166672,-0.9854491139999999,4.9748969540855255,6.212759548779798e-09
2025-09-02 00:15:00,GEO01,GEO,42162901.13993959,-11589.58887002943,304186.0370076585,0.0001000010476,42162898.03075883,-11592.652964179748,304186.91742357245,9.999714001699736e-05,3.1091807597333334,3.064094150316667,-0.88041591395,4.453179778566904,3.907583002638445e-09
2025-09-02 00:30:00,GEO01,GEO,42160488.627971746,-21814.79813289363,543708.3457592584,0.0001000010584,42160485.920126565,-21817.45020569107,543709.1117519462,9.99996414374602e-05,2.7078451812333335,2.652072797441667,-0.765992687825,3.8668670065390174,1.4169625397981158e-09
2025-09-02 00:45:00,GEO01,GEO,42156756.357108966,-31636.150073822588,780889.6217530923,0.0001000010692,42156754.05059937,-31638.390125267153,780890.273322554,0.00010000214285792304,2.3065096027333336,2.240051444566667,-0.6515694617,3.2806035702636063,-1.0736579230422127e-09
2025-09-02 01:00:00,GEO01,GEO,42151768.53757232,-40884.38614184968,1014708.6389201374,0.00010000108,42151766.63239829,-40886.21417194137,1014709.176066373,0.00010000464427838588,1.9051740242333335,1.8280300916916667,-0.537146235575,2.69442167396569,-3.5642783858825427e-09
2025-09-02 01:15:00,GEO01,GEO,42145610.980124384,-49400.107708942145,1244158.6479933553,0.0001000010908,42145609.47628594,-49401.52371768096,1244159.0707163648,0.00010000714569884872,1.5038384457333336,1.4160087388166667,-0.42272300944999996,2.1083893288454294,-6.0548988487228715e-09
2025-09-02 01:30:00,GEO01,GEO,42138389.61977542,-57036.518374592066,1468251.7112452856,0.0001000011016,42138388.517272554,-57037.52236197801,1468252.019545069,0.00010000964711931156,1.1025028672333335,1.0039873859416666,-0.30829978332499997,1.5226792176246264,-8.5455193115632e-09
2025-09-02 01:45:00,GEO01,GEO,42130228.69327034,-63661.94946070388,1686022.956229232,0.0001000011124,42130227.992103055,-63662.54142673695,1686023.1501057893,0.0001000121485397744,0.7011672887333336,0.5919660330666665,-0.19387655719999997,0.9378952343018193,-1.103613977440353e-08
2025-09-02 02:00:00,GEO01,GEO,42121268.60171169,-69162.12524807453,1896534.7302087925,0.0001000011232,42121268.30187998,-69162.30519275472,1896534.8096621237,0.00010001464996023724,0.29983171023333366,0.17994468019166687,-0.07945333107499997,0.35859723117955133,-1.3526760237243859e-08
2025-09-02 02:15:00,GEO01,GEO,42111663.4950899,-73442.12898355722,2098880.6373880785,0.000100001134,42111663.290103614,-73442.23441261044,2098880.70233022,0.00010001359851190472,0.20498628656666668,0.10542905321666667,-0.06494214129999999,0.23948307802260996,-1.2464511904710202e-08
2025-09-02 02:30:00,GEO01,GEO,42101578.62027672,-76428.0358338654,2292189.441559664,0.0001000011448,42101578.4882437,-76428.0908548435,2292189.4991271896,0.00010001229328722964,0.13203301681666668,0.05502097809166667,-0.05756752555,0.15418834442921991,-1.114848722964983e-08
2025-09-02 02:45:00,GEO01,GEO,42091187.478107125,-78068.18469338492,2475628.817366653,0.0001000011556,42091187.41902738,-78068.18930628788,2475628.867559563,0.00010001098806255458,0.05907974706666669,0.0046129029666666654,-0.0501929098,0.07765966508704586,-9.832462554589459e-09
2025-09-02 03:00:00,GEO01,GEO,42080668.83845975,-78334.0669652,2648408.9340271973,0.0001000011664,42080668.85233328,-78334.02117002785,2648408.976845491,0.00010000968283787953,-0.013873522683333306,-0.045795172158333314,-0.04281829405,0.06421120408471263,-8.516437879529089e-09
2025-09-02 03:15:00,GEO01,GEO,42070203.66468801,-77220.81702483073,2809785.8560910732,0.0001000011772,42070203.75151481,-77220.72082158344,2809785.8915347517,0.00010000837761320447,-0.0868267924333333,-0.09620324728333332,-0.035443678299999996,0.13435107369706137,-7.200413204468717e-09
2025-09-02 03:30:00,GEO01,GEO,42059972.00031479,-74747.29592889175,2959064.746585759,0.000100001188,42059972.16009485,-74747.14931756935,2959064.7746548215,0.00010000707238852941,-0.1597800621833333,-0.14661132240833333,-0.028069062549999996,0.21866051404418205,-5.884388529408345e-09
2025-09-02 03:45:00,GEO01,GEO,42050149.871551886,-70955.76692799851,3095602.858760327,0.0001000011988,42050150.10428522,-70955.56990860098,3095602.879454774,0.00010000576716385435,-0.2327333319333333,-0.19701939753333333,-0.020694446799999995,0.3056300164014437,-4.568363854347974e-09
2025-09-02 04:00:00,GEO01,GEO,42040906.25893344,-65911.16836723313,3218812.303545612,0.0001000012096,42040906.56462004,-65910.92093976047,3218812.316865443,0.00010000446193917929,-0.3056866016833332,-0.2474274726583333,-0.013319831050000001,0.39349977201263486,-3.252339179287604e-09
2025-09-02 04:15:00,GEO01,GEO,42032400.190163806,-59699.99648252316,3328162.580814921,0.0001000012204,42032400.46913889,-59699.75769614807,3328162.5746714245,0.00010000386976724087,-0.2789750808,-0.2387863750833333,0.006143496416666665,0.36726525997026516,-2.6493672408641225e-09
2025-09-02 04:30:00,GEO01,GEO,42024778.00419459,-52428.817313672975,3423182.8635464637,0.0001000012312,42024778.24933923,-52428.59138619352,3423182.8370761606,0.00010000332852764077,-0.2451446463,-0.2259274794583333,0.02647030329166666,0.3344245812441133,-2.097327640771848e-09
2025-09-02 04:45:00,GEO01,GEO,42018170.8335995,-44222.43333543651,3503464.0250526234,0.000100001242,42018171.04491371,-44222.22026685267,3503463.978255513,0.00010000278728804068,-0.21131421179999998,-0.21306858383333332,0.046797110166666656,0.3037134950003845,-1.5452880406795734e-09
2025-09-02 05:00:00,GEO01,GEO,42012692.3485612,-35221.73634728417,3568660.4005475244,0.0001000012528,42012692.52604497,-35221.53613759596,3568660.3334236075,0.0001000022460484406,-0.1774837773,-0.20020968820833332,0.06712391704166665,0.27584421454177827,-9.93248440587299e-10
2025-09-02 05:15:00,GEO01,GEO,42008436.80128188,-25581.2835617885,3618491.2754680878,0.0001000012636,42008436.94493522,-25581.096210995915,3618491.1880173637,0.0001000017048088405,-0.1436533428,-0.18735079258333331,0.08745072391666665,0.25176225192186086,-4.412088404950245e-10
2025-09-02 05:30:00,GEO01,GEO,42005477.40446222,-15466.638592308387,3652742.0941403997,0.0001000012744,42005477.514285125,-15466.46410041143,3652741.986362869,0.00010000116356924041,-0.10982290830000002,-0.17449189695833334,0.10777753079166665,0.232646705188654,1.1083075959725004e-10
2025-09-02 05:45:00,GEO01,GEO,42003865.07174534,-5051.523085508263,3671265.3835872323,0.0001000012852,42003865.147737816,-5051.36145250693,3671265.255482895,0.00010000062232964031,-0.07599247380000002,-0.1616330013333333,0.12810433766666665,0.21979718952543584,6.628703596895242e-10
2025-09-02 06:00:00,GEO01,GEO,42003627.54179513,5485.17199712561,3673981.388499118,0.000100001296,42003627.583957165,5485.320771231318,3673981.2400679733,0.00010000008109004022,-0.04216203930000001,-0.14877410570833333,0.14843114454166667,0.21434359509254813,1.2149099597817988e-09
2025-09-02 06:15:00,GEO01,GEO,42004768.90107838,15962.464031002019,3660878.414634983,0.0001000013068,42004768.37431493,15961.988370649835,3660877.1554168854,9.999986581336167e-05,0.5267634567499999,0.47566035218333336,1.2592180978333332,1.4454628075178482,1.4409866383296408e-09
2025-09-02 06:30:00,GEO01,GEO,42007269.513561055,26200.392365586013,3632012.879173778,0.0001000013176,42007268.379651025,26199.248586807204,3632010.4312787163,9.999967381974896e-05,1.133910028625,1.1437787788083333,2.447895061583333,2.9302170705244177,1.6437802510528801e-09
2025-09-02 06:45:00,GEO01,GEO,42011086.35852781,36023.11437908001,3587509.067800306,0.0001000013284,42011084.61747121,36021.302481874576,3587505.4312282805,9.999948182613623e-05,1.7410566004999999,1.8118972054333333,3.6365720253333333,4.420283437138248,1.8465738637761192e-09
2025-09-02 07:00:00,GEO01,GEO,42016153.77071327,45261.93068645522,3527558.5995711507,0.0001000013392,42016151.422510095,45259.450670823164,3527553.7743221615,9.99992898325235e-05,2.348203172375,2.4800156320583335,4.825248989083334,5.911646427236278,2.0493674764993587e-09
2025-09-02 07:15:00,GEO01,GEO,42022384.570011504,53758.187454724684,3452419.6018648255,0.00010000135,42022381.61466176,53755.039320666,3452413.5879388726,9.999909783891078e-05,2.95534974425,3.1481340586833335,6.0139259528333335,7.403522508133737,2.252161089222598e-09
2025-09-02 07:30:00,GEO01,GEO,42029671.56132836,61366.00589389168,3362415.5989685534,0.0001000013608,42029667.99883204,61362.18964140637,3362408.396365637,9.999890584529806e-05,3.562496316125,3.8162524853083335,7.202602916583333,8.895653534620205,2.4549547019458373e-09
2025-09-02 07:45:00,GEO01,GEO,42037889.37877279,67954.7919652164,3257934.1190870246,0.0001000013716,42037885.2091299,67950.30759430447,3257925.727807144,9.999871385168534e-05,4.169642887999999,4.484370911933333,8.391279880333332,10.387929645474586,2.6577483146690768e-09
2025-09-02 08:00:00,GEO01,GEO,42046896.64245993,73411.48312968761,3139425.025770969,0.0001000013824,42046891.86567047,73406.33064034904,3139415.4458141252,9.999852185807261e-05,4.776789459874999,5.152489338558333,9.579956844083332,11.88029616896941,2.8605419273923163e-09
2025-09-02 08:15:00,GEO01,GEO,42056538.39081988,77642.49348307401,3007398.5809498057,0.0001000013932,42056534.216212064,77637.99060182324,3007390.2074913434,9.999758068869015e-05,4.174607810366666,4.5028812507666665,8.373458462333334,10.383549323295098,3.812511309852009e-09
2025-09-02 08:30:00,GEO01,GEO,42066648.74656675,80575.32381437719,2862423.247908354,0.000100001404,42066645.26052117,80571.56466453667,2862416.2520322264,9.999658600675271e-05,3.4860455736166664,3.7591498405166663,6.995876127333334,8.673292572822692,4.817993247292877e-09
2025-09-02 08:45:00,GEO01,GEO,42077053.77046229,82159.8088867329,2705123.2436673203,0.0001000014148,42077050.97297895,82156.79346830264,2705117.625373528,9.999559132481527e-05,2.7974833368666663,3.0154184302666662,5.618293792333334,6.963037158209757,5.823475184733744e-09
2025-09-02 09:00:00,GEO01,GEO,42087574.453778,82368.9804835096,2536175.851306122,0.0001000014256,42087572.344856896,82366.70879648958,2536171.6105946642,9.999459664287784e-05,2.1089211001166666,2.2716870200166666,4.240711457333334,5.252784384284939,6.828957122174612e-09
2025-09-02 09:15:00,GEO01,GEO,42098029.79797301,81199.53137132153,2356308.5038004424,0.0001000014364,42098028.37761414,81198.00341571176,2356305.6406713203,9.99936019609404e-05,1.4203588633666664,1.5279556097666664,2.8631291223333335,3.5425380756337566,7.83443905961548e-09
2025-09-02 09:30:00,GEO01,GEO,42108239.928604856,78671.87219755724,2166295.6519304677,0.0001000014472,42108239.19680823,78671.08797335773,2166294.1663836804,9.999260727900295e-05,0.7317966266166662,0.7842241995166663,1.485546787333334,1.8323163360051882,8.839920997056348e-09
2025-09-02 09:45:00,GEO01,GEO,42118029.18990117,74829.78034505248,1966955.4297456166,0.000100001458,42118029.14666678,74829.73985226321,1966955.3217811643,9.999161259706551e-05,0.043234389866666945,0.04049278926666666,0.1079644523333343,0.12314707230533108,9.845402934497216e-09
2025-09-02 10:00:00,GEO01,GEO,42127229.166753136,69739.6467820257,1759146.131943261,0.0001000014688,42127229.81208098,69740.35002064669,1759147.4015611436,9.999061791512806e-05,-0.6453278468833332,-0.7032386209833339,-1.2696178826666653,1.588370912599638,1.0850884871938083e-08
2025-09-02 10:15:00,GEO01,GEO,42135681.58213996,63489.33386868611,1543762.5183285656,0.00010000147960000001,42135682.05644846,63489.873684704195,1543764.1868227418,9.999059137549387e-05,-0.47430850039999994,-0.5398160180833333,-1.6684941760666665,1.8166570128946815,1.0888224506134841e-08
2025-09-02 10:30:00,GEO01,GEO,42143241.02013725,56186.66376632638,1321731.9612674222,0.00010000149040000001,42143241.26202772,56186.975363026344,1321733.9587303172,9.999063398888134e-05,-0.24189046939999997,-0.3115966999583333,-1.9974628950666666,2.0360406478701707,1.0856411118671305e-08
2025-09-02 10:45:00,GEO01,GEO,42149777.427662015,47957.563458610326,1094010.4527201587,0.00010000150120000001,42149777.43713445,47957.64683599216,1094012.7791517728,9.99906766022688e-05,-0.009472438400000005,-0.08337738183333321,-2.3264316140666668,2.327944494574443,1.0824597731207768e-08
2025-09-02 11:00:00,GEO01,GEO,42155178.35191446,38943.89829509519,861578.4880485061,0.00010000151200000001,42155178.128968865,38943.7534531589,861581.1434488392,9.999071921565627e-05,0.22294559260000002,0.14484193629166675,-2.655400333066667,2.668676610722822,1.0792784343744231e-08
2025-09-02 11:15:00,GEO01,GEO,42159350.875023335,29301.031330559403,625436.844318882,0.00010000152280000001,42159350.41965971,29300.658269304986,625439.8286879341,9.999076182904372e-05,0.45536362360000004,0.3730612544166668,-2.9843690520666666,3.0418726745507207,1.0760970956280694e-08
2025-09-02 11:30:00,GEO01,GEO,42162223.21261109,19195.150448813103,386602.27127910504,0.00010000153360000001,42162222.52482943,19194.549168240563,386605.5846168761,9.999080444243119e-05,0.6877816546,0.6012805725416669,-3.3133377710666667,3.4369738312209153,1.0729157568817157e-08
2025-09-02 11:45:00,GEO01,GEO,42163745.948776945,8800.409255525563,146103.11356198866,0.00010000154440000001,42163745.02857726,8799.579755634897,146106.75586847874,9.999084705581866e-05,0.9201996855999999,0.829499890666667,-3.642306490066667,3.8472372031856983,1.0697344181353622e-08
2025-09-02 12:00:00,GEO01,GEO,42163892.88625139,-1704.0690721974242,-95025.11703496284,0.00010000155520000001,42163891.733633675,-1705.126791406216,-95021.14575975377,9.999088966920611e-05,1.1526177166,1.0577192087916671,-3.9712752090666665,4.268292903657687,1.0665530793890085e-08
2025-09-02 12:15:00,GEO01,GEO,42162661.49709566,-12137.27343187388,-335744.2001293585,0.00010000156600000001,42162660.5179372,-12138.162843437796,-335740.48936892726,9.999189702499714e-05,0.97915846425,0.8894115639166666,-3.7107604312499998,3.939485652502341,9.668975002866817e-09
2025-09-02 12:30:00,GEO01,GEO,42160072.96619256,-22319.418923635967,-575017.6769959523,0.00010000157680000001,42160072.18948458,-22320.11170420051,-575014.2688562629,9.999297329095984e-05,0.7767079773750001,0.6927805645416667,-3.408139689375,3.563514604294159,8.60350904016071e-09
2025-09-02 12:45:00,GEO01,GEO,42156171.826780386,-32075.03988024406,-811815.3132236452,0.00010000158760000001,42156171.25252289,-32075.536029809227,-811812.2077046977,9.999404955692255e-05,0.5742574905,0.49614956516666664,-3.1055189475,3.1969022490047982,7.538043077454603e-09
2025-09-02 13:00:00,GEO01,GEO,42151025.19430014,-41236.00859103724,-1045117.5345724998,0.00010000159840000001,42151024.822493136,-41236.30810960304,-1045114.7316742942,9.999512582288527e-05,0.37180700362499997,0.2995185657916666,-2.8028982056249996,2.843271033562284,6.4725771147484975e-09
2025-09-02 13:15:00,GEO01,GEO,42144721.61173709,-49644.427781283855,-1273919.8169315641,0.00010000160920000001,42144721.44238057,-49644.530668850275,-1273917.3166541003,9.999620208884797e-05,0.16935651674999996,0.10288756641666663,-2.50027746375,2.508117795643771,5.407111152042391e-09
2025-09-02 13:30:00,GEO01,GEO,42137369.52632149,-57155.34708753042,-1497237.011475689,0.00010000162000000001,42137369.55941546,-57155.25334409746,-1497234.8138189672,9.999727835481068e-05,-0.03309397012499993,-0.09374343295833332,-2.197656721875,2.199904113656734,4.341645189336284e-09
2025-09-02 13:45:00,GEO01,GEO,42129095.423795246,-63639.256793465465,-1714107.5863985575,0.00010000163080000001,42129095.6593397,-63638.96641903313,-1714105.6913625775,9.999835462077338e-05,-0.23554445700000004,-0.2903744323333335,-1.8950359799999998,1.9315692759181304,3.276179226630178e-09
2025-09-02 14:00:00,GEO01,GEO,42120041.65234299,-68984.31592273712,-1923597.766958538,0.00010000164160000001,42120042.09033793,-68983.8289173054,-1923596.1745433,9.999943088673608e-05,-0.43799494387499993,-0.48700543170833344,-1.592415238125,1.721859504136788,2.210713263924071e-09
2025-09-02 14:15:00,GEO01,GEO,42110363.97362455,-73098.2763595134,-2124805.5560114817,0.00010000165240000001,42110364.27893851,-73097.93091322645,-2124804.4174768263,0.00010000038369415368,-0.3053139603,-0.34544628695000007,-1.1385346551166666,1.2283366445821107,1.2687058463291962e-09
2025-09-02 14:30:00,GEO01,GEO,42100228.88304111,-75910.0698902458,-2316864.6177194915,0.00010000166320000001,42100229.03173613,-75909.89015954247,-2316863.9438696937,0.00010000132768310376,-0.14869501455,-0.17973070332500007,-0.6738497977416668,0.7130826620990087,3.355168962422666e-10
2025-09-02 14:45:00,GEO01,GEO,42089810.745337486,-77371.03086629137,-2498948.0077136145,0.00010000167400000001,42089810.737413555,-77371.01685117168,-2498947.798548674,0.00010000227167205385,0.007923931200000012,-0.014015119700000078,-0.20916494036666688,0.209783661290528,-5.976720538446631e-10
2025-09-02 15:00:00,GEO01,GEO,42079288.79481956,-77455.73345084116,-2670271.733649513,0.00010000168480000001,42079288.63027669,-77455.88515130509,-2670271.9891694305,0.00010000321566100395,0.16454287695000003,0.15170046392499992,0.2555199170083331,0.339673103289013,-1.5308610039315931e-09
2025-09-02 15:15:00,GEO01,GEO,42068844.05179562,-76162.42904665321,-2830098.130825657,0.00010000169560000001,42068843.730633795,-76162.74646270076,-2830098.851030431,0.00010000415964995402,0.32116182270000004,0.31741604754999986,0.7202047743833329,0.8500545750990329,-2.4640499540185224e-09
2025-09-02 15:30:00,GEO01,GEO,42058656.208290935,-73513.07637899742,-2977739.0383295533,0.00010000170640000001,42058655.73051017,-73513.55951062859,-2977740.223219185,0.00010000510363890412,0.47778076845000006,0.4831316311749999,1.1848896317583328,1.3658894813237585,-3.3972389041054527e-09
2025-09-02 15:45:00,GEO01,GEO,42048900.5366146,-69552.96371664107,-3112558.762036674,0.0001000017172,42048899.902214885,-69553.61256385587,-3112560.4116111635,0.00010000604762785419,0.6343997142,0.6488472148,1.6495744891333328,1.8827006402320723,-4.330427854192383e-09
2025-09-02 16:00:00,GEO01,GEO,42039744.87396305,-64349.92972872406,-3233976.8117043204,0.000100001728,42039744.08294439,-64350.74429152249,-3233978.9259636668,0.00010000699161680427,0.79101865995,0.8145627984249999,2.114259346508333,2.399857424361894,-5.263616804279312e-09
2025-09-02 16:15:00,GEO01,GEO,42031346.73493806,-57993.19638494216,-3341470.400375335,0.0001000017388,42031345.87708604,-57994.11622057016,-3341472.652538946,0.00010000687195546233,0.8578520194833333,0.919835628,2.2521636108166665,2.579583028273475,-5.133155462336548e-09
2025-09-02 16:30:00,GEO01,GEO,42023850.601655126,-50591.83397375047,-3434576.6953301383,0.0001000017496,42023849.683383,-50592.85476486847,-3434579.0620565424,0.00010000667631909954,0.9182721228583334,1.020791118,2.3667264041916667,2.736171060168654,-4.926719099534518e-09
2025-09-02 16:45:00,GEO01,GEO,42017385.43806373,-42272.88465106487,-3512894.810895106,0.0001000017604,42017384.45937151,-42274.00639767287,-3512897.2921843035,0.00010000648068273673,0.9786922262333333,1.121746608,2.4812891975666664,2.893605019385005,-4.72028273673249e-09
2025-09-02 17:00:00,GEO01,GEO,42012062.47124303,-33179.17679788917,-3576087.5345269768,0.0001000017712,42012061.4321307,-33180.39949998717,-3576090.1303789676,0.00010000628504637393,1.0391123296083333,1.222702098,2.5958519909416666,3.0517539895727954,-4.513846373930461e-09
2025-09-02 17:15:00,GEO01,GEO,42007973.27784404,-23466.867791853845,-3623882.7787413,0.000100001782,42007972.17831161,-23468.191449441845,-3623885.4891560846,0.00010000608941001112,1.0995324329833334,1.323657588,2.710414784316667,3.210512308728093,-4.3074100111284315e-09
2025-09-02 17:30:00,GEO01,GEO,42005188.20859872,-13302.75746537,-3656074.752633364,0.0001000017928,42005187.04864618,-13304.182078447999,-3656077.5776109416,0.00010000589377364833,1.1599525363583334,1.424613078,2.8249775776916666,3.3697938546850965,-4.100973648326403e-09
2025-09-02 17:45:00,GEO01,GEO,42003755.17800155,-2861.4184703852516,-3672524.8479474653,0.0001000018036,42003753.95762891,-2862.9440389532515,-3672527.7874878366,0.00010000569813728552,1.2203726397333332,1.525568568,2.9395403710666668,3.5295277911655596,-3.894537285524374e-09
2025-09-02 18:00:00,GEO01,GEO,42003698.83998537,7677.807081040926,-3673162.235879337,0.0001000018144,42003697.55919263,7676.180556982927,-3673165.2899825014,0.00010000550250092272,1.2807927431083332,1.626524058,3.054103164441667,3.6896553634593516,-3.688100922722345e-09
2025-09-02 18:15:00,GEO01,GEO,42005020.16377344,18133.893029816914,-3657984.172042143,0.0001000018252,42005018.84212883,18132.25326716508,-3657987.063497346,0.00010000559496248716,1.3216446091,1.6397626518333333,2.8914552027833333,3.5771607759245856,-3.769762487153696e-09
2025-09-02 18:30:00,GEO01,GEO,42007696.41720492,28327.24355654791,-3627056.0082829134,0.000100001836,42007695.05610617,28325.596820794828,-3627058.7172893863,0.00010000570800247495,1.36109874385,1.6467357530833333,2.7090064729083334,3.4500789123224744,-3.8720024749588596e-09
2025-09-02 18:45:00,GEO01,GEO,42011681.55782049,38082.78295873478,-3580510.911298581,0.0001000018468,42011680.157267615,38081.12924988045,-3580513.437856324,0.00010000582104246277,1.4005528785999999,1.6537088543333334,2.5265577430333335,3.328632657644412,-3.974242462764023e-09
2025-09-02 19:00:00,GEO01,GEO,42016907.02497973,47232.96766548045,-3518549.289263128,0.0001000018576,42016905.58497272,47231.30698352487,-3518551.633372141,0.00010000593408245056,1.44000701335,1.6606819555833334,2.3441090131583335,3.213461034720572,-4.076482450569187e-09
2025-09-02 19:15:00,GEO01,GEO,42023282.919383,55620.66866773553,-3441437.928934641,0.0001000018684,42023281.43992185,55619.0010126787,-3441440.0905949245,0.00010000604712243837,1.4794611481,1.6676550568333333,2.161660283283333,3.105262284839034,-4.17872243837435e-09
2025-09-02 19:30:00,GEO01,GEO,42030699.54970477,63101.87477579713,-3349508.8469575862,0.0001000018792,42030698.03078949,63100.20014763904,-3349510.8261691397,0.00010000616016242619,1.51891528285,1.6746281580833333,1.9792115534083332,3.004789755950639,-4.280962426179514e-09
2025-09-02 19:45:00,GEO01,GEO,42039029.319730446,69548.1701980643,-3243157.8603062197,0.00010000189,42039027.761361025,69546.48859680496,-3243159.6570690433,0.00010000627320241398,1.5583694176,1.6816012593333334,1.7967628235333333,2.912843058102151,-4.383202413984677e-09
2025-09-02 20:00:00,GEO01,GEO,42048128.92353,74848.94381362572,-3122842.882024396,0.0001000019008,42048127.325706445,74847.25523926514,-3122844.49633849,0.0001000063862424018,1.59782355235,1.6885743605833334,1.6143140936583333,2.8302532516804413,-4.4854424017898415e-09
2025-09-02 20:15:00,GEO01,GEO,42057841.810902536,78913.29213442281,-2989081.9495996786,0.0001000019116,42057840.31724212,78911.6338970675,-2989083.3520534304,0.00010000490907480744,1.4936604163333334,1.6582373553166667,1.4024537516,2.6358393523250983,-2.9974748074438445e-09
2025-09-02 20:30:00,GEO01,GEO,42068000.880676314,81671.5832136944,-2842450.9944610414,0.0001000019224,42067999.50143741,81669.95797835196,-2842452.1829536217,0.00010000331832095724,1.3792389038333335,1.6252353424416668,1.1884925801,2.4405336476110326,-1.3959209572299072e-09
2025-09-02 20:45:00,GEO01,GEO,42078431.355528116,83076.65459939092,-2683581.3622038965,0.0001000019332,42078430.09071072,83075.06236606136,-2683582.336735305,0.00010000172756710702,1.2648173913333334,1.5922333295666666,0.9745314086,2.2549238292124443,2.056328929840301e-10
2025-09-02 21:00:00,GEO01,GEO,42088953.78886394,83104.62471969053,-2513157.0942195994,0.000100001944,42088952.638468064,83103.06548837385,-2513157.8547898363,0.0001000001368132568,1.1503958788333333,1.5592313166916667,0.7605702371,2.08160516490306,1.8071867431979669e-09
2025-09-02 21:15:00,GEO01,GEO,42099387.15202979,81755.30374322832,-2331911.9824338895,0.0001000019548,42099386.11605542,81753.7775139245,-2331912.529042955,9.99985460594066e-05,1.0359743663333334,1.5262293038166668,0.5466090656,1.9239023483858435,3.4087405934119044e-09
2025-09-02 21:30:00,GEO01,GEO,42109551.94874066,79052.1968449466,-2140626.409835513,0.0001000019656,42109551.02718781,79050.70361765566,-2140626.7424834073,9.999695530555638e-05,0.9215528538333334,1.4932272909416668,0.33264789409999995,1.785956893732465,5.010294443625841e-09
2025-09-02 21:45:00,GEO01,GEO,42119273.30314631,75042.09982163087,-1940123.9903988326,0.0001000019764,42119272.49601497,75040.6395963528,-1940124.1090855552,9.999536455170616e-05,0.8071313413333334,1.4602252780666667,0.11868672260000013,1.6726641632404722,6.611848293839779e-09
2025-09-02 22:00:00,GEO01,GEO,42128383.96840685,69794.29401353374,-1731268.0228677003,0.0001000019872,42128383.27569702,69792.86679026856,-1731267.9275932515,9.999377379785595e-05,0.6927098288333334,1.4272232651916668,-0.09527444889999992,1.5893049978779616,8.213402144053713e-09
2025-09-02 22:15:00,GEO01,GEO,42136727.20401837,63399.35438450426,-1514957.7736695188,0.000100001998,42136726.3325156,63397.80935446561,-1514957.4663636507,9.99933930455377e-05,0.87150277435,1.5450300386500002,-0.30730586798333337,1.8002976983064656,8.604954462307832e-09
2025-09-02 22:30:00,GEO01,GEO,42144159.47238685,55967.59126326442,-1292124.6049641117,0.0001000020088,42144158.40114724,55965.917654396144,-1292124.085764664,9.99930987219003e-05,1.0712396097249999,1.673608868275,-0.5191994476083333,2.053798678500231,8.910078099707674e-09
2025-09-02 22:45:00,GEO01,GEO,42150552.908258304,47627.15255844407,-1063727.9644986386,0.0001000020196,42150551.63728186,47625.35037074617,-1063727.2334056115,9.99928043982629e-05,1.2709764451,1.8021876979,-0.7310930272333334,2.323307693124252,9.215201737107519e-09
2025-09-02 23:00:00,GEO01,GEO,42155797.51852102,38521.8190924786,-830751.2545351165,0.0001000020304,42155796.04780774,38519.88832595108,-830750.3115485096,9.99925100746255e-05,1.470713280475,1.930766527525,-0.9429866068583334,2.603858805290847,9.520325374507365e-09
2025-09-02 23:15:00,GEO01,GEO,42159803.07453421,28808.53098769579,-594197.5976374703,0.0001000020412,42159801.404084094,28806.47164233864,-594196.4427572839,9.99922157509881e-05,1.67045011585,2.05934535715,-1.1548801864833333,2.8922405042959896,9.825449011907208e-09
2025-09-02 23:30:00,GEO01,GEO,42162500.66442757,18654.687657819595,-355085.51754932106,0.000100002052,42162498.794240616,18652.49973363282,-355084.15077555494,9.999192142735069e-05,1.870186951225,2.187924186775,-1.3667737661083332,3.1863273540754196,1.0130572649307053e-08
2025-09-02 23:45:00,GEO01,GEO,42163843.8786655,8235.267857547151,-114444.55375932592,0.0001000020628,42163841.80874171,8232.95135453075,-114442.97509198019,9.99916271037133e-05,2.0699237866,2.3165030164,-1.5786673457333333,3.484675206645163,1.0435696286706897e-08
2025-09-03 00:00:00,GEO01,GEO,42163809.60847986,-2270.1806633465458,126689.1713638216,0.0001000020736,42163807.338819236,-2272.625745192571,126690.96192474697,9.99913327800759e-05,2.269660621975,2.4450818460250003,-1.7905609253583332,3.7862769312512072,1.074081992410674e-08
2025-09-03 00:15:00,GEO01,GEO,42162398.44343473,-12680.63011155976,367277.4137800535,0.0001000020844,42162396.222228974,-12682.989922233448,367278.9702397041,9.999514070318074e-05,2.221205752798165,2.3598106736880737,-1.5564596506238533,3.5951395043775354,6.9436968192677e-09
2025-09-03 00:30:00,GEO01,GEO,42159634.661283456,-22816.687063840218,606284.2781218865,0.0001000020952,42159632.50626055,-22818.94632834143,606285.5686234871,9.999924164391002e-05,2.1550229047247704,2.259264501211009,-1.2905016005779815,3.378430728521002,2.8535560899830262e-09
2025-09-03 00:45:00,GEO01,GEO,42155565.81029268,-32503.678763499483,842680.6779257542,0.000100002106,42155563.72145262,-32505.837481828217,842681.7024693048,0.00010000334258463931,2.0888400566513763,2.158718328733945,-1.02454355053211,3.173800102719159,-1.2365846393016485e-09
2025-09-03 01:00:00,GEO01,GEO,42150261.89121877,-41574.65820189193,1075448.766546331,0.0001000021168,42150259.86856156,-41576.716374048185,1075449.5251318316,0.00010000744352536859,2.0226572085779817,2.0581721562568807,-0.7585855004862385,2.9837336961852894,-5.326725368586324e-09
2025-09-03 01:15:00,GEO01,GEO,42143814.15301025,-49873.276285704225,1303586.3196759208,0.0001000021276,42143812.196535885,-49875.233911688,1303586.8123033713,0.00010001154446609787,1.9564743605045871,1.9576259837798167,-0.49262745044036693,2.811187155030612,-9.416866097870999e-09
2025-09-03 01:30:00,GEO01,GEO,42136333.52295487,-57256.471676910296,1526111.0505990023,0.0001000021384,42136331.632663354,-57258.328756721596,1526111.2772684027,0.00010001564540682717,1.8902915124311925,1.8570798113027522,-0.22666940039449535,2.659572605625361,-1.3507006827155671e-08
2025-09-03 01:45:00,GEO01,GEO,42127948.69827938,-63596.9320298098,1742064.839602,0.0001000021492,42127946.87417071,-63598.68856344863,1742064.8003133505,0.00010001974634755645,1.8241086643577982,1.756533638825688,0.03928864965137624,2.5326520569756186,-1.7597147556440347e-08
2025-09-03 02:00:00,GEO01,GEO,42118803.932033844,-68785.28428012878,1950517.8593277328,0.00010000216000000001,42118803.06868788,-68785.50257911725,1950518.0171981812,0.00010001348534918127,0.8633459678571429,0.21829898847619034,-0.15787044842857145,0.9044024475154592,-1.1325349181272281e-08
2025-09-03 02:15:00,GEO01,GEO,42109056.55135287,-72731.97630751505,2150572.5783120515,0.00010000217080000001,42109056.986525655,-72730.7168686392,2150572.784996548,0.0001000040861111293,-0.43517277857142855,-1.2594388758571429,-0.2066844968571429,1.3484361721902047,-1.9153111292937006e-09
2025-09-03 02:30:00,GEO01,GEO,42098874.250789165,-75368.817594897,2341367.6254648566,0.00010000218160000001,42098874.95472304,-75368.2392022,2341367.178258315,0.00010000206878326597,-0.70393387,-0.578392697,0.4472065413333333,1.0149161028811362,1.1281673403538392e-10
2025-09-03 02:45:00,GEO01,GEO,42088432.20728549,-76650.15238371491,2522081.49885613,0.00010000219240000001,42088432.2194786,-76649.96539003258,2522081.3700655946,0.00010000275381916575,-0.012193106333333328,-0.18699368233333336,0.12879053566666665,0.22738142217855553,-5.614191657438784e-10
2025-09-03 03:00:00,GEO01,GEO,42077910.06641908,-76553.64513776451,2691936.10283828,0.00010000220320000001,42077910.16948298,-76553.40863468376,2691937.123956085,0.00010000214287726188,-0.10306390024999998,-0.23650308075000004,-1.021117805125,1.0532034213210097,6.032273813072376e-11
2025-09-03 03:15:00,GEO01,GEO,42067488.8517673,-75080.66480563208,2850200.098275028,0.00010000221400000001,42067489.36031633,-75080.25996864052,2850200.686230037,0.00010000220665832765,-0.508549027857143,-0.40483699157142855,-0.5879550087142857,0.8764737279298598,7.341672351210385e-12
2025-09-03 03:30:00,GEO01,GEO,42057347.85056619,-72256.26126909629,2996192.0514517957,0.00010000222480000001,42057349.91192576,-72254.72798206001,2996189.8615885214,0.00010000215136880392,-2.061359570769231,-1.5332870362692308,2.1898632741153845,3.3757478541669164,7.343119608843118e-11
2025-09-03 03:45:00,GEO01,GEO,42047661.52924113,-68128.7343833223,3129283.368109513,0.00010000223560000001,42047663.39171315,-68127.01442774122,3129285.222983618,0.00010000207293651473,-1.862472023076923,-1.7199555810769231,-1.8548741045384616,3.1412747701067576,1.626634852732789e-10
2025-09-03 04:00:00,GEO01,GEO,42038596.531874955,-62768.80302295461,3248900.9999687066,0.00010000224640000001,42038597.21050688,-62768.50320170861,3248900.7247527805,0.00010000214692400074,-0.6786319266666667,-0.299821246,0.27521592633333336,0.7913140195597569,9.947599927057984e-11
2025-09-03 04:15:00,GEO01,GEO,42030308.813252285,-56268.388430297375,3354529.9120905623,0.00010000225720000001,42030310.80257374,-56266.98738761271,3354530.2032528617,0.0001000017478515994,-1.989321455,-1.4010426846666666,-0.29116229966666674,2.450529726473131,5.093484006192044e-10
2025-09-03 04:30:00,GEO01,GEO,42022940.955803156,-48739.03279541619,3445715.30045125,0.00010000226800000001,42022942.04559658,-48738.21646559686,3445715.8049617377,0.0001000019830016329,-1.0897934249999999,-0.8163298193333334,-0.5045104876666666,1.452093287386069,2.8499836710368476e-10
2025-09-03 04:45:00,GEO01,GEO,42016619.71660555,-40309.980278126895,3522064.550181326,0.00010000227880000001,42016620.38773083,-40309.42314062023,3522064.487787088,0.00010000230061303374,-0.6711252753333332,-0.5571375066666666,0.062394238000000005,0.8744737717402352,-2.181303373549178e-11
2025-09-03 05:00:00,GEO01,GEO,42011453.84664831,-31125.95348178968,3583248.926038743,0.00010000228960000001,42011451.630831145,-31127.97377540401,3583245.280666014,0.00010000334215820124,2.2158171696666664,2.020293614333333,3.645372728666667,4.720187956894545,-1.0525582012251066e-09
2025-09-03 05:15:00,GEO01,GEO,42007532.21987207,-21344.663637190126,3629004.987836746,0.00010000230040000001,42007528.441036314,-21348.103946615127,3628998.069820509,0.00010000449892850113,3.778835757333333,3.4403094249999997,6.918016237,8.600830034132779,-2.198528501118375e-09
2025-09-03 05:30:00,GEO01,GEO,42004922.30417602,-11134.097327764612,3659135.724732349,0.00010000231120000001,42004923.49989728,-11133.280449478278,3659136.1222658125,0.00010000181945516766,-1.195721261,-0.8168782863333334,-0.3975334633333334,1.5016898225532824,4.917448323533209e-10
2025-09-03 05:45:00,GEO01,GEO,42003669.00069586,-669.6264369399287,3673511.4034914817,0.00010000232200000001,42003668.50924856,-670.1037859908037,3673510.708489309,0.00010000208242289355,0.4914473015625,0.477349050875,0.6950021726875,0.9759152558622453,2.395771064560936e-10
2025-09-03 06:00:00,GEO01,GEO,42003793.87132168,9869.008960199775,3672070.1270784363,0.00010000233280000001,42003794.01727511,9868.919132688205,3672069.6061466304,0.00010000172310562748,-0.14595343257142862,0.08982751157142854,0.5209318058571428,0.5483988809872625,6.096943725363117e-10
2025-09-03 06:15:00,GEO01,GEO,42005294.76774576,20300.792858136818,3654818.101164549,0.00010000234360000001,42005295.21397891,20301.218265752817,3654818.6394793126,0.00010000230110629925,-0.4462331460000001,-0.425407616,-0.5383147633333334,0.8184610221400184,4.249370075880964e-11
2025-09-03 06:30:00,GEO01,GEO,42008145.868422255,30446.54753103014,3621829.607408576,0.00010000235440000001,42008145.610823445,30446.340489140806,3621829.778213791,0.00010000200146550091,0.25759880866666673,0.20704188933333334,-0.17080521499999995,0.37201869796610815,3.529344991060449e-10
2025-09-03 06:45:00,GEO01,GEO,42012298.122802734,40132.01611887291,3573246.6836238313,0.00010000236520000001,42012298.75290325,40132.47397309691,3573246.455342539,0.00010000196133846702,-0.6301005186666666,-0.45785422400000003,0.228281292,0.8116461681889675,4.0386153298982145e-10
2025-09-03 07:00:00,GEO01,GEO,42017680.09520498,49190.86055356823,3509278.512209178,0.00010000237600000001,42017681.66350199,49192.38405710656,3509278.802422804,0.00010000147312333281,-1.5682970133333336,-1.5235035383333335,-0.290213626,2.2056387968251983,9.028766672086639e-10
2025-09-03 07:15:00,GEO01,GEO,42024199.19379726,57467.52325002104,3430200.519477097,0.00010000238680000001,42024202.947456695,57471.03253007304,3430200.897677529,0.00010000117225406681,-3.753659432,-3.5092800520000003,-0.37820043233333334,5.152479129683575,1.21454593319578e-09
2025-09-03 07:30:00,GEO01,GEO,42031743.26355418,64819.903329048306,3336353.189756817,0.00010000239760000001,42031743.15730129,64819.957764105304,3336353.051414774,0.00010000242484783357,0.10625288499999999,-0.054435056999999995,0.13834204333333336,0.1827330620195983,-2.7247833566246697e-11
2025-09-03 07:45:00,GEO01,GEO,42040182.51577911,71121.80133026838,3228140.5993786347,0.0001000024084,42040182.635065295,71122.07203271938,3228140.5369472266,0.00010000268438357478,-0.11928618725000001,-0.27070245099999996,0.06243140800000002,0.30233539678792476,-2.759835747769212e-10
2025-09-03 08:00:00,GEO01,GEO,42049371.760997444,76265.09035554156,3106028.6768515673,0.0001000024192,42049373.30657357,76266.54173452455,3106029.734139283,0.00010000178246260082,-1.545576122,-1.451378983,-1.057287716,2.369211644322889,6.367373991776671e-10
2025-09-03 08:15:00,GEO01,GEO,42059152.90680584,80161.57629204169,2970543.1967254747,0.00010000243,42059154.63140171,80163.17891392106,2970544.3009096673,0.00010000047994450069,-1.724595867875,-1.602621879375,-1.104184192625,2.600355846222956,1.9500554993114602e-09
2025-09-03 08:30:00,GEO01,GEO,42069357.677704304,82744.51510836929,2822267.5157754645,0.0001000024408,42069359.58131992,82746.26897314504,2822268.666856134,9.999917742640056e-05,-1.90361561375,-1.7538647757499999,-1.15108066925,2.8328043991159033,3.2633735994452538e-09
2025-09-03 08:45:00,GEO01,GEO,42079810.51011887,83969.7611245364,2661840.061255758,0.0001000024516,42079812.59275423,83971.66623220852,2661841.259232904,9.999787490830041e-05,-2.082635359625,-1.905107672125,-1.197977145875,3.066260674761476,4.576691699579047e-09
2025-09-03 09:00:00,GEO01,GEO,42090331.57280889,83816.52649594471,2489951.5820378917,0.0001000024624,42090333.834464,83818.5828465132,2489952.826911514,9.999657239020028e-05,-2.2616551055,-2.0563505685,-1.2448736225,3.300510841188188,5.89000979971284e-09
2025-09-03 09:15:00,GEO01,GEO,42100739.86069547,82287.7388496846,2307342.174468875,0.0001000024732,42100742.301370315,82289.94644314947,2307343.466238974,9.999526987210015e-05,-2.4406748513750003,-2.207593464875,-1.291770099125,3.5353970958417955,7.203327899846634e-09
2025-09-03 09:30:00,GEO01,GEO,42110856.308884695,79409.99091705307,2114798.0957550295,0.000100002484,42110858.92857929,79412.34975341432,2114799.4344216054,9.999396735400002e-05,-2.61969459725,-2.35883636125,-1.33866657575,3.7708005732266208,8.516645999980426e-09
2025-09-03 09:45:00,GEO01,GEO,42120506.87331182,75233.08303055167,1913148.3785921102,0.0001000024948,42120509.67202616,75235.5931098093,1913149.7641551625,9.999266483589989e-05,-2.798714343125,-2.5100792576249997,-1.385563052375,4.006630108467663,9.82996410011422e-09
2025-09-03 10:00:00,GEO01,GEO,42129525.52500678,69829.16635568067,1703261.2616178896,0.0001000025056,42129528.50274087,69831.82767783468,1703262.6940774187,9.999136231779976e-05,-2.977734089,-2.661322154,-1.432459529,4.24281465708635,1.1143282200248013e-08
2025-09-03 10:15:00,GEO01,GEO,42137757.106467456,63291.50159758143,1486040.4510566865,0.0001000025164,42137759.86755181,63293.97684385155,1486042.2611464032,9.999133263821237e-05,-2.761084356,-2.475246270125,-1.8100897167499999,4.126361072591655,1.118376178762976e-08
2025-09-03 10:30:00,GEO01,GEO,42145060.00099952,55732.85453783162,1262421.2296518178,0.0001000025272,42145062.54543414,55735.14370821787,1262423.4173717224,9.999130295862498e-05,-2.544434623,-2.28917038625,-2.1877199044999998,4.062088993184494,1.1224241375011508e-08
2025-09-03 10:45:00,GEO01,GEO,42151308.56909931,47283.55600420572,1033366.4296398356,0.000100002538,42151310.896884196,47285.65909870809,1033368.9949899279,9.999127327903761e-05,-2.32778489,-2.103094502375,-2.56535009225,4.052481964899948,1.1264720962393257e-08
2025-09-03 11:00:00,GEO01,GEO,42156395.30996413,38089.25965106115,799862.2871054678,0.0001000025488,42156397.42109928,38091.17666967965,799865.2300857478,9.999124359945022e-05,-2.111135157,-1.9170186185,-2.94298028,4.09792447017584,1.1305200549775005e-08
2025-09-03 11:15:00,GEO01,GEO,42160232.71094305,28308.436124005355,562914.1955671413,0.0001000025596,42160234.60542847,28310.16706673998,562917.516177609,9.999121391986285e-05,-1.8944854240000002,-1.7309427346250001,-3.32061046775,4.196628605300975,1.1345680137156753e-08
2025-09-03 11:30:00,GEO01,GEO,42162754.75311037,18109.646720586345,323542.377076836,0.0001000025704,42162756.43094606,18111.191587437093,323546.0753174915,9.999118424027546e-05,-1.677835691,-1.54486685075,-3.6982406555,4.344966068743545,1.1386159724538501e-08
2025-09-03 11:45:00,GEO01,GEO,42163918.04705944,7668.643450697535,82777.48947296164,0.0001000025812,42163919.50824539,7670.00224166441,82781.56534380489,9.999115456068809e-05,-1.4611859580000002,-1.358790966875,-4.07587084325,4.538072324938524,1.1426639311920248e-08
2025-09-03 12:00:00,GEO01,GEO,42163702.57937692,-2834.6546124601737,-158343.81129979927,0.000100002592,42163703.82391315,-2833.4818973771735,-158339.35779876827,9.99911248811007e-05,-1.244536225,-1.172715083,-4.453501031,4.770513862714478,1.1467118899301996e-08
2025-09-03 12:15:00,GEO01,GEO,42162112.05695489,-13219.256672276184,-398783.3346966238,0.0001000026028,42162112.899204865,-13218.43612333556,-398779.2136111394,9.999249218537565e-05,-0.842249974375,-0.820548940625,-4.121085484375,4.285560774603696,1.0110614624351224e-08
2025-09-03 12:30:00,GEO01,GEO,42159173.843217164,-23306.213985441253,-637505.8256861748,0.0001000026136,42159174.283180885,-23305.745602643,-637502.037016237,9.99938594896506e-05,-0.43996372375000004,-0.46838279824999995,-3.78866993775,3.842781599456708,8.754110349400451e-09
2025-09-03 12:45:00,GEO01,GEO,42154938.487357154,-32921.6985089723,-873483.4222247874,0.0001000026244,42154938.52503463,-32921.58229231643,-873479.9659703963,9.999522679392555e-05,-0.03767747312500003,-0.11621665587499996,-3.456254391125,3.458412976967137,7.397606074449678e-09
2025-09-03 13:00:00,GEO01,GEO,42149478.85468632,-41899.99344807677,-1105700.0808989317,0.0001000026352,42149478.49007754,-41900.22939756327,-1105696.9570600872,9.999659409820051e-05,0.3646087775,0.23594948650000003,-3.1238388445,3.153883454919784,6.041101799498905e-09
2025-09-03 13:15:00,GEO01,GEO,42142888.87305447,-50086.344259783626,-1333155.9516803727,0.000100002646,42142888.10615944,-50086.9323754125,-1333153.1602570747,9.999796140247545e-05,0.766895028125,0.588115628875,-2.791423297875,2.953989168058885,4.6845975245481325e-09
2025-09-03 13:30:00,GEO01,GEO,42135281.91690892,-57339.62105980702,-1554871.6829579026,0.0001000026568,42135280.74772764,-57340.561341578265,-1554869.2239501514,9.99993287067504e-05,1.16918127875,0.94028177125,-2.4590077512499997,2.88059608286759,3.3280932495973604e-09
2025-09-03 13:45:00,GEO01,GEO,42126788.85679311,-63534.74663003534,-1769892.6383094613,0.0001000026676,42126787.28532559,-63536.03907794897,-1769890.5117172566,0.00010000069601102536,1.571467529375,1.2924479136249998,-2.126592204625,2.943183006556915,1.9715889746465866e-09
2025-09-03 14:00:00,GEO01,GEO,42117555.80784112,-68564.8482554704,-1977293.006858688,0.0001000026784,42117553.83408734,-68566.4928695264,-1977291.2126820302,0.0001000020633153003,1.97375378,1.644614056,-1.794176658,3.1336128122933613,6.150846996958142e-10
2025-09-03 14:15:00,GEO01,GEO,42107741.616003364,-72343.09636972845,-2176179.789517854,0.0001000026892,42107739.659719385,-72344.7766370617,-2176178.513392955,0.00010000267205360009,1.95628398225,1.68026733325,-1.276124898875,2.877297358272814,1.7146399910434082e-11
2025-09-03 14:30:00,GEO01,GEO,42097515.12525045,-74804.19837632775,-2365696.6439539334,0.0001000027,42097513.186436266,-74805.91429693825,-2365695.8858807934,0.00010000328079189987,1.9388141845,1.7159206105,-0.75807313975,2.6977877731147637,-5.80791899874946e-10
2025-09-03 14:45:00,GEO01,GEO,42087052.27277043,-75905.52194627374,-2545027.571722459,0.0001000027108,42087050.35142604,-75907.2735201615,-2545027.3317010785,0.00010000388953019966,1.92134438675,1.75157388775,-0.240021380625,2.6109740710892773,-1.178730199660326e-09
2025-09-03 15:00:00,GEO01,GEO,42076533.06213388,-75627.82846856117,-2713400.4316936005,0.0001000027216,42076531.15825929,-75629.61569572617,-2713400.709723979,0.00010000449826849944,1.903874589,1.787227165,0.2780303785,2.6260655516042837,-1.7766684994457062e-09
2025-09-03 15:15:00,GEO01,GEO,42066138.46650071,-73975.60403127596,-2870090.264642848,0.0001000027324,42066136.58009592,-73977.42691171821,-2870091.060724986,0.00010000510700679923,1.8864047912500002,1.82288044225,0.796082137625,2.7413797462289136,-2.374606799231086e-09
2025-09-03 15:30:00,GEO01,GEO,42056047.31514597,-70976.98224383965,-3014422.4146915297,0.0001000027432,42056045.44621097,-70978.84077755915,-3014423.7288254267,0.00010000571574509901,1.8689349935000001,1.8585337195,1.31413389675,2.945167821200464,-2.972545099016466e-09
2025-09-03 15:45:00,GEO01,GEO,42046433.21686939,-66683.26022332907,-3145775.4341574498,0.000100002754,42046431.365404196,-66685.15441032582,-3145777.2663431056,0.00010000632448339881,1.8514651957500001,1.89418699675,1.832185655875,3.2206788146793643,-3.5704833988018468e-09
2025-09-03 16:00:00,GEO01,GEO,42037461.573218115,-61168.01607659832,-3263583.75930814,0.0001000027648,42037459.73922272,-61169.94591687232,-3263586.109545555,0.0001000069332216986,1.833995398,1.929840274,2.350237415,3.551258721904595,-4.168421698587227e-09
2025-09-03 16:15:00,GEO01,GEO,42029286.7329077,-54525.843057237566,-3367340.1454958576,0.0001000027756,42029284.79749543,-54527.89964782431,-3367342.6975928154,0.0001000074238583111,1.9354122657500001,2.05659058675,2.552096957875,3.8063873111283733,-4.648258311087999e-09
2025-09-03 16:30:00,GEO01,GEO,42022049.336396664,-46870.72217657976,-3456597.851189448,0.0001000027864,42022047.29956753,-46872.90551747926,-3456600.605145949,0.0001000079144949236,2.0368291335,2.1833408995,2.75395650075,4.062010193306636,-5.128094923588771e-09
2025-09-03 16:45:00,GEO01,GEO,42015873.89629885,-38334.06126797572,-3530972.5614992366,0.0001000027972,42015871.75805285,-38336.37135918797,-3530975.51731528,0.0001000084051315361,2.13824600125,2.31009121225,2.955816043625,4.318039584641071,-5.607931536089544e-09
2025-09-03 17:00:00,GEO01,GEO,42010866.65526019,-29062.434236599132,-3590144.0429130048,0.000100002808,42010864.41559732,-29064.87107812413,-3590147.2005885914,0.0001000088957681486,2.239662869,2.436841525,3.1576755865,4.574407228736829,-6.087768148590316e-09
2025-09-03 17:15:00,GEO01,GEO,42007113.75815336,-19215.059393434785,-3633857.5221181936,0.0001000028188,42007111.41707362,-19217.622985272534,-3633860.881653323,0.00010000938640476109,2.3410797367500003,2.5635918377499998,3.359535129375,4.8310592761737645,-6.567604761091088e-09
2025-09-03 17:30:00,GEO01,GEO,42004679.770035654,-8961.060252556112,-3661924.7829736043,0.0001000028296,42004677.32753905,-8963.750594706611,-3661928.3443682767,0.00010000987704137359,2.4424966045,2.6903421505000003,3.5613946722500005,5.087952688585231,-7.0474413735918605e-09
2025-09-03 17:45:00,GEO01,GEO,42003606.56536755,1523.4440811780514,-3674224.976907399,0.0001000028404,42003604.02145408,1520.6269887148014,-3674228.740161614,0.00010001036767798609,2.54391347225,2.81709246325,3.7632542151250004,5.345052664703228,-7.527277986092632e-09
2025-09-03 18:00:00,GEO01,GEO,42003912.60760172,12058.368876463268,-3670705.143252059,0.00010000285120000001,42003909.96227138,12055.425033687268,-3670709.108365817,0.0001000108583145986,2.64533034,2.943842776,3.965113758,5.6023307659770305,-8.007114598593404e-09
2025-09-03 18:15:00,GEO01,GEO,42005592.63153662,22462.761964772828,-3651380.437275942,0.00010000286200000001,42005590.40712881,22460.192841124328,-3651384.2602777644,0.00010001005234096124,2.224407810125,2.5691236484999997,3.8230018225,5.115049301997526,-7.190340961229251e-09
2025-09-03 18:30:00,GEO01,GEO,42008617.73389931,32557.91685377434,-3616334.064929587,0.00010000287280000001,42008615.93041403,32555.72244925334,-3616337.7458194736,0.00010000924636732388,1.80348528025,2.194404521,3.680889887,4.6494000385084675,-6.373567323865099e-09
2025-09-03 18:45:00,GEO01,GEO,42012935.87059932,42170.44720508903,-3565716.9245877303,0.00010000288360000001,42012934.48803657,42168.62751969553,-3565720.463365682,0.0001000084403936865,1.382562750375,1.8196853935000001,3.5387779515,4.212562649986855,-5.556793686500946e-09
2025-09-03 19:00:00,GEO01,GEO,42018472.75209853,51135.26978540979,-3499746.9573295666,0.00010000289440000001,42018471.79045831,51133.824819143796,-3499750.3539955826,0.00010000763442004915,0.9616402205000001,1.444966266,3.396666016,3.8144487737824697,-4.7400200491367936e-09
2025-09-03 19:15:00,GEO01,GEO,42025133.12149329,59298.44456749223,-3418708.208554777,0.00010000290520000001,42025132.580775596,59297.37432035373,-3418711.463108857,0.00010000682844641178,0.5407176906250002,1.0702471385,3.2545540805,3.468418489934782,-3.92324641177264e-09
2025-09-03 19:30:00,GEO01,GEO,42032802.39332043,66519.82312568091,-3322949.604975652,0.00010000291600000001,42032802.27352527,66519.12759766991,-3322952.717417797,0.00010000602247277442,0.11979516074999985,0.6955280110000004,3.112442145,3.19145831879361,-3.1064727744084873e-09
2025-09-03 19:45:00,GEO01,GEO,42041348.624893084,72675.45975811407,-3212883.4522512187,0.00010000292680000001,42041348.92602045,72675.13894923058,-3212886.422581428,0.00010000521649913705,-0.30112736912500004,0.32080888350000025,2.9703302095,3.002741678139659,-2.289699137044335e-09
2025-09-03 20:00:00,GEO01,GEO,42050624.78625131,77659.74385720491,-3088983.659732076,0.00010000293760000001,42050625.508301206,77659.79776744891,-3088986.4879503497,0.00010000441052549969,-0.722049899,-0.053910244,2.828218274,2.919431618730192,-1.472925499680182e-09
2025-09-03 20:15:00,GEO01,GEO,42060471.289675154,81387.21684113145,-2951783.699959564,0.00010000294840000001,42060472.02850152,81387.12749405969,-2951786.1960968934,0.00010000292201164979,-0.7388263676250001,0.08934707175,2.496137329375,2.6047166578780905,2.638835021993788e-11
2025-09-03 20:30:00,GEO01,GEO,42070718.7352423,83794.04238859192,-2801874.3117051236,0.00010000295920000001,42070719.49084514,83793.80978420442,-2801876.4757615086,0.00010000143349779989,-0.75560283625,0.2326043875,2.1640563847500003,2.3039488891055147,1.5257022001200577e-09
2025-09-03 20:45:00,GEO01,GEO,42081190.82519535,84839.10468334332,-2639900.9564396674,0.00010000297000000001,42081191.59757465,84838.72882164008,-2639902.7884151074,9.999994498395e-05,-0.7723793048750001,0.37586170325,1.831975440125,2.023357562021692,3.025016050020178e-09
2025-09-03 21:00:00,GEO01,GEO,42091707.39698009,84504.71577389166,-2466561.0391846905,0.00010000298080000001,42091708.186135866,84504.19665487266,-2466562.539079186,9.99984564701001e-05,-0.7891557735000001,0.519119019,1.4998944955,1.7725503909246432,4.524329899920298e-09
2025-09-03 21:15:00,GEO01,GEO,42102087.5227738,82796.9198770523,-2282600.9057112196,0.00010000299160000001,42102088.32870604,82796.25750071756,-2282602.0735247703,9.999696795625018e-05,-0.805932242125,0.66237633475,1.1678135508749998,1.5659047472118952,6.023643749820419e-09
2025-09-03 21:30:00,GEO01,GEO,42112152.62217945,79745.38939411193,-2088812.6290156187,0.00010000300240000001,42112153.44488816,79744.58376046144,-2088813.464748225,9.999547944240028e-05,-0.8227087107500001,0.8056336505,0.8357326062499999,1.4227945005204725,7.522957599720539e-09
2025-09-03 21:45:00,GEO01,GEO,42121729.53453451,75402.91442379728,-1886030.5989088218,0.00010000301320000001,42121730.37401968,75401.96553283103,-1886031.1025604834,9.999399092855039e-05,-0.839485179375,0.9488909662500001,0.5036516616249997,1.3633761140927905,9.02227144962066e-09
2025-09-03 22:00:00,GEO01,GEO,42130653.497978345,69844.49455844238,-1675127.9294029095,0.00010000302400000001,42130654.35423999,69843.40241016039,-1675128.1009736264,9.999250241470049e-05,-0.856261648,1.092148282,0.171570717,1.398359177980794,1.0521585299520776e-08
2025-09-03 22:15:00,GEO01,GEO,42138770.98402608,63166.04858649522,-1457012.6993638116,0.00010000303480000001,42138771.697292134,63165.02699572047,-1457012.5576980955,9.999270378937549e-05,-0.713266054375,1.02159077475,-0.14166571612499998,1.2539798046632151,1.0331010624523449e-08
2025-09-03 22:30:00,GEO01,GEO,42145942.33888275,55482.764298388734,-1232624.0426166381,0.00010000304560000001,42145942.909153216,55481.813265121236,-1232623.5877144889,9.999290516405048e-05,-0.57027046075,0.9510332675,-0.45490214924999994,1.1985861002397837,1.0140435949526122e-08
2025-09-03 22:45:00,GEO01,GEO,42152044.18605624,46927.11678938754,-1002928.1043383036,0.00010000305640000001,42152044.61333111,46926.23631362729,-1002927.3361997212,9.999310653872548e-05,-0.42727486712500007,0.88047576025,-0.768138582375,1.2441214804823428,9.949861274528795e-09
2025-09-03 23:00:00,GEO01,GEO,42156971.54893468,37646.58934823237,-768913.8811481111,0.00010000306720000001,42156971.833213955,37645.779429979375,-768912.7997730955,9.999330791340048e-05,-0.28427927350000004,0.809918253,-1.0813750155,1.3806354355990884,9.759286599531465e-09
2025-09-03 23:15:00,GEO01,GEO,42160639.65681083,27801.1361461021,-531588.962807272,0.00010000307800000001,42160639.79809451,27800.39678535635,-531587.5681958233,9.999350928807547e-05,-0.14128367987500012,0.73936074575,-1.394611448625,1.5847890973851817,9.568711924534138e-09
2025-09-03 23:30:00,GEO01,GEO,42162985.403282985,17560.430373576935,-291975.1938624152,0.0001000030888,42162985.40157107,17559.761570338436,-291973.48601453344,9.999371066275047e-05,0.0017119137499999049,0.6688032385,-1.70784788175,1.8341333347591546,9.378137249536812e-09
2025-09-03 23:45:00,GEO01,GEO,42163968.43194157,7100.945172357024,-51104.273912590295,0.0001000030996,42163968.28723406,7100.346926625773,-51102.25282827542,9.999391203742546e-05,0.14470750737499993,0.59824573125,-2.0210843148750004,2.112728100225697,9.187562574539484e-09
2025-09-04 00:00:00,GEO01,GEO,42163571.83066352,-3397.0824199263006,189986.6845564731,0.0001000031104,42163571.54296041,-3397.6101081503007,189989.0188772211,9.999411341210046e-05,0.287703101,0.527688224,-2.334320748,2.410452507438504,8.996987899542156e-09
2025-09-04 00:15:00,GEO01,GEO,42161802.42256949,-13752.752279814333,430259.6216441181,0.0001000031212,42161802.169801615,-13753.208640120583,430261.66296979674,9.999742973982532e-05,0.25276787475,0.45636030625,-2.0413256786250003,2.1069330444606074,5.691460174675242e-09
2025-09-04 00:30:00,GEO01,GEO,42158690.64863853,-23787.613415909,668679.9995859076,0.000100003132,42158690.430805884,-23787.9984482975,668681.7479165168,0.00010000074606755019,0.2178326485,0.3850323885,-1.74833060925,1.8034303208571756,2.3859324498083267e-09
2025-09-04 00:45:00,GEO01,GEO,42154290.04399936,-33328.73405097984,904221.257139523,0.0001000031428,42154289.86110194,-33329.047755450585,904222.7124750629,0.00010000406239527506,0.18289742225,0.31370447075,-1.455335539875,1.4999544978623487,-9.195952750585869e-10
2025-09-04 01:00:00,GEO01,GEO,42148676.31690862,-42211.6767520383,1135869.2296263336,0.0001000031536,42148676.16894642,-42211.9191285913,1135870.3919668042,0.00010000737872299992,0.14796219600000002,0.242376553,-1.1623404705,1.1965260441174967,-4.2251229999255026e-09
2025-09-04 01:15:00,GEO01,GEO,42141946.04626101,-50283.32742152363,1362626.5155974217,0.0001000031644,42141945.93323404,-50283.498470158884,1362627.3849428229,0.00010001069505072479,0.11302696975000001,0.17104863524999997,-0.8693454011250001,0.893193236634124,-7.530650724792415e-09
2025-09-04 01:30:00,GEO01,GEO,42134215.020039655,-57404.529484076425,1583516.771322424,0.0001000031752,42134214.941947915,-57404.62920479393,1583517.3476727558,0.00010001401137844966,0.0780917435,0.0997207175,-0.5763503317500001,0.5901035898975024,-1.0836178449659329e-08
2025-09-04 01:45:00,GEO01,GEO,42125616.243292056,-63452.47794415429,1797588.9146107559,0.000100003186,42125616.20013554,-63452.506336954044,1797589.1979660182,0.00010001732770617452,0.04315651725,0.028392799749999975,-0.2833552623750002,0.288025764080921,-1.4141706174526248e-08
2025-09-04 02:00:00,GEO01,GEO,42116297.64990253,-68322.8321317248,2003921.219864727,0.0001000031968,42116297.64168124,-68322.7891966068,2003921.21022492,0.00010002064403389939,0.008221291,-0.042935118,0.009639807,0.04476538687845615,-1.7447233899393158e-08
2025-09-04 02:15:00,GEO01,GEO,42106419.55752798,-71931.51078550518,2201625.2867326434,0.0001000032076,42106418.297025315,-71932.54081494418,2201625.1188349864,0.00010002072899324958,1.2605026658749998,1.0300294390000002,0.167897657125,1.6364648603476644,-1.752139324957601e-08
2025-09-04 02:30:00,GEO01,GEO,42096151.909482434,-74216.13859280199,2389849.865274202,0.0001000032184,42096149.39669839,-74218.24158679799,2389849.5391186946,0.00010002081395259976,2.5127840407499997,2.1029939960000004,0.32615550725,3.2928778898661655,-1.7595552599758864e-08
2025-09-04 02:45:00,GEO01,GEO,42085671.351021044,-75137.1192987971,2567784.5211680867,0.0001000032292,42085667.58595563,-75140.2952573501,2567784.036754729,0.00010002089891194994,3.7650654156249996,3.1759585530000005,0.4844133573749999,4.949453163240625,-1.7669711949941716e-08
2025-09-04 03:00:00,GEO01,GEO,42075158.190323636,-74678.31692261994,2734663.1251807865,0.00010000324,42075153.172976844,-74682.56584572994,2734662.482509579,0.00010002098387130013,5.0173467904999995,4.248923110000001,0.6426712075,6.606068626027301,-1.7743871300124567e-08
2025-09-04 03:15:00,GEO01,GEO,42064793.29646093,-72847.33336218074,2889767.15187194,0.0001000032508,42064787.02683276,-72852.65524984774,2889766.3509428827,0.00010002106883065031,6.269628165375,5.321887667000001,0.8009290576249999,8.262700105145912,-1.781803065030742e-08
2025-09-04 03:30:00,GEO01,GEO,42054754.98771116,-69675.37761009857,3032428.773333108,0.0001000032616,42054747.46580162,-69681.77246232257,3032427.8141462,0.00010002115379000049,7.521909540249999,6.394852224000001,0.9591869077499998,9.919339575924434,-1.789219000049027e-08
2025-09-04 03:45:00,GEO01,GEO,42045215.96376076,-65216.728832520545,3162033.7346393587,0.0001000032724,42045207.189569846,-65224.19664930154,3162032.617194601,0.00010002123874935068,8.774190915124999,7.467816781000001,1.117444757875,11.575983607303078,-1.7966349350673125e-08
2025-09-04 04:00:00,GEO01,GEO,42036340.33456765,-59547.8025470376,3278023.998632797,0.0001000032832,42036330.30809536,-59556.3433283756,3278022.722930189,0.00010002132370870086,10.02647229,8.540781338,1.275702608,13.232630486404618,-1.8040508700855976e-08
2025-09-04 04:15:00,GEO01,GEO,42028280.79700271,-52765.83596481569,3379900.1486505945,0.000100003294,42028272.12789269,-52773.242952666944,3379898.6402934715,0.00010001841684016332,8.669110021375,7.40698785125,1.508357123,11.50182936761689,-1.512284016331058e-08
2025-09-04 04:30:00,GEO01,GEO,42021176.00784284,-44987.21511482075,3467223.5388520393,0.0001000033048,42021168.69609509,-44993.488309185246,3467221.797840401,0.00010001550997162577,7.31174775275,6.2731943645,1.741011638,9.790083976059178,-1.2205171625765181e-08
2025-09-04 04:45:00,GEO01,GEO,42015148.19831068,-36345.472531965,3539618.182886036,0.0001000033156,42015142.2439252,-36350.61193284275,3539616.209219883,0.00010001260310308823,5.954385484124999,5.13940087775,1.973666153,8.10947014047612,-9.287503088219784e-09
2025-09-04 05:00:00,GEO01,GEO,42010301.07120064,-26988.98995344527,3596772.3727670647,0.0001000033264,42010296.47417742,-26992.99556083627,3596770.1664463966,0.00010000969623455068,4.597023215499999,4.005607391,2.206320668,6.484239655096328,-6.369834550674387e-09
2025-09-04 05:15:00,GEO01,GEO,42006718.01676919,-17078.445550780743,3638440.020989202,0.0001000033372,42006714.777108245,-17081.317364684994,3638437.582014019,0.00010000678936601314,3.2396609468749995,2.8718139042499997,2.438975183,4.969035932114048,-3.452166013128989e-09
2025-09-04 05:30:00,GEO01,GEO,42004460.678083524,-6784.049610848539,3664441.72009956,0.000100003348,42004458.795784846,-6785.787631266038,3664439.048469862,0.00010000388249747559,1.8822986782499989,1.7380204174999996,2.6716296980000003,3.7015359688950937,-5.34497475583591e-10
2025-09-04 05:45:00,GEO01,GEO,42003567.890510045,3717.3837720166193,3674665.5151689,0.0001000033588,42003567.36557364,3716.7795450858694,3674662.610884687,0.00010000097562893804,0.5249364096249991,0.6042269307499994,2.904284213,3.012559577481345,2.383171061961807e-09
2025-09-04 06:00:00,GEO01,GEO,42004055.013588294,14245.478617743123,3669067.385833453,0.0001000033696,42004055.84601416,14246.008184299124,3669064.248894725,9.999806876040049e-05,-0.832425859,-0.529566556,3.136938728,3.288427911813158,5.300839599507203e-09
2025-09-04 06:15:00,GEO01,GEO,42005913.66678438,24619.40026100166,3647671.435832397,0.0001000033804,42005914.90137165,24620.335707625163,3647668.6567852753,9.999768619210026e-05,-1.234587264375,-0.9354466235000001,2.779047121625,3.181567067183512,5.6942078997364235e-09
2025-09-04 06:30:00,GEO01,GEO,42009111.873670235,34660.966442340985,3610569.7892249404,0.0001000033912,42009113.51041891,34662.307769031984,3610567.368069425,9.999730362380004e-05,-1.63674866975,-1.3413266910000001,2.42115551525,3.215602203156183,6.087576199965645e-09
2025-09-04 06:45:00,GEO01,GEO,42013594.612048164,44197.712767172605,3557922.193733833,0.000100003402,42013596.65095824,44199.4599739311,3557920.130469924,9.999692105549981e-05,-2.038910075125,-1.7472067585000002,2.063263908875,3.386287599874006,6.480944500194865e-09
2025-09-04 07:00:00,GEO01,GEO,42019284.76055637,53065.85979495384,3489955.332923201,0.0001000034128,42019287.20162785,53068.01288177984,3489953.6275508986,9.999653848719958e-05,-2.4410714805,-2.153086826,1.7053723025,3.674630259405614,6.874312800424086e-09
2025-09-04 07:15:00,GEO01,GEO,42026084.42546992,61113.130710994825,3406961.850172247,0.0001000034236,42026087.268702805,61115.689677888324,3406960.5026915506,9.999615591889936e-05,-2.8432328858749996,-2.5589668935,1.3474806961249999,4.055612041576417,7.267681100653306e-09
2025-09-04 07:30:00,GEO01,GEO,42033876.62487077,68201.37110791355,3309299.088647233,0.0001000034344,42033879.87026506,68204.33595487455,3309298.0990581433,9.999577335059912e-05,-3.2453942912500002,-2.964846961,0.9895890897499999,4.505794954764505,7.661049400882526e-09
2025-09-04 07:45:00,GEO01,GEO,42042527.30121239,74208.92580138147,3197387.5526970974,0.0001000034452,42042530.94876809,74212.29652840996,3197386.920999614,9.999539078229889e-05,-3.647555696625,-3.3707270285,0.631697483375,5.006546211825498,8.054417701111749e-09
2025-09-04 08:00:00,GEO01,GEO,42051887.627654545,79032.73179503903,3071709.097297353,0.000100003456,42051891.67737164,79036.50840213503,3071708.823491476,9.999500821399866e-05,-4.049717102,-3.776607096,0.273805877,5.544180680864267,8.447786001340968e-09
2025-09-04 08:15:00,GEO01,GEO,42061796.56849006,82590.09138276055,2932804.853337991,0.0001000034668,42061800.52669021,82593.74339494793,2932804.873813319,9.999464159738642e-05,-3.9582001499999997,-3.6520121873750004,-0.020475327875000005,5.385625375315957,8.825202613586095e-09
2025-09-04 08:30:00,GEO01,GEO,42072083.64961364,84820.09488511086,2781272.897688428,0.0001000034776,42072087.51629684,84823.6223023896,2781273.2124449606,9.999427498077417e-05,-3.8666831979999996,-3.52741727875,-0.31475653275,5.243375180838041,9.202619225831225e-09
2025-09-04 08:45:00,GEO01,GEO,42082571.89136957,85684.66854465753,2617765.678071385,0.0001000034884,42082575.66653581,85688.07136702766,2617766.2871091226,9.999390836416193e-05,-3.775166246,-3.4028223701250004,-0.609037737625,5.1187896258209555,9.580035838076355e-09
2025-09-04 09:00:00,GEO01,GEO,42093080.8533213,85169.22954760492,2442987.203833499,0.0001000034992,42093084.53697059,85172.50777506642,2442988.1071524415,9.999354174754968e-05,-3.683649294,-3.2782274615,-0.9033189424999999,5.013185865534885,9.957452450321483e-09
2025-09-04 09:15:00,GEO01,GEO,42103429.73856057,83282.93690865487,2257690.014708133,0.00010000351,42103433.33069292,83286.09054120774,2257691.21230828,9.999317513093744e-05,-3.5921323419999998,-3.153632552875,-1.1976001473749998,4.927784406200003,1.0334869062566612e-08
2025-09-04 09:30:00,GEO01,GEO,42113440.50414928,80058.53389829397,2062671.940622026,0.0001000035208,42113444.00476467,80061.56293593823,2062673.4325033783,9.999280851432519e-05,-3.50061539,-3.02903764425,-1.4918813522499998,4.863649568809387,1.071228567481174e-08
2025-09-04 09:45:00,GEO01,GEO,42122940.924181774,75551.78472584859,1858772.6664969919,0.00010000353160000001,42122944.33328021,75554.68916858421,1858774.452659549,9.999244189771295e-05,-3.409098438,-2.9044427356250004,-1.786162557125,4.8216300609829235,1.1089702287056868e-08
2025-09-04 10:00:00,GEO01,GEO,42131767.55277078,69840.51516807452,1646870.116837453,0.00010000354240000001,42131770.87035227,69843.29501590152,1646872.197281215,9.99920752811007e-05,-3.317581486,-2.779847827,-2.080443762,4.8023064359088234,1.1467118899301996e-08
2025-09-04 10:15:00,GEO01,GEO,42139768.53598099,63023.27364912443,1427876.6756707695,0.00010000355320000001,42139771.370878674,63025.644252006176,1427879.1132222856,9.99920155645006e-05,-2.834897678875,-2.37060288175,-2.4375515161249997,4.426969648237443,1.153763549940606e-08
2025-09-04 10:30:00,GEO01,GEO,42146806.22433425,55217.63580724411,1202735.258115877,0.00010000356400000001,42146808.57654812,55219.59716518061,1202738.0527751471,9.99919558479005e-05,-2.35221387175,-1.9613579365000002,-2.79465927025,4.146077120642949,1.1608152099510121e-08
2025-09-04 10:45:00,GEO01,GEO,42152759.54094014,46558.18171628006,972415.2504949415,0.00010000357480000001,42152761.41047021,46559.73382927131,972418.4022619659,9.999189613130039e-05,-1.8695300646250002,-1.55211299125,-3.1517670243750002,3.979677471363907,1.1678668699614185e-08
2025-09-04 11:00:00,GEO01,GEO,42157526.06451074,37194.18056019582,737908.336468556,0.00010000358560000001,42157527.451357,37195.32342824182,737911.8453433345,9.999183641470029e-05,-1.3868462575000002,-1.142868046,-3.5088747785,3.9422952862137355,1.1749185299718248e-08
2025-09-04 11:15:00,GEO01,GEO,42161023.79142321,27287.02259744238,500224.22716572403,0.00010000359640000001,42161024.69558566,27287.75622054313,500228.09314825665,9.999177669810019e-05,-0.9041624503750003,-0.73362310075,-3.865982532625,4.0375157625926095,1.1819701899822309e-08
2025-09-04 11:30:00,GEO01,GEO,42163192.546515465,17007.442591193598,260386.31369350865,0.00010000360720000001,42163192.96799411,17007.766969349097,260390.5367837954,9.999171698150008e-05,-0.4214786432500004,-0.3243781554999998,-4.223090286750001,4.256448872537252,1.1890218499926372e-08
2025-09-04 11:45:00,GEO01,GEO,42163995.01834363,6532.58247846039,19427.260744980762,0.00010000361800000001,42163994.957138464,6532.49761167064,19431.840943021638,9.999165726489998e-05,0.061205163874999524,0.0848667897500004,-4.5801980408750005,4.581393078281171,1.1960735100030436e-08
2025-09-04 12:00:00,GEO01,GEO,42163417.40109052,-3957.056192434393,-221615.43972183974,0.00010000362880000001,42163416.85720155,-3957.550304169393,-221610.50241604474,9.999159754829987e-05,0.543888971,0.494111735,-4.937305795,4.991688104517422,1.2031251700134497e-08
2025-09-04 12:15:00,GEO01,GEO,42161469.63208191,-14280.717621887103,-461703.9355896875,0.00010000363960000001,42161468.66415645,-14281.600925638477,-461699.3715093419,9.99931835978747e-05,0.96792546275,0.883303751375,-4.564080345625,4.7484665545787905,1.0456002125310304e-08
2025-09-04 12:30:00,GEO01,GEO,42158185.22082404,-24260.501493340358,-699804.4832385503,0.00010000365040000001,42158183.828862086,-24261.773989108107,-699800.292383654,9.999476964744952e-05,1.3919619545000002,1.27249576775,-4.19085489625,4.595657550681918,8.880752550486111e-09
2025-09-04 12:45:00,GEO01,GEO,42153620.672503926,-33724.423582280055,-934891.8985121733,0.00010000366120000001,42153618.856505476,-33726.08527006418,-934888.0808827265,9.999635569702435e-05,1.81599844625,1.661687784125,-3.8176294468750003,4.542394879613593,7.305502975661917e-09
2025-09-04 13:00:00,GEO01,GEO,42147854.51587041,-42509.37458443083,-1165953.9708304035,0.00010000367200000001,42147852.27583547,-42511.42546423133,-1165950.526426406,9.999794174659917e-05,2.240034938,2.0508798005,-3.4444039975000003,4.592143658200771,5.730253400837723e-09
2025-09-04 13:15:00,GEO01,GEO,42140985.95222039,-50463.926258422434,-1391995.8214414364,0.00010000368280000001,42140983.288148955,-50466.36633023931,-1391992.7502628884,9.9999527796174e-05,2.66407142975,2.440071816875,-3.0711785481250002,4.741662654468478,4.1550038260135285e-09
2025-09-04 13:30:00,GEO01,GEO,42133133.14873326,-57450.93660754524,-1612044.187048798,0.00010000369360000001,42133130.06062534,-57453.76587137849,-1612041.4890956993,0.00010000111384574882,3.0881079215000002,2.82926383325,-2.6979530987500002,4.981977046918448,2.579754251189334e-09
2025-09-04 13:45:00,GEO01,GEO,42124431.20551494,-63349.9092791602,-1825151.610369213,0.00010000370440000001,42124427.69337052,-63353.127735009824,-1825149.2856415636,0.00010000269989532365,3.51214441325,3.218455849625,-2.324727649375,5.300752312575752,1.0045046763651415e-09
2025-09-04 14:00:00,GEO01,GEO,42115029.83132687,-68059.06659215316,-2030400.5195779805,0.00010000371520000001,42115025.89514597,-68062.67424001916,-2030398.5680757805,0.00010000428594489847,3.936180905,3.607647866,-1.9515022,5.6848046649419555,-5.707448984590532e-10
2025-09-04 14:15:00,GEO01,GEO,42105090.767986596,-71497.10052714497,-2226907.179077326,0.00010000372600000001,42105087.186440356,-71500.39846436684,-2226905.8353440715,0.00010000540455683599,3.5815462408750003,3.2979372218750003,-1.343733254375,5.050691284751788,-1.678556835976174e-09
2025-09-04 14:30:00,GEO01,GEO,42094785.00775099,-73604.57155451179,-2413825.494576817,0.00010000373680000001,42094781.78083941,-73607.55978108954,-2413824.758612508,0.0001000065231687735,3.22691157675,2.98822657775,-0.7359643087500001,4.459159098741433,-2.7863687734932944e-09
2025-09-04 14:45:00,GEO01,GEO,42084289.851554215,-74344.93123644218,-2590350.6561024487,0.00010000374760000001,42084286.979277305,-74347.6097523758,-2590350.5279070856,0.00010000764178071102,2.872276912625,2.678515933625,-0.1281953631249999,3.929485503295356,-3.8941807110104155e-09
2025-09-04 15:00:00,GEO01,GEO,42073785.85871087,-73705.15100741759,-2755722.603248832,0.00010000375840000001,42073783.34106862,-73707.51981270709,-2755723.082822414,0.00010000876039264854,2.5176422485,2.3688052895,0.4795735824999998,3.4899501159797683,-5.001992648527536e-09
2025-09-04 15:15:00,GEO01,GEO,42063453.74056166,-71695.94632033259,-2909229.297754073,0.00010000376920000001,42063451.57755407,-71698.00541497796,-2909230.385096601,0.00010000987900458606,2.1630075843750003,2.0590946453749996,1.087342528125,3.1781734285820584,-6.109804586044657e-09
2025-09-04 15:30:00,GEO01,GEO,42053471.25150368,-68351.59229591489,-3050209.7893068953,0.00010000378,42053469.44313076,-68353.34167991614,-3050211.484418369,0.00010001099761652356,1.80837292025,1.74938400125,1.6951114737500002,3.033802879384531,-7.217616523561777e-09
2025-09-04 15:45:00,GEO01,GEO,42044010.13089212,-63729.33405177295,-3178057.06138547,0.0001000037908,42044008.67715386,-63730.77372513008,-3178059.3642658894,0.00010001211622846108,1.4537382561250003,1.4396733571249998,2.3028804193749997,3.0804662826393177,-8.325428461078897e-09
2025-09-04 16:00:00,GEO01,GEO,42035233.14842509,-57908.401853205636,-3292220.6448747567,0.0001000038016,42035232.049321495,-57909.531815918635,-3292223.5555241215,0.0001000132348403986,1.099103592,1.129962713,2.910649365,3.310094283353954,-9.433240398596018e-09
2025-09-04 16:15:00,GEO01,GEO,42027291.30384311,-50988.64803075977,-3392208.9882089742,0.0001000038124,42027290.29464357,-50989.714844311515,-3392211.8832156793,0.00010001266169742379,1.009199539375,1.0668135517500001,2.8950067048749997,3.2461729291187438,-8.849297423786425e-09
2025-09-04 16:30:00,GEO01,GEO,42020321.22911964,-43088.829114578664,-3477591.5738340523,0.0001000038232,42020320.309824154,-43089.83277896916,-3477594.453198097,0.00010001208855444897,0.9192954867500001,1.0036643905,2.87936404475,3.184836526874768,-8.265354448976832e-09
2025-09-04 16:45:00,GEO01,GEO,42014442.83783575,-34344.5627388861,-3548000.771877376,0.000100003834,42014442.00844432,-34345.503254115356,-3548003.6355987606,0.00010001151541147416,0.829391434125,0.9405152292500001,2.863721384625,3.126237229675578,-7.681411474167239e-09
2025-09-04 17:00:00,GEO01,GEO,42009757.26217883,-24905.994466934353,-3603133.4230434266,0.0001000038448,42009756.52269145,-24906.871833002355,-3603136.271122151,0.00010001094226849935,0.7394873815,0.877366068,2.8480787244999997,3.0705317496526643,-7.097468499357646e-09
2025-09-04 17:15:00,GEO01,GEO,42006345.11305797,-14935.21467790287,-3642752.1439199205,0.0001000038556,42006344.46347464,-14936.02889480962,-3642754.976355985,0.00010001036912552455,0.649583328875,0.81421690675,2.832436064375,3.017880337449118,-6.513525524548053e-09
2025-09-04 17:30:00,GEO01,GEO,42004265.09326853,-4603.469952201005,-3666686.3490742194,0.0001000038664,42004264.53358925,-4604.221019946505,-3666689.1658676234,0.00010000979598254974,0.55967927625,0.7510677455000001,2.81679340425,2.968445507807155,-5.929582549738459e-09
2025-09-04 17:45:00,GEO01,GEO,42003552.987565406,5911.783064728312,-3674832.9855391663,0.0001000038772,42003552.51779018,5911.095146144062,-3674835.7866899106,0.00010000922283957493,0.469775223625,0.6879185842500001,2.801150744125,2.9223904993344894,-5.345639574928866e-09
2025-09-04 18:00:00,GEO01,GEO,42004221.04701975,16429.930639367085,-3667156.9765259293,0.000100003888,42004220.667148575,16429.305869944084,-3667159.7620340134,0.00010000864969660012,0.379871171,0.624769423,2.785508084,2.879877466924941,-4.761696600119273e-09
2025-09-04 18:15:00,GEO01,GEO,42006257.77825076,26770.309239593334,-3643691.372453339,0.0001000038988,42006256.9800849,26769.27613543496,-3643694.141502692,0.00010000809072893772,0.798165861125,1.033104158375,2.769049353125,3.0613734277214713,-4.19192893771864e-09
2025-09-04 18:30:00,GEO01,GEO,42009628.14115856,36755.313682367094,-3604537.2086434476,0.0001000039096,42009626.92469801,36753.87224347334,-3604539.96123407,0.00010000753176127532,1.21646055125,1.44143889375,2.75259062225,3.3368064808827795,-3.6221612753180065e-09
2025-09-04 18:45:00,GEO01,GEO,42014274.151756346,46213.45266540907,-3549863.070296012,0.0001000039204,42014272.51700111,46211.60289177995,-3549865.806427903,0.00010000697279361292,1.634755241375,1.849773629125,2.736131891375,3.6851736601154417,-3.0523936129173736e-09
2025-09-04 19:00:00,GEO01,GEO,42020115.879730724,54982.29911373556,-3479904.3666150174,0.0001000039312,42020113.826680794,54980.04100537106,-3479907.086288178,0.00010000641382595052,2.0530499315,2.2581083645,2.7196731605,4.087871023772776,-2.4826259505167402e-09
2025-09-04 19:15:00,GEO01,GEO,42027052.82356803,62911.284586921334,-3394962.3172125705,0.000100003942,42027050.35222341,62908.61814382146,-3394965.0204270002,0.00010000585485828812,2.471344621625,2.666443099875,2.703214429625,4.530433897127143,-1.912858288116107e-09
2025-09-04 19:30:00,GEO01,GEO,42034965.63958903,69864.28966737166,-3295402.6551544107,0.0001000039528,42034962.749949716,69861.21488953641,-3295405.3419101094,0.00010000529589062571,2.88963931175,3.07477783525,2.68675569875,5.002292501735708,-1.3430906257154738e-09
2025-09-04 19:45:00,GEO01,GEO,42043718.195145294,75721.98576814309,-3181654.0522313095,0.0001000039636,42043714.88721129,75718.50265557246,-3181656.7225282774,0.00010000473692296331,3.307934001875,3.483112570625,2.670296967875,5.49590633445013,-7.733229633148408e-10
2025-09-04 20:00:00,GEO01,GEO,42053159.91065429,80383.8880700767,-3054206.2732365867,0.0001000039744,42053156.1844256,80379.9966227707,-3054208.9270748235,0.00010000417795530091,3.726228692,3.891447306,2.653838237,6.005913734696991,-2.035553009142078e-10
2025-09-04 20:15:00,GEO01,GEO,42063128.35018036,83770.08426892012,-2913608.0671969256,0.0001000039852,42063125.078685254,83766.68628766075,-2913610.3815147756,0.00010000369483336326,3.27149510225,3.397981259375,2.31431784975,5.254048339402761,2.9036663674174216e-10
2025-09-04 20:30:00,GEO01,GEO,42073452.01599321,85822.60939155519,-2760464.804636044,0.000100003996,42073449.19923169,85819.70487634244,-2760466.7794335065,0.00010000321171142561,2.8167615125,2.90451521275,1.9747974625,4.5022415591895895,7.842885743976922e-10
2025-09-04 20:45:00,GEO01,GEO,42083953.2990261,86506.44302963093,-2595435.871044496,0.0001000040068,42083950.93699818,86504.0319804648,-2595437.5063215713,0.00010000272858948795,2.36202792275,2.4110491661249998,1.63527707525,3.750528643026331,1.278210512053642e-09
2025-09-04 21:00:00,GEO01,GEO,42094451.53447389,85810.11183252558,-2419231.8277784507,0.0001000040176,42094449.627179556,85808.19424940608,-2419233.1235351386,0.0001000022454675503,1.9072943329999998,1.9175831194999997,1.295756688,2.998980174556343,1.772132449709592e-09
2025-09-04 21:15:00,GEO01,GEO,42104766.10996215,83745.88689681143,-2232611.3526116516,0.0001000040284,42104764.657401405,83744.46277973855,-2232612.308847952,0.00010000176234561264,1.4525607432499998,1.4241170728749997,0.9562363007500001,2.2477611111853264,2.266054387365542e-09
2025-09-04 21:30:00,GEO01,GEO,42114719.57281435,80349.57265169919,-2036377.9731137028,0.0001000040392,42114718.5749872,80348.64200067293,-2036378.5898296162,0.00010000127922367498,0.9978271534999998,0.9306510262499996,0.6167159135000002,1.4973673159536471,2.759976325021492e-09
2025-09-04 21:45:00,GEO01,GEO,42124140.682959266,75679.89087854326,-1831376.6069195003,0.00010000405,42124140.139865704,75679.45369356363,-1831376.8841150266,0.00010000079610173733,0.5430935637499998,0.4371849796249996,0.2771955262499999,0.7502790715256562,3.2538982626774424e-09
2025-09-04 22:00:00,GEO01,GEO,42132867.358956486,69817.47045694292,-1618489.9237864458,0.0001000040608,42132867.27059651,69817.52673800991,-1618489.8614615847,0.00010000031297979967,0.088359974,-0.056281067,-0.062324861,0.12189926909792562,3.747820200333392e-09
2025-09-04 22:15:00,GEO01,GEO,42140749.466456026,62863.46022070758,-1398634.5451031942,0.0001000040716,42140749.97599703,62864.01484034033,-1398634.5451440425,0.00010000018106021239,-0.509541005625,-0.5546196327499999,4.084837499999244e-05,0.7531500349290776,3.890539787612002e-09
2025-09-04 22:30:00,GEO01,GEO,42147651.4011196,54937.788786360994,-1172757.0972135775,0.0001000040824,42147652.50856158,54938.8417445595,-1172757.1596201353,0.00010000004914062511,-1.10744198525,-1.0529581984999998,0.06240655774999999,1.529393113928865,4.033259374890612e-09
2025-09-04 22:45:00,GEO01,GEO,42153454.42156654,46177.10129309259,-941830.1355489799,0.0001000040932,42153456.1269095,46178.65258985684,-941830.2603212469,9.999991722103784e-05,-1.705342964875,-1.55129676425,0.12477226712499997,2.3087408683662805,4.175978962169222e-09
2025-09-04 23:00:00,GEO01,GEO,42158058.6922083,36732.408551110886,-706847.9571183133,0.000100004104,42158060.99545224,36734.45818644088,-706848.1442562898,9.999978530145055e-05,-2.3032439445,-2.0496353299999996,0.18713797649999997,3.0888441650735055,4.318698549447832e-09
2025-09-04 23:15:00,GEO01,GEO,42161385.00082641,26766.489042196423,-468822.3193858304,0.0001000041148,42161387.90197133,26769.037016092174,-468822.56888951623,9.999965338186328e-05,-2.9011449241250005,-2.5479738957499998,0.249503685875,3.8692460419912424,4.4614181367264415e-09
2025-09-04 23:30:00,GEO01,GEO,42163376.12134473,16451.088467014022,-228778.08396984858,0.0001000041256,42163379.62039063,16454.134779475524,-228778.39583924384,9.9999521462276e-05,-3.4990459037500004,-3.0463124615,0.31186939524999996,4.649796164277897,4.604137724005051e-09
2025-09-04 23:45:00,GEO01,GEO,42163997.79835061,5963.965021991229,12251.196080848611,0.0001000041364,42164001.89529749,5967.50967301848,12250.821845743985,9.999938954268872e-05,-4.096946883375,-3.54465102725,0.374235104625,5.4304306075774775,4.746857311283661e-09
2025-09-05 00:00:00,GEO01,GEO,42163239.33642724,-4514.168765379116,253227.72643297887,0.0001000041472,42163244.0312751,-4510.125775786116,253227.28983216488,9.999925762310144e-05,-4.694847863,-4.042989593,0.436600814,6.211117578713789,4.889576898562271e-09
2025-09-05 00:15:00,GEO01,GEO,42161113.784158304,-14802.755026265047,493113.93987645983,0.000100004158,42161117.91594498,-14799.204175386547,493113.55662894406,0.00010000168310783894,-4.131786676,-3.5508508785,0.38324751575,5.461417559173067,2.4748921610629714e-09
2025-09-05 00:30:00,GEO01,GEO,42157657.70963927,-24724.49687945284,730876.9637541241,0.0001000041688,42157661.27836476,-24721.43816728884,730876.6338599066,0.00010000410859257645,-3.5687254889999998,-3.0587121639999997,0.32989421750000003,4.711724940271852,6.02074235636712e-11
2025-09-05 00:45:00,GEO01,GEO,42152930.57135754,-34108.408659573644,965493.0671782042,0.0001000041796,42152933.577021845,-34105.84208612415,965492.790637285,0.00010000653407731394,-3.0056643019999996,-2.5665734495,0.27654091925,3.962043923029515,-2.3544773139356283e-09
2025-09-05 01:00:00,GEO01,GEO,42147013.69526468,-42792.7575644888,1195952.0688853702,0.0001000041904,42147016.1378678,-42790.6831297538,1195951.8456977492,0.00010000895956205143,-2.442603115,-2.0744347349999996,0.223187621,3.212382629972628,-4.769162051434928e-09
2025-09-05 01:15:00,GEO01,GEO,42140008.87563943,-50627.84611822665,1421261.6867513277,0.0001000042012,42140010.75518136,-50626.26382220615,1421261.516917005,0.00010001138504678894,-1.879541928,-1.5822960204999998,0.16983432275,2.4627590732314935,-7.18384678893423e-09
2025-09-05 01:30:00,GEO01,GEO,42132036.623812266,-57478.58757496625,1640451.810237627,0.000100004212,42132037.94029301,-57477.497417660255,1640451.6937566025,0.00010001381053152644,-1.316480741,-1.090157306,0.11648102450000003,1.713222788290436,-9.59853152643353e-09
2025-09-05 01:45:00,GEO01,GEO,42123234.09488058,-63226.829961333424,1852578.6773747054,0.00010000422280000001,42123234.84830014,-63226.23194274192,1852578.6142469791,0.00010001623601626395,-0.7534195540000002,-0.5980185915000003,0.06312772625000002,0.9639773700407589,-1.201321626393283e-08
2025-09-05 02:00:00,GEO01,GEO,42113752.72808336,-67773.38877021149,2056728.9382965,0.00010000423360000001,42113752.91844173,-67773.28289033449,2056728.9285220718,0.00010001866150100144,-0.190358367,-0.105879877,0.009774428,0.21804218785172974,-1.442790100143213e-08
2025-09-05 02:15:00,GEO01,GEO,42103755.641430624,-71039.75333724916,2252023.5878304015,0.00010000424440000001,42103755.80040332,-71039.65464225628,2252023.580253472,0.00010001797380906381,-0.158972697,-0.098694992875,0.007576929625,0.18727100649217515,-1.3729409063803066e-08
2025-09-05 02:30:00,GEO01,GEO,42093414.8254105,-72969.43754375353,2437621.7502099294,0.00010000425520000001,42093414.95299753,-72969.34603364479,2437621.744830498,0.00010001728611712618,-0.12758702700000002,-0.09151010875,0.00537943125,0.15710343007938762,-1.3030917126174e-08
2025-09-05 02:45:00,GEO01,GEO,42082908.184053525,-73528.95160786435,2612724.2996145943,0.00010000426600000001,42082908.280254886,-73528.86728263972,2612724.2964326614,0.00010001659842518855,-0.09620135700000002,-0.084325224625,0.0031819328750000006,0.1279670633152108,-1.2332425188544936e-08
2025-09-05 03:00:00,GEO01,GEO,42072416.474260114,-72708.37824453786,2776577.3009479,0.00010000427680000001,42072416.5390758,-72708.30110419737,2776577.2999634654,0.00010001591073325092,-0.06481568700000001,-0.0771403405,0.0009844345000000008,0.10076048096859552,-1.1633933250915872e-08
2025-09-05 03:15:00,GEO01,GEO,42062120.19604697,-70521.54328357801,2928475.2560386746,0.00010000428760000001,42062120.22947699,-70521.47332812163,2928475.2572517386,0.0001000152230413133,-0.033430017000000006,-0.069955456375,-0.0012130638749999999,0.07754226871339043,-1.0935441313286807e-08
2025-09-05 03:30:00,GEO01,GEO,42052196.487212926,-67005.7778080292,3067764.1412886595,0.00010000429840000001,42052196.489257276,-67005.71503745696,3067764.144699222,0.00010001453534937566,-0.0020443470000000297,-0.06277057224999999,-0.003410562249999999,0.06289639123280447,-1.0236949375657742e-08
2025-09-05 03:45:00,GEO01,GEO,42042816.07584873,-62221.27590947226,3193844.2236871114,0.00010000430920000001,42042816.0465074,-62221.22032378413,3193844.229295172,0.00010001384765743804,0.029341322999999975,-0.055585688125,-0.0056080606249999995,0.06310413856233019,-9.538457438028678e-09
2025-09-05 04:00:00,GEO01,GEO,42034140.34311967,-56250.059103822336,3306172.6430677325,0.00010000432000000001,42034140.28239268,-56250.010703018335,3306172.6508732913,0.0001000131599655004,0.060726993,-0.048400804,-0.007805559,0.07804698750093399,-8.839965500399613e-09
2025-09-05 04:15:00,GEO01,GEO,42026318.546853535,-49194.565228169784,3404265.7494894285,0.00010000433080000001,42026318.37854378,-49194.64988517278,3404265.31309516,0.00010001152135656289,0.16830975212500002,0.08465700300000001,0.436394268875,0.47532613932358775,-7.190556562883914e-09
2025-09-05 04:30:00,GEO01,GEO,42019485.25369905,-41175.88609311171,3487701.185676947,0.00010000434160000001,42019484.97780654,-41176.10380792171,3487700.30508285,0.00010000988274762537,0.27589251125,0.21771481,0.88059409675,0.9481362663078108,-5.541147625368214e-09
2025-09-05 04:45:00,GEO01,GEO,42013758.02403254,-32331.684211596847,3556119.7055550856,0.00010000435240000001,42013757.64055727,-32332.034984213846,3556118.380761161,0.00010000824413868786,0.38347527037500007,0.35077261699999995,1.3247939246250002,1.4230859617568852,-3.891738687852515e-09
2025-09-05 05:00:00,GEO01,GEO,42009235.38944144,-22813.82444430422,3609226.7210463868,0.00010000436320000001,42009234.89838341,-22814.30827472822,3609224.952052634,0.00010000660552975034,0.49105802950000005,0.483830424,1.7689937525000001,1.8985701893552618,-2.242329750336815e-09
2025-09-05 05:15:00,GEO01,GEO,42005995.15758041,-12785.76130620204,3646793.570472392,0.00010000437400000001,42005994.55893962,-12786.378194433039,3646791.3572788113,0.00010000496692081283,0.598640788625,0.6168882309999999,2.213193580375,2.374267825575915,-5.929208128211152e-10
2025-09-05 05:30:00,GEO01,GEO,42004093.07356339,-2419.7268846416846,3668658.503097071,0.00010000438480000001,42004092.36733984,-2420.4768306796846,3668655.8457036624,0.00010000332831187531,0.7062235477500001,0.7499460379999999,2.6573934082500004,2.8500720140935116,1.0564881246945838e-09
2025-09-05 05:45:00,GEO01,GEO,42003561.86092092,8106.232253206021,3674727.375573315,0.00010000439560000001,42003561.04711461,8105.349249361021,3674724.273980079,0.0001000016897029378,0.8138063068750001,0.883003845,3.1015932361250003,3.325937025526891,2.705897062210284e-09
2025-09-05 06:00:00,GEO01,GEO,42004410.65862249,18611.318184867036,3664974.057293824,0.00010000440640000001,42004409.73723342,18610.302123215035,3664970.51150076,0.00010000005109400028,0.921389066,1.016061652,3.545793064,3.801840020874081,4.355305999725984e-09
2025-09-05 06:15:00,GEO01,GEO,42006624.86384901,28915.09209157806,3639440.5429010675,0.00010000441720000001,42006624.3376137,28914.45265971206,3639437.246317118,9.999966861570023e-05,0.526235306,0.639431866,3.296583949625,3.3990090387438396,4.748584299775813e-09
2025-09-05 06:30:00,GEO01,GEO,42010166.383220695,38840.57853985112,3598236.771471909,0.00010000442800000001,42010166.25213915,38840.315737771125,3598233.7240970735,9.999928613740018e-05,0.131081546,0.26280208000000005,3.0473748352500003,3.061493212709942,5.1418625998256434e-09
2025-09-05 06:45:00,GEO01,GEO,42014974.28815811,48217.31017887592,3541540.153155393,0.00010000443880000001,42014974.55223033,48217.424006581925,3541537.354989672,9.999890365910013e-05,-0.2640722139999999,-0.11382770599999992,2.798165720875,2.812902821346659,5.535140899875474e-09
2025-09-05 07:00:00,GEO01,GEO,42020965.8631014,56884.2604709547,3469594.805301883,0.00010000444960000001,42020966.52232737,56884.7509284467,3469592.2563452763,9.999852118080008e-05,-0.659225974,-0.490457492,2.5489566065,2.678116356336142,5.928419199925303e-09
2025-09-05 07:15:00,GEO01,GEO,42028038.0285542,64692.614003820345,3382710.501372469,0.0001000044604,42028039.08293393,64693.48109109834,3382708.201624977,9.999813870250002e-05,-1.0543797339999998,-0.8670872779999999,2.2997474921250003,2.674396286767275,6.321697499975133e-09
2025-09-05 07:30:00,GEO01,GEO,42036069.11447008,71508.3267195262,3281261.3371543917,0.0001000044712,42036070.56400357,71509.5704365902,3281259.286616014,9.999775622419997e-05,-1.4495334939999998,-1.243717064,2.05053837775,2.8022646420597446,6.7149758000249625e-09
2025-09-05 07:45:00,GEO01,GEO,42044920.953472,77214.43201842532,3165684.1200252394,0.000100004482,42044922.79815926,77216.05236527532,3165682.318695976,9.999737374589992e-05,-1.844687254,-1.62034685,1.801329263375,3.0451899931639903,7.108254100074793e-09
2025-09-05 08:00:00,GEO01,GEO,42054441.257892855,81713.05305914953,3036476.4882012736,0.0001000044928,42054443.49773387,81715.05003578553,3036474.9360811245,9.999699126759987e-05,-2.239841014,-1.996976636,1.552120149,3.37844348919117,7.501532400124623e-09
2025-09-05 08:15:00,GEO01,GEO,42064466.23974259,84927.08663867787,2894194.7680678037,0.0001000045036,42064468.27161635,84928.88434938212,2894193.5788535117,9.999646402331224e-05,-2.03187375225,-1.79771070425,1.18921429175,2.9621791561213815,8.039576687749765e-09
2025-09-05 08:30:00,GEO01,GEO,42074823.42852743,86801.52968116105,2739451.5788171845,0.0001000045144,42074825.25243392,86803.12812593355,2739450.75250875,9.999593677902463e-05,-1.8239064905,-1.5984447725000002,0.8263084345,2.562117523796761,8.577620975374905e-09
2025-09-05 08:45:00,GEO01,GEO,42085334.63844361,87304.42551418766,2572913.194708229,0.0001000045252,42085336.25438284,87305.82469302841,2572912.731305652,9.9995409534737e-05,-1.6159392287499998,-1.3991788407499999,0.4634025772499999,2.1871677960361433,9.115665263000045e-09
2025-09-05 09:00:00,GEO01,GEO,42095819.03389761,86427.41365314648,2395296.676304135,0.000100004536,42095820.44186957,86428.61356605547,2395296.575807415,9.999488229044938e-05,-1.407971967,-1.199912909,0.10049671999999998,1.8526401808698443,9.653709550625187e-09
2025-09-05 09:15:00,GEO01,GEO,42106096.24061351,84185.87363598496,2207366.783041,0.0001000045468,42106097.44061822,84186.8742829622,2207367.045450137,9.999435504616175e-05,-1.20000470525,-1.00064697725,-0.26240913725000015,1.584349778620236,1.0191753838250328e-08
2025-09-05 09:30:00,GEO01,GEO,42115989.44880398,80618.66043223068,2009932.6804203854,0.0001000045576,42115990.44084143,80619.46181327618,2009933.30573538,9.999382780187413e-05,-0.9920374434999999,-0.8013810454999999,-0.6253149945000003,1.4203410547256683,1.0729798125875468e-08
2025-09-05 09:45:00,GEO01,GEO,42125328.45501733,75787.43598068878,1803844.456003626,0.0001000045684,42125329.23908751,75788.03809580253,1803845.4442244777,9.99933005575865e-05,-0.78407018175,-0.60211511375,-0.9882208517500002,1.3978158362063113,1.1267842413500611e-08
2025-09-05 10:00:00,GEO01,GEO,42133952.590328895,69775.60835163668,1589989.459209062,0.0001000045792,42133953.166431814,69776.01120081868,1589990.810335771,9.999277331329887e-05,-0.57610292,-0.402849182,-1.351126709,1.523064483744456,1.180588670112575e-08
2025-09-05 10:15:00,GEO01,GEO,42141713.48449979,62686.896790144965,1369288.4806716233,0.00010000459,42141713.55787317,62686.86190797259,1369290.2498203728,9.999310705501168e-05,-0.07337337599999993,0.03488217237500002,-1.7691487496250002,1.7710131892662286,1.1482944988312548e-08
2025-09-05 10:30:00,GEO01,GEO,42148477.618548125,54643.547323012725,1142691.787615379,0.0001000046008,42148477.18919196,54643.074709485976,1142693.9747861694,9.99934407967245e-05,0.4293561680000001,0.47261352675,-2.18717079025,2.2784701732499215,1.1160003275499347e-08
2025-09-05 10:45:00,GEO01,GEO,42154128.621818446,45784.22962986678,911175.0323094025,0.0001000046116,42154127.68973273,45783.31928498566,911177.6375022334,9.999377453843731e-05,0.932085712,0.9103448811249999,-2.605192830875,2.9128235894313157,1.0837061562686143e-08
2025-09-05 11:00:00,GEO01,GEO,42158569.274030015,36261.651362079196,675735.0512237555,0.0001000046224,42158567.83921476,36260.30328584369,675738.074438627,9.999410828015012e-05,1.4348152560000003,1.3480762355,-3.0232148715000005,3.6077461821515326,1.0514119849872942e-08
2025-09-05 11:15:00,GEO01,GEO,42161723.177860975,26239.930948533118,437385.5729732659,0.0001000046332,42161721.240316175,26238.14514094324,437389.014210178,9.999444202186294e-05,1.9375448000000004,1.7858075898749999,-3.4412369121250004,4.334201205001194,1.0191178137059738e-08
2025-09-05 11:30:00,GEO01,GEO,42163536.073292784,15891.774092608131,197152.853529051,0.000100004644,42163533.63301844,15889.550553663881,197156.71278800376,9.999477576357575e-05,2.440274344,2.2235389442499995,-3.8592589527500003,5.07867541539741,9.868236424246537e-09
2025-09-05 11:45:00,GEO01,GEO,42163976.77110325,5395.502531485574,-43928.74250865206,0.0001000046548,42163973.82809936,5392.841261186949,-43924.465227658686,9.999510950528857e-05,2.9430038880000002,2.6612702986250003,-4.277280993375,5.834274949247228,9.545294711433335e-09
2025-09-05 12:00:00,GEO01,GEO,42163037.689447865,-5068.013822254725,-284821.1955507959,0.0001000046656,42163034.24371443,-5071.112823907725,-284816.5002477619,9.999544324700138e-05,3.445733432,3.099001653,-4.695303034,6.597178238519014,9.222352998620132e-09
2025-09-05 12:15:00,GEO01,GEO,42160734.9842984,-15318.46857877262,-524487.300397101,0.0001000046764,42160731.59001229,-15321.53804071812,-524482.8210440449,9.999825165746361e-05,3.394286109375,3.0694619455,-4.479353056,6.403700385516585,6.424742536384956e-09
2025-09-05 12:30:00,GEO01,GEO,42157108.27149447,-25179.220874199644,-761895.132107008,0.0001000046872,42157104.928655684,-25182.260796437644,-761890.86870393,0.00010000106006792585,3.34283878675,3.039922238,-4.263403078,6.212270452321519,3.6271320741497778e-09
2025-09-05 12:45:00,GEO01,GEO,42152219.9451901,-34480.33431137726,-996022.489135665,0.000100004698,42152216.65379864,-34483.344693907755,-996018.441682565,0.0001000038684783881,3.2913914641249997,3.0103825305000003,-4.0474531,6.023083707433768,8.295216119145999e-10
2025-09-05 13:00:00,GEO01,GEO,42146154.104420505,-43061.50055627525,-1225861.2946040449,0.0001000047088,42146150.86447636,-43064.48139909825,-1225857.4631009228,0.00010000667688885033,3.2399441414999997,2.980842823,-3.831503122,5.836358295150027,-1.9680888503205768e-09
2025-09-05 13:15:00,GEO01,GEO,42139015.10625689,-50774.79729418084,-1450421.9367528078,0.0001000047196,42139011.91776007,-50777.74859729634,-1450418.321199664,0.00010000948529931256,3.188496818875,2.9513031155,-3.6155531439999997,5.652338151652312,-4.765699312555756e-09
2025-09-05 13:30:00,GEO01,GEO,42130925.77044045,-57487.233093652874,-1668737.5298913752,0.0001000047304,42130922.633390956,-57490.15485706087,-1668734.1302882093,0.0001000122937097748,3.13704949625,2.9217634080000003,-3.399603166,5.471296248653273,-7.563309774790932e-09
2025-09-05 13:45:00,GEO01,GEO,42122025.26638359,-63083.03540105373,-1879868.0774957614,0.0001000047412,42122022.18078142,-63085.92762475423,-1879864.8938425735,0.00010001510212023703,3.085602173625,2.8922237005,-3.183653188,5.293538167339101,-1.036092023702611e-08
2025-09-05 14:00:00,GEO01,GEO,42112466.71889013,-67465.64229794592,-2082904.519530447,0.000100004752,42112463.684735276,-67468.50498193891,-2082901.551827237,0.00010001791053069926,3.034154851,2.862683993,-2.96770321,5.11940598568521,-1.3158530699261288e-08
2025-09-05 14:15:00,GEO01,GEO,42102414.57378625,-70559.36375971138,-2276972.6465676553,0.0001000047628,42102412.041953556,-70561.76164107464,-2276970.081109644,0.00010001489453233706,2.53183269175,2.3978813632500002,-2.565458011125,4.32915541625398,-1.0131732337058993e-08
2025-09-05 14:30:00,GEO01,GEO,42092041.768783614,-72310.68383125961,-2461236.863851149,0.0001000047736,42092039.73927308,-72312.61690999311,-2461234.700638337,0.00010001187853397486,2.0295105325,1.9330787335,-2.16321281225,3.540507882002376,-7.104933974856699e-09
2025-09-05 14:45:00,GEO01,GEO,42081526.7582477,-72689.18131869659,-2634903.789097764,0.0001000047844,42081525.23105933,-72690.64959480034,-2634902.028130151,0.00010000886253561266,1.52718837325,1.46827610375,-1.7609676133749999,2.7548404635457397,-4.078135612654405e-09
2025-09-05 15:00:00,GEO01,GEO,42071050.44305721,-71688.05315788835,-2797225.6685455423,0.0001000047952,42071049.41819099,-71689.05663136236,-2797224.309823128,0.00010000584653725046,1.0248662139999998,1.003473474,-1.3587224144999999,1.9757116108594979,-1.0513372504521104e-09
2025-09-05 15:15:00,GEO01,GEO,42060793.05837344,-69324.23145507649,-2947503.5965402783,0.000100004806,42060792.53582938,-69324.77012592074,-2947502.640063063,0.00010000283053888826,0.52254405475,0.5386708442499999,-0.9564772156250001,1.2157578836303433,1.975461111750184e-09
2025-09-05 15:30:00,GEO01,GEO,42050931.07286279,-65638.09218537807,-3085090.5247978154,0.0001000048168,42050931.05264089,-65638.16605359258,-3085089.9705657987,9.999981454052605e-05,0.020221895500000198,0.07386821450000003,-0.5542320167499999,0.5594984955849328,5.002259473952479e-09
2025-09-05 15:45:00,GEO01,GEO,42041634.152718246,-60692.7605621852,-3209394.048385237,0.0001000048276,42041634.63481851,-60692.36962776995,-3209393.896398419,9.999679854216385e-05,-0.48210026375000004,-0.39093441524999983,-0.15198681787500012,0.6390229840486549,8.029057836154773e-09
2025-09-05 16:00:00,GEO01,GEO,42033062.24271107,-54573.02502636239,-3319878.9564254503,0.0001000048384,42033063.22713349,-54572.16928931739,-3319879.2066838313,9.999378254380165e-05,-0.984422423,-0.855737045,0.250258381,1.3281576165317368,1.1055856198357066e-08
2025-09-05 16:15:00,GEO01,GEO,42025362.8144905,-47383.87854068726,-3416069.536542542,0.0001000048492,42025363.774491675,-47383.14416442939,-3416070.7718644575,9.999476692233894e-05,-0.9600011743750001,-0.734376257875,1.2353219158750002,1.7282739883400864,1.0082277661067778e-08
2025-09-05 16:30:00,GEO01,GEO,42018668.329471774,-39248.712284313515,-3497551.62312585,0.00010000486,42018669.2650517,-39248.099268842765,-3497553.843511301,9.999575130087623e-05,-0.93557992575,-0.6130154707500001,2.2203854507500003,2.4862037958999865,9.10869912377849e-09
2025-09-05 16:45:00,GEO01,GEO,42013093.959961295,-30307.19282242097,-3563974.3805934843,0.0001000048708,42013094.87111997,-30306.701167737345,-3563977.58604247,9.999673567941352e-05,-0.911158677125,-0.49165468362500003,3.2054489856250004,3.3685067407198286,8.135120586489204e-09
2025-09-05 17:00:00,GEO01,GEO,42008735.60772475,-20712.85927386023,-3615051.813977175,0.0001000048816,42008736.49446218,-20712.48897996373,-3615056.0044896957,9.99977200579508e-05,-0.8867374285,-0.37029389650000005,4.1905125205000004,4.299280872582671,7.1615420491999165e-09
2025-09-05 17:15:00,GEO01,GEO,42005668.25408677,-10630.481812957674,-3650564.00032436,0.0001000048924,42005669.11640295,-10630.2328798483,-3650569.1759004155,9.999870443648809e-05,-0.8623161798750001,-0.24893310937500002,5.175576055375,5.252822516703602,6.18796351191063e-09
2025-09-05 17:30:00,GEO01,GEO,42003944.66994735,-233.22695438354276,-3670358.0356154693,0.00010000490320000001,42003945.50784228,-233.09938206129277,-3670364.1962550594,9.999968881502538e-05,-0.83789493125,-0.12757232225000004,6.160639590250001,6.218667282800584,5.2143849746213435e-09
2025-09-05 17:45:00,GEO01,GEO,42003594.50790785,10300.321616097004,-3674348.6931193233,0.00010000491400000001,42003595.32138153,10300.327827632129,-3674355.8388224486,0.00010000067319356268,-0.813473682625,-0.006211535125000056,7.145703125125,7.191860063148704,4.240806437332057e-09
2025-09-05 18:00:00,GEO01,GEO,42004623.79212567,20789.23540661577,-3662518.7903519394,0.00010000492480000001,42004624.58117811,20789.12025736377,-3662526.9211185994,0.00010000165757209997,-0.789052434,0.115149252,8.13076666,8.169775368589093,3.267227900042769e-09
2025-09-05 18:15:00,GEO01,GEO,42007014.81467423,31053.353825283237,-3634919.263058771,0.00010000493560000001,42007015.69741823,31053.310039570613,-3634926.9858057653,0.00010000236864039983,-0.88274399775,0.04378571262499999,7.72274699425,7.773157356659593,2.566959600181136e-09
2025-09-05 18:30:00,GEO01,GEO,42010726.44019134,40916.383674517274,-3591668.9459018116,0.00010000494640000001,42010727.41662691,40916.41125234403,-3591676.2606291403,0.0001000030797086997,-0.9764355615,-0.02757782675000002,7.3147273285,7.379662785832075,1.866691300319503e-09
2025-09-05 18:45:00,GEO01,GEO,42015694.81357464,50208.93211049028,-3532954.060795876,0.00010000495720000001,42015695.883701764,50209.0310518564,-3532960.967503539,0.00010000379077699954,-1.07012712525,-0.09894136612500003,6.906707662750001,6.9898191819829,1.16642300045787e-09
2025-09-05 19:00:00,GEO01,GEO,42021834.45854896,58771.42088899948,-3459027.415097104,0.00010000496800000001,42021835.62236765,58771.59119390498,-3459033.913785101,0.0001000045018452994,-1.163818689,-0.17030490550000005,6.498687997,6.60427311549537,4.66154700596237e-10
2025-09-05 19:15:00,GEO01,GEO,42029039.74820584,66456.83176035061,-3370207.313096031,0.00010000497880000001,42029041.00571609,66457.07342879548,-3370213.4037643624,0.00010000521291359927,-1.25751025275,-0.24166844487500005,6.09066833125,6.223823293949735,-2.3411359926539604e-10
2025-09-05 19:30:00,GEO01,GEO,42037186.72221565,73133.23578064889,-3266876.1855019694,0.00010000498960000001,42037188.07341747,73133.54881263313,-3266881.8681506347,0.00010000592398189913,-1.3512018165,-0.31303198425000006,5.6826486655,5.849464182947471,-9.343818991270288e-10
2025-09-05 19:45:00,GEO01,GEO,42046135.21944937,78686.06302572414,-3149478.9428197592,0.00010000500040000001,42046136.66434275,78686.44742124777,-3149484.217448759,0.000100006635050199,-1.44489338025,-0.38439552362500007,5.27462899975,5.482443605170681,-1.634650198988662e-09
2025-09-05 20:00:00,GEO01,GEO,42055731.28931971,83020.07365990058,-3018521.0597086265,0.00010000501120000001,42055732.82790466,83020.52941896358,-3018525.9263179605,0.00010000734611849886,-1.538584944,-0.455759063,4.866609334,5.124338626904553,-2.3349184988502946e-09
2025-09-05 20:15:00,GEO01,GEO,42065809.84035722,86060.99644882232,-2874566.3985713506,0.00010000502200000001,42065810.58158304,86060.80105437769,-2874570.4659302346,0.00010000683304956159,-0.7412258141249999,0.195394444625,4.06735888425,4.13896158351379,-1.8110495615770295e-09
2025-09-05 20:30:00,GEO01,GEO,42076197.4804547,87756.80652560294,-2718234.781744648,0.00010000503280000001,42076197.42432138,87755.95997765068,-2718238.0498530823,0.00010000631998062432,0.056133315750000135,0.84654795225,3.2681084344999998,3.376437045799284,-1.2871806243037642e-09
2025-09-05 20:45:00,GEO01,GEO,42086715.499916345,88078.62043119967,-2550199.322744086,0.00010000504360000001,42086714.6464239,88077.1227297398,-2550201.7916020704,0.00010000580691168703,0.8534924456250004,1.497701459875,2.4688579847499996,3.0111158673346465,-7.633116870304988e-10
2025-09-05 21:00:00,GEO01,GEO,42097182.94599114,87021.19302636757,-2371183.5280544544,0.00010000505440000001,42097181.295139566,87019.04417140008,-2371185.1976619894,0.00010000529384274976,1.6508515755000002,2.1488549675,1.669607535,3.1828411704967365,-2.394427497572336e-10
2025-09-05 21:15:00,GEO01,GEO,42107419.735995814,84603.0077297613,-2181958.181944186,0.00010000506520000001,42107417.287785105,84600.20772128618,-2181959.052301271,0.00010000478077381249,2.4482107053750006,2.8000084751250003,0.8703570852499998,3.819856617011882,2.8442618751603174e-10
2025-09-05 21:30:00,GEO01,GEO,42117249.75546911,80865.958528433,-1983338.0277169282,0.00010000507600000001,42117246.50989928,80862.50736645024,-1983338.0988235637,0.00010000426770487522,3.2455698352500004,3.45116198275,0.07110663549999963,4.738069094079967,8.08295124789297e-10
2025-09-05 21:45:00,GEO01,GEO,42126503.88805656,75874.6292299591,-1776178.2596896926,0.00010000508680000001,42126499.8451276,75870.52691446872,-1776177.5315458784,0.00010000375463593795,4.042928965125,4.102315490374999,-0.7281438142500001,5.805554272750183,1.3321640620625626e-09
2025-09-05 22:00:00,GEO01,GEO,42135022.92499931,69715.1823594924,-1561370.8410019348,0.00010000509760000001,42135018.08471122,69710.42889049441,-1561369.3136076708,0.00010000324156700068,4.840288095,4.753468998,-1.527394264,6.9539046294327305,1.8560329993358273e-09
2025-09-05 22:15:00,GEO01,GEO,42142660.30417205,62493.8768128939,-1339840.663110054,0.00010000510840000001,42142655.96560709,62489.616117151774,-1339839.232506233,0.00010000326654231308,4.338564956,4.260695742125,-1.430603821,6.246863323064879,1.8418576869268672e-09
2025-09-05 22:30:00,GEO01,GEO,42149284.63154739,54335.23977288045,-1112541.5635030728,0.00010000511920000001,42149280.79470558,54331.4718503942,-1112540.229689695,0.0001000032915176255,3.836841817,3.76792248625,-1.3338133779999999,5.540546283391198,1.8276823745179071e-09
2025-09-05 22:45:00,GEO01,GEO,42154781.94170742,45379.92433419451,-880452.2187860896,0.00010000513000000001,42154778.606588736,45376.64918496414,-880450.9817631546,0.00010000331649293791,3.3351186779999997,3.275149230375,-1.237022935,4.835270914776795,1.8135070621089476e-09
2025-09-05 23:00:00,GEO01,GEO,42159057.65851212,35782.289698964916,-644571.9308145132,0.00010000514080000001,42159054.82511658,35779.507322990416,-644570.7905820212,0.00010000334146825031,2.833395539,2.7823759745,-1.140232492,4.131570703704882,1.7993317496999876e-09
2025-09-05 23:15:00,GEO01,GEO,42162038.22219354,25707.745571185835,-405916.3240225588,0.0001000051516,42162035.89052114,25705.45596846721,-405915.2805805098,0.0001000033664435627,2.3316724,2.289602718625,-1.043442049,3.4304151497563775,1.7851564372910275e-09
2025-09-05 23:30:00,GEO01,GEO,42163672.35488285,15329.906437023077,-165512.97247211056,0.0001000051624,42163670.52493359,15328.109607560327,-165512.02582050455,0.00010000339141887512,1.8299492609999999,1.7968294627499999,-0.946651606,2.733762915686596,1.7709811248820678e-09
2025-09-05 23:45:00,GEO01,GEO,42163931.94279812,4827.604689522646,75603.02454978415,0.0001000051732,42163930.614572,4826.300633315771,75603.87441094716,0.00010000341639418752,1.3282261220000002,1.304056206875,-0.8498611629999999,2.046218761087896,1.756805812473108e-09
2025-09-06 00:00:00,GEO01,GEO,42162812.51991575,-5618.186015164014,316393.4993345495,0.000100005184,42162811.693412766,-5618.997298115014,316394.2524052695,0.00010000344136949993,0.826502983,0.811282951,-0.75307072,1.381449498466189,1.7426305000641478e-09
2025-09-06 00:15:00,GEO01,GEO,42160333.344804175,-15827.464240873232,555821.685767349,0.0001000051948,42160332.63939197,-15828.153129658733,555822.3439251332,0.00010000499551570004,0.7054122015000001,0.6888887855,-0.6581577842499999,1.1854728178164236,1.9928429995727249e-10
2025-09-06 00:30:00,GEO01,GEO,42156537.06929818,-25624.29752673395,792856.6833076075,0.0001000052056,42156536.48497676,-25624.86402135395,792857.246552456,0.00010000654966190015,0.58432142,0.5664946200000001,-0.5632448485,0.98974362120781,-1.3440619001496028e-09
2025-09-06 00:45:00,GEO01,GEO,42151489.00471396,-34839.84914255515,1026477.895714133,0.0001000052164,42151488.54148332,-34840.29324300965,1026478.3640460458,0.00010000810380810025,0.46323063849999996,0.4441004545000001,-0.46833191274999997,0.7944448493333555,-2.887408100256478e-09
2025-09-06 01:00:00,GEO01,GEO,42145275.998229004,-43315.28276580572,1255679.425403379,0.0001000052272,42145275.65608915,-43315.604472094725,1255679.798822356,0.00010000965795430036,0.342139857,0.32170628900000003,-0.373418977,0.5999969587538411,-4.4307543003633535e-09
2025-09-06 01:15:00,GEO01,GEO,42138004.93875745,-50904.495112564415,1479474.404519962,0.000100005238,42138004.71770837,-50904.694424687914,1479474.6830260032,0.00010001121210050047,0.22104907549999997,0.19931212350000005,-0.27850604125,0.40761946882629474,-5.974100500470229e-09
2025-09-06 01:30:00,GEO01,GEO,42129800.91802631,-57476.62950754538,1696899.244071311,0.0001000052488,42129800.81806802,-57476.706425503384,1696899.4276644166,0.00010001276624670057,0.09995829399999989,0.07691795800000012,-0.18359310549999996,0.22274303847576093,-7.517446700577103e-09
2025-09-06 01:45:00,GEO01,GEO,42120805.07848912,-62918.32715122029,1907017.7828311012,0.0001000052596,42120805.0996216,-62918.28167501279,1907017.871511271,0.00010001432039290068,-0.021132487500000074,-0.04547620749999992,-0.08868016975000004,0.10187659193067625,-9.060792900683978e-09
2025-09-06 02:00:00,GEO01,GEO,42111172.185101934,-67135.67735235766,2108925.3181474507,0.0001000052704,42111172.3273252,-67135.50948198466,2108925.3119146847,0.00010001587453910079,-0.142223269,-0.167870373,0.006232766,0.22010626467280808,-1.0604139100790854e-08
2025-09-06 02:15:00,GEO01,GEO,42101067.962736934,-70055.83317349851,2301752.501300761,0.0001000052812,42101068.080575384,-70055.67208938401,2301752.4934172444,0.00010001598953547579,-0.11783845050000001,-0.1610841145,0.00788351675,0.199740186734762,-1.070833547578772e-08
2025-09-06 02:30:00,GEO01,GEO,42090666.24504076,-71628.26469316334,2484669.080638919,0.000100005292,42090666.33849439,-71628.11039530733,2484669.0711046513,0.00010001610453185079,-0.09345363200000001,-0.15429785599999998,0.009534267499999999,0.1806441583803631,-1.0812531850784585e-08
2025-09-06 02:45:00,GEO01,GEO,42080145.98378916,-71825.62832919136,2656887.476372998,0.0001000053028,42080146.05285797,-71825.48081759385,2656887.46518798,0.00010001621952822578,-0.0690688135,-0.14751159749999998,0.01118501825,0.16326443895886397,-1.091672822578145e-08
2025-09-06 03:00:00,GEO01,GEO,42069688.170188844,-70644.2372553423,2817666.17164193,0.0001000053136,42069688.21487284,-70644.0965300033,2817666.158806161,0.00010001633452460078,-0.044683995000000004,-0.140725339,0.012835769,0.14820606401779352,-1.1020924600778315e-08
2025-09-06 03:15:00,GEO01,GEO,42059472.72109292,-68104.12483299151,2966312.905244778,0.0001000053244,42059472.74139209,-68103.99089391102,2966312.8907582583,0.00010001644952097578,-0.020299176500000002,-0.1339390805,0.01448651975,0.13624093770313964,-1.1125120975775181e-08
2025-09-06 03:30:00,GEO01,GEO,42049675.38369954,-64248.699954651296,3102187.6522942944,0.0001000053352,42049675.37961389,-64248.572801829294,3102187.6361570237,0.00010001656451735078,0.0040856420000000004,-0.127152822,0.0161372705,0.12823784196681579,-1.1229317350772048e-08
2025-09-06 03:45:00,GEO01,GEO,42040464.71198563,-59144.000233374536,3224705.379957582,0.000100005346,42040464.68351517,-59143.87986681104,3224705.3621695605,0.00010001667951372578,0.02847046049999999,-0.1203665635,0.01778802125,0.1249603554327213,-1.1333513725768912e-08
2025-09-06 04:00:00,GEO01,GEO,42031999.16689318,-52877.55589057319,3333338.566418728,0.0001000053568,42031999.1140379,-52877.44231026819,3333338.546979956,0.00010001679451010076,0.052855279,-0.113580305,0.019438772,0.12677551837373355,-1.1437710100765777e-08
2025-09-06 04:15:00,GEO01,GEO,42024424.3901568,-45556.88387621939,3427619.4722176758,0.0001000053676,42024424.96138357,-45554.916458070016,3427620.062325959,0.00010001730780823817,-0.5712267750000001,-1.9674181493749998,-0.59010828325,2.1319620045693384,-1.1940208238160548e-08
2025-09-06 04:30:00,GEO01,GEO,42017870.69867382,-37307.63814343326,3507142.154185373,0.0001000053784,42017871.89398265,-37303.816887439505,3507143.3538407115,0.00010001782110637556,-1.195308829,-3.82125599375,-1.1996553385,4.179704953420421,-1.2442706375555319e-08
2025-09-06 04:45:00,GEO01,GEO,42012450.84252381,-28271.447888478637,3571564.2133041862,0.0001000053892,42012452.6619147,-28265.77279464051,3571566.02250658,0.00010001833440451295,-1.819390883,-5.675093838125,-1.80920239375,6.228168796541934,-1.294520451295009e-08
2025-09-06 05:00:00,GEO01,GEO,42008258.0652088,-18603.48095185589,3620608.2689675945,0.0001000054,42008260.50868174,-18595.95202017339,3620610.6877170433,0.00010001884770265035,-2.443472937,-7.5289316825,-2.418749449,8.276818299965361,-1.344770265034486e-08
2025-09-06 05:15:00,GEO01,GEO,42005364.49948601,-8469.774302413687,3654063.153291596,0.0001000054108,42005367.567040995,-8460.391532886812,3654066.1815881003,0.00010001936100078774,-3.067554991,-9.382769526874998,-3.0282965042499996,10.325542955937758,-1.395020078773963e-08
2025-09-06 05:30:00,GEO01,GEO,42003819.92639115,1955.622474753065,3671784.820335539,0.0001000054216,42003823.61802819,1966.8590821243151,3671788.4581790986,0.00010001987429892513,-3.6916370450000002,-11.236607371249999,-3.6378435595,12.374305437116128,-1.4452698925134401e-08
2025-09-06 05:45:00,GEO01,GEO,42003650.91880218,12493.641538461321,3673696.9663174455,0.0001000054324,42003655.23452128,12506.731983676946,3673701.2137080603,0.00010002038759706253,-4.315719099000001,-13.090445215625,-4.24739061475,14.423089624592201,-1.495519706252917e-08
2025-09-06 06:00:00,GEO01,GEO,42004860.38427782,22963.277486037463,3659791.358153502,0.0001000054432,42004865.32407898,22978.22176909746,3659796.215091172,0.00010002090089519993,-4.939801153,-14.94428306,-4.85693767,16.471887418837227,-1.5457695199923943e-08
2025-09-06 06:15:00,GEO01,GEO,42007427.515035704,33184.70138330571,3630127.8689070544,0.000100005454,42007431.34833979,33195.87141870446,3630130.5312547293,0.00010001586171401262,-3.8333040850000004,-11.17003539875,-2.662347675,12.105866600949462,-1.0407714012605347e-08
2025-09-06 06:30:00,GEO01,GEO,42011308.14593082,42982.35455159098,3584834.219994521,0.0001000054648,42011310.87273784,42989.75033932848,3584834.6877522008,0.0001000108225328253,-2.7268070170000005,-7.395787737500001,-0.46775768000000006,7.896325095467816,-5.3577328252867524e-09
2025-09-06 06:45:00,GEO01,GEO,42016435.51427561,52187.968891909346,3524105.4312581476,0.0001000054756,42016437.13458556,52191.5904319856,3524103.7044258327,0.00010000578335163797,-1.6203099490000001,-3.6215400762500014,1.7268323149999993,4.326997423022286,-3.0775163796815853e-10
2025-09-06 07:00:00,GEO01,GEO,42022721.40842951,60643.46177979186,3448202.9812735114,0.0001000054864,42022721.922242396,60643.30907220686,3448199.0598512013,0.00010000074417045065,-0.5138128810000007,0.15270758499999815,3.9214223099999996,3.9578878479011737,4.742229549350437e-09
2025-09-06 07:15:00,GEO01,GEO,42030057.68539796,68203.65573030151,3357453.6815070766,0.0001000054972,42030057.09271377,68199.72877505526,3357447.5654947716,9.999570498926333e-05,0.5926841869999997,3.9269552462499995,6.116012304999999,7.29231503478022,9.792210736669033e-09
2025-09-06 07:30:00,GEO01,GEO,42038318.131331414,74738.77603922039,3252248.269171445,0.000100005508,42038316.432150155,74731.0748363129,3252239.9585691453,9.999066580807601e-05,1.699181255,7.701202907499997,8.3106023,11.456956565711291,1.4842191923987625e-08
2025-09-06 07:45:00,GEO01,GEO,42047360.63291679,80136.68343675137,3133039.724837003,0.0001000055188,42047357.82723847,80125.20798618262,3133029.2196447076,9.99856266268887e-05,2.8056783229999995,11.475450568749999,10.505192294999997,15.808759020331232,1.989217311130622e-08
2025-09-06 08:00:00,GEO01,GEO,42057029.62230419,84304.80333858356,3000341.322043608,0.0001000055296,42057025.7101288,84289.55364035355,3000328.622261318,9.998058744570138e-05,3.912175391,15.24969823,12.69978229,20.22728065285615,2.4942154298624816e-08
2025-09-06 08:15:00,GEO01,GEO,42067158.75350633,87171.71850480139,2854724.417310397,0.0001000055404,42067154.96907175,87158.02233851115,2854713.3113373453,9.99827236685264e-05,3.784434577625,13.69616629025,11.105973052,18.03467641944968,2.2816731473611652e-08
2025-09-06 08:30:00,GEO01,GEO,42077573.764225945,88688.3977079466,2696815.9900588146,0.0001000055512,42077570.10753218,88676.2550735961,2696806.4778950005,9.998485989135141e-05,3.65669376425,12.1426343505,9.512163814,15.852325970652332,2.069130864859849e-08
2025-09-06 08:45:00,GEO01,GEO,42088095.47387561,88829.03926768899,2527295.9430414964,0.000100005562,42088091.94492266,88818.45016527823,2527288.0246869205,9.998699611417642e-05,3.528952950875,10.58910241075,7.9183545760000005,13.685135658300979,1.8565885823585327e-08
2025-09-06 09:00:00,GEO01,GEO,42098542.86621246,87591.51494583115,2346894.1749003916,0.0001000055728,42098539.46500032,87582.47937536016,2346887.850355054,9.998913233700143e-05,3.4012121375,9.035570471,6.324545338,11.541648559590698,1.6440462998572166e-08
2025-09-06 09:15:00,GEO01,GEO,42108736.20355341,84997.40656033531,2156387.4374585156,0.0001000055836,42108732.93008208,84989.92452180406,2156382.7067224155,9.999126855982645e-05,3.273471324125,7.48203853125,4.7307361000000006,9.438028350287022,1.4315040173559002e-08
2025-09-06 09:30:00,GEO01,GEO,42118500.11899404,81091.63469005004,1956595.9912773026,0.00010000559440000001,42118496.97326353,81085.70618345853,1956592.8543504407,9.999340478265147e-05,3.14573051075,5.9285065915,3.136926862000001,7.4083143149612365,1.218961734854584e-08
2025-09-06 09:45:00,GEO01,GEO,42127666.63343237,75941.68585925549,1748380.0738790748,0.00010000560520000001,42127663.61544268,75937.31088460374,1748378.5307614508,9.999554100547647e-05,3.017989697375,4.37497465175,1.5431176240000006,5.534426530221183,1.0064194523532677e-08
2025-09-06 10:00:00,GEO01,GEO,42136078.04549231,69636.45149337128,1532636.1958418041,0.00010000561600000001,42136075.15524342,69633.63005065928,1532636.246533418,9.999767722830149e-05,2.890248884,2.821442712,-0.050691614,4.039386986696259,7.938771698519513e-09
2025-09-06 10:15:00,GEO01,GEO,42143589.644628435,62284.698625866324,1310293.2807138201,0.00010000562680000001,42143586.961907424,62282.06698445895,1310293.847785869,9.999723831870147e-05,2.68272101225,2.631641407375,-0.5670720488750001,3.800539334777845,8.388481298535535e-09
2025-09-06 10:30:00,GEO01,GEO,42150072.20073577,54013.198664322495,1082308.6653684783,0.00010000563760000001,42150069.72554263,54010.756824219745,1082309.748820962,9.999679940910145e-05,2.4751931405,2.44184010275,-1.0834524837500001,3.641844787291247,8.838190898551556e-09
2025-09-06 10:45:00,GEO01,GEO,42155414.187432915,44964.54640353471,849663.978020575,0.00010000564840000001,42155411.91976765,44962.29436473658,849665.5778534936,9.999636049950144e-05,2.26766526875,2.252038798125,-1.5998329186250002,3.5739963467904516,9.287900498567578e-09
2025-09-06 11:00:00,GEO01,GEO,42159523.7007693,35294.70681947842,613360.9116517191,0.00010000565920000001,42159521.6406319,35292.644581984925,613363.0278650726,9.999592158990142e-05,2.060137397,2.0622374935,-2.1162133535000005,3.602131109724744,9.737610098583601e-09
2025-09-06 11:15:00,GEO01,GEO,42162330.040346675,25170.331834379584,374416.91104353167,0.00010000567000000001,42162328.18773715,25168.45939819071,374419.54363732005,9.99954826803014e-05,1.8526095252499999,1.872436188875,-2.632593788375001,3.724074299614121,1.0187319698599623e-08
2025-09-06 11:30:00,GEO01,GEO,42163784.9256535,14765.893227288965,133860.79198868398,0.00010000568080000001,42163783.28057185,14764.210592404715,133863.94096290722,9.99950437707014e-05,1.6450816535,1.68263488425,-3.1489742232500006,3.9311057552640642,1.0637029298615646e-08
2025-09-06 11:45:00,GEO01,GEO,42163863.32668596,4260.681011368753,-107271.68845823135,0.00010000569160000001,42163861.88913218,4259.1881777891285,-107268.02310357323,9.999460486110138e-05,1.43755378175,1.492833579625,-3.665354658125001,4.2106932614141295,1.1086738898631666e-08
2025-09-06 12:00:00,GEO01,GEO,42162563.8945658,-6164.281086532399,-347942.2916162752,0.00010000570240000001,42162562.66453989,-6165.584118807399,-347938.1098811822,9.999416595150137e-05,1.23002591,1.303032275,-4.181735093,4.549479666620209,1.1536448498647688e-08
2025-09-06 12:15:00,GEO01,GEO,42159908.98474655,-16329.349966073409,-587114.7674992089,0.00010000571320000001,42159907.72134911,-16330.663489253033,-587110.4447416839,9.999569379342608e-05,1.263397438125,1.313523179625,-4.322757525,4.691241717287344,1.0019406573930557e-08
2025-09-06 12:30:00,GEO01,GEO,42155944.27240884,-26059.35374688171,-823759.3165736025,0.00010000572400000001,42155942.97563988,-26060.67776096596,-823754.8527936455,9.999722163535079e-05,1.29676896625,1.3240140842500001,-4.463779957,4.833213687768872,8.502364649213423e-09
2025-09-06 12:45:00,GEO01,GEO,42150737.96666154,-35186.605438834056,-1056857.0237433768,0.00010000573480000001,42150736.63652105,-35187.93994382293,-1056852.418940988,9.999874947727552e-05,1.330140494375,1.334504988875,-4.6048023890000005,4.975377607965907,6.985322724496291e-09
2025-09-06 13:00:00,GEO01,GEO,42144379.63706779,-43553.78783589974,-1285404.245469722,0.00010000574560000001,42144378.27355576,-43555.13283179324,-1285399.499644901,0.00010000027731920023,1.3635120225,1.3449958935000002,-4.745824821,5.117717481519822,5.468280799779159e-09
2025-09-06 13:15:00,GEO01,GEO,42136978.67268443,-51016.66001638025,-1508416.9311362398,0.00010000575640000001,42136977.275800884,-51018.01550317837,-1508412.0442889868,0.00010000180516112495,1.396883550625,1.355486798125,-4.886847253,5.260219024722404,3.9512388750620275e-09
2025-09-06 13:30:00,GEO01,GEO,42128662.40012545,-57446.5388690643,-1724934.860053655,0.00010000576720000001,42128660.96987037,-57447.90484676705,-1724929.83218397,0.00010000333300304967,1.43025507875,1.36597770275,-5.027869685000001,5.402869445400503,2.434196950344896e-09
2025-09-06 13:45:00,GEO01,GEO,42119573.89302656,-62732.5129676424,-1934025.775860296,0.00010000577800000001,42119572.42939995,-62733.889436249774,-1934020.606968179,0.00010000486084497438,1.463626606875,1.376468607375,-5.168892117,5.5456572548820615,9.171550256277637e-10
2025-09-06 14:00:00,GEO01,GEO,42109869.51059702,-66783.35069998726,-2134789.400517215,0.00010000578880000001,42109868.01359889,-66784.73765949927,-2134784.090602666,0.0001000063886868991,1.496998135,1.386959512,-5.309914549,5.688572107462701,-5.998868990893694e-10
2025-09-06 14:15:00,GEO01,GEO,42099716.207605526,-69529.06981860846,-2326361.3106151833,0.00010000579960000001,42099714.97241352,-69530.23764685067,-2326356.321391228,0.00010000622896689917,1.2351920094166666,1.1678282422083333,-4.989223955,5.27085171263355,-4.293668991610634e-10
2025-09-06 14:30:00,GEO01,GEO,42089288.662079416,-70922.14142457023,-2507916.6593028917,0.00010000581040000001,42089287.68869353,-70923.09012154266,-2507911.9907695306,0.00010000606924689925,0.9733858838333332,0.9486969724166667,-4.668533361,4.8623769667816275,-2.5884689923275745e-10
2025-09-06 14:45:00,GEO01,GEO,42078766.27013248,-70938.30765363201,-2678673.7278115754,0.00010000582120000001,42078765.55855273,-70939.03721933464,-2678669.3799688085,0.00010000590952689931,0.7115797582499999,0.729565702625,-4.347842767,4.4656856800890115,-8.832689930445147e-11
2025-09-06 15:00:00,GEO01,GEO,42068330.05962244,-69576.9990119338,-2837897.2912838105,0.000100005832,42068329.609848805,-69577.50944636663,-2837893.2641316373,0.00010000574980689938,0.4497736326666666,0.5104344328333333,-4.027152173,4.08421280730604,8.219310062385451e-11
2025-09-06 15:15:00,GEO01,GEO,42058159.57573576,-66861.34417536482,-2984901.7844145526,0.0001000058428,42058159.38776825,-66861.63547852787,-2984898.0779529735,0.00010000559008689944,0.18796750708333332,0.2913031630416667,-3.706461579,3.7226397560226503,2.527131005521605e-10
2025-09-06 15:30:00,GEO01,GEO,42048429.7920806,-62837.77207845077,-3119054.2532743183,0.0001000058536,42048429.865919225,-62837.84425034402,-3119050.8675033334,0.00010000543036689952,-0.07383861850000017,0.07217189324999995,-3.385770985,3.3873449907892685,4.2323310048046646e-10
2025-09-06 15:45:00,GEO01,GEO,42039308.1004293,-57575.21315120906,-3239777.0806045136,0.0001000058644,42039308.43607404,-57575.06619183251,-3239774.015524123,0.00010000527064689959,-0.33564474408333345,-0.14695937654166658,-3.0650803910000004,3.0869033441099183,5.937531004087724e-10
2025-09-06 16:00:00,GEO01,GEO,42030951.43089937,-51163.91343429685,-3346550.4728511376,0.0001000058752,42030952.028350234,-51163.54734365051,-3346547.7284613405,0.00010000511092689967,-0.5974508696666667,-0.3660906463333333,-2.744389797,2.832427450240503,7.642731003370784e-10
2025-09-06 16:15:00,GEO01,GEO,42023503.55211751,-43713.8819790259,-3438914.698228111,0.000100005886,42023504.41137451,-43713.296757109776,-3438912.274528908,0.00010000495120689973,-0.8592569952500002,-0.5852219161250001,-2.4236992030000004,2.6372571170862185,9.347931002653843e-10
2025-09-06 16:30:00,GEO01,GEO,42017092.597814664,-35352.99824772589,-3516472.0661740303,0.0001000058968,42017093.718877785,-35352.193894539974,-3516469.9631654215,0.00010000479148689981,-1.1210631208333333,-0.8043531859166666,-2.103008609,2.5152359289170034,1.1053131001936903e-09
2025-09-06 16:45:00,GEO01,GEO,42011828.862404995,-26224.812062900513,-3578888.6396795143,0.0001000059076,42011830.24527424,-26223.788578444804,-3578886.857361499,0.00010000463176689988,-1.3828692464166668,-1.0234844557083334,-1.7823180150000004,2.477197063286473,1.2758331001219962e-09
2025-09-06 17:00:00,GEO01,GEO,42007802.90347344,-16486.073969960213,-3625895.6731121824,0.0001000059184,42007804.54814881,-16484.831354234713,-3625894.2114847614,0.00010000447204689995,-1.6446753720000002,-1.2426157255,-1.4616274210000002,2.5269360178568716,1.4463531000503023e-09
2025-09-06 17:15:00,GEO01,GEO,42005083.98381719,-6304.03848936595,-3657290.7693487145,0.0001000059292,42005085.89029869,-6302.576742370658,-3657289.6284118877,0.00010000431232690002,-1.9064814975833333,-1.4617469952916669,-1.140936827,2.659532444260952,1.6168730999786083e-09
2025-09-06 17:30:00,GEO01,GEO,42003718.87984394,4146.4133419969585,-3672938.751231548,0.00010000594,42003721.04813156,4148.094220262042,-3672937.930985315,0.0001000041526069001,-2.168287623166667,-1.6808782650833332,-0.8202462330000007,2.8634990556237314,1.787393099906914e-09
2025-09-06 17:45:00,GEO01,GEO,42003731.0768275,14685.782633854076,-3672772.2435981184,0.0001000059508,42003733.50692125,14687.682643388951,-3672771.7440424794,0.00010000399288690016,-2.43009374875,-1.900009534875,-0.49955563900000044,3.124891629606768,1.9579130998352203e-09
2025-09-06 18:00:00,GEO01,GEO,42005120.3648656,25133.040754415095,-3656791.9633765887,0.0001000059616,42005123.056765474,25135.15989521976,-3656791.784511544,0.00010000383316690024,-2.691899874333333,-2.1191408046666664,-0.17886504500000022,3.4306086031143153,2.128433099763526e-09
2025-09-06 18:15:00,GEO01,GEO,42007862.84249112,35308.74375851173,-3625066.7164989808,0.0001000059724,42007865.79619712,35311.082030586185,-3625066.8583245296,0.00010000367344690031,-2.953705999916666,-2.3382720744583336,0.141825549,3.7698819496748888,2.298953099691832e-09
2025-09-06 18:30:00,GEO01,GEO,42011911.32787439,45038.11955271475,-3577733.1016450236,0.0001000059832,42011914.54338652,45040.676956059004,-3577733.5641611665,0.00010000351372690039,-3.2155121255,-2.55740334425,0.4625161429999993,4.13445900656352,2.469473099620138e-09
2025-09-06 18:45:00,GEO01,GEO,42017196.170542605,54154.07468704693,-3514994.9220922953,0.000100005994,42017199.647860855,54156.851221660974,-3514995.7052990324,0.00010000335400690045,-3.477318251083333,-2.776534614041667,0.7832067369999995,4.518218617460973,2.6399930995484444e-09
2025-09-06 19:00:00,GEO01,GEO,42023626.449651025,62500.06903989613,-3437122.3082050793,0.0001000060048,42023630.188775405,62503.064705779965,-3437123.41210241,0.00010000319428690053,-3.739124376666666,-2.9956658838333334,1.1038973309999998,4.916671080023022,2.8105130994767497e-09
2025-09-06 19:15:00,GEO01,GEO,42031091.538191184,69932.80894570984,-3344450.5543400934,0.0001000060156,42031095.53912169,69936.02374286346,-3344451.9789280184,0.0001000030345669006,-4.00093050225,-3.2147971536250006,1.424587924999999,5.326520100294905,2.9810330994050555e-09
2025-09-06 19:30:00,GEO01,GEO,42039463.00622524,76324.71242830157,-3237378.6751772137,0.0001000060264,42039467.26896187,76328.14635672499,-3237380.420455733,0.00010000287484690067,-4.262736627833333,-3.433928423416667,1.7452785189999993,5.745327239096447,3.1515530993333616e-09
2025-09-06 19:45:00,GEO01,GEO,42048596.830402955,81566.10412925482,-3116367.6876909006,0.0001000060372,42048601.35494571,81569.75718894803,-3116369.7536600134,0.00010000271512690074,-4.524542753416666,-3.6530596932083332,2.0659691129999995,6.171268963957788,3.3220730992616673e-09
2025-09-06 20:00:00,GEO01,GEO,42058335.87174892,85567.1021711491,-2981938.626159838,0.000100006048,42058340.658097796,85570.9743621121,-2981941.012819545,0.00010000255540690082,-4.786348879,-3.872190963,2.386659707,6.6029647131012865,3.492593099189974e-09
2025-09-06 20:15:00,GEO01,GEO,42068512.57909179,88259.16448948532,-2834670.298761445,0.0001000060588,42068516.73565305,88262.53631296482,-2834672.375553466,0.00010000262619093817,-4.156561259375,-3.3718234794999997,2.076792020625,5.74101560499327,3.432609061833037e-09
2025-09-06 20:30:00,GEO01,GEO,42078951.87162555,89596.26803608611,-2675196.7954104585,0.0001000060696,42078955.39839919,89599.13949208212,-2675198.5623347927,0.00010000269697497553,-3.52677363975,-2.871455996,1.76692433425,4.879079159632955,3.372625024476099e-09
2025-09-06 20:45:00,GEO01,GEO,42089474.1510113,89555.7005619891,-2504204.7575724204,0.0001000060804,42089477.047997326,89558.0716505016,-2504206.2146290685,0.00010000276775901288,-2.8969860201250004,-2.3710885125,1.4570566478750002,4.017163527916916,3.3126409871191623e-09
2025-09-06 21:00:00,GEO01,GEO,42099898.39119873,88138.45136167854,-2322430.4218068942,0.0001000060912,42099900.65839713,88140.32208270754,-2322431.5689958557,0.00010000283854305025,-2.2671984005,-1.8707210289999998,1.1471889615000002,3.155285766608157,3.2526569497622254e-09
2025-09-06 21:15:00,GEO01,GEO,42110045.252810225,85369.19425141066,-2130656.449770365,0.000100006102,42110046.89022101,85370.56460495616,-2130657.28709164,0.0001000029093270876,-1.6374107808749998,-1.3703535454999995,0.8373212751250003,2.293488570446134,3.192672912405288e-09
2025-09-06 21:30:00,GEO01,GEO,42119740.16850725,81295.86308046058,-1929708.5583276737,0.0001000061128,42119741.17613041,81296.73306652257,-1929709.0857812625,0.00010000298011112496,-1.0076231612500002,-0.8699860619999997,0.5274535887500003,1.4319174108330988,3.132688875048351e-09
2025-09-06 21:45:00,GEO01,GEO,42128816.3462583,75988.8270737417,-1720451.9642813897,0.0001000061236,42128816.72409384,75989.1966923202,-1720452.1818672922,0.00010000305089516231,-0.3778355416250001,-0.36961857849999946,0.2175859023750002,0.5715953245083103,3.072704837691414e-09
2025-09-06 22:00:00,GEO01,GEO,42137117.63883992,69539.68019471131,-1503787.6590275194,0.0001000061344,42137117.38688785,69539.54944580632,-1503787.5667457355,0.00010000312167919967,0.251952078,0.130748905,-0.092281784,0.2984812446795272,3.012720800334477e-09
2025-09-06 22:15:00,GEO01,GEO,42144501.23020383,62059.66535804793,-1280648.5291770247,0.0001000061452,42144499.9791781,62058.857672485305,-1280647.4815202712,0.0001000036582145248,1.251025732375,0.807685562625,-1.0476567535,1.8207157999785215,2.48698547521499e-09
2025-09-06 22:30:00,GEO01,GEO,42150840.09249349,53677.76059747301,-1051995.3398470506,0.000100006156,42150837.842394106,53676.27597525276,-1051993.3368153276,0.00010000419474984991,2.25009938675,1.48462222025,-2.003031723,3.358450010117333,1.961250150095504e-09
2025-09-06 22:45:00,GEO01,GEO,42156025.17143977,44538.460120067,-818812.5979163159,0.0001000061668,42156021.92226673,44536.29856118913,-818809.6395096234,0.00010000473128517503,3.2491730411249997,2.161558877875,-2.9584066925,4.897104490606924,1.4355148249760174e-09
2025-09-06 23:00:00,GEO01,GEO,42159967.262537666,34799.28841967136,-582104.3130558818,0.0001000061776,42159963.01429097,34796.44992413586,-582100.3992742198,0.00010000526782050015,4.2482466955,2.8384955355,-3.913781662,6.436019250180005,9.097794998565309e-10
2025-09-06 23:15:00,GEO01,GEO,42162598.54572648,24628.09021188412,-342889.6747875636,0.0001000061884,42162593.29840613,24624.574779690993,-342884.8056309321,0.00010000580435582527,5.247320349875,3.515432193125,-4.8691566315,7.975043614974928,3.840441747370443e-10
2025-09-06 23:30:00,GEO01,GEO,42163873.75217062,14200.142826746684,-102198.66418242313,0.0001000061992,42163867.50577662,14195.950457895933,-102192.83965082213,0.00010000634089115038,6.24639400425,4.19236885075,-5.824531601,9.514124395240838,-1.4169115038244229e-10
2025-09-06 23:45:00,GEO01,GEO,42163770.94306759,3695.140722782584,138932.3809054167,0.00010000621,42163763.69759993,3690.271417274209,138939.1608119872,0.0001000068774264755,7.2454676586249995,4.869305508375,-6.7799065705,11.053238024704843,-6.674264755019289e-10
2025-09-07 00:00:00,GEO01,GEO,42162291.88708456,-6705.8959870468825,379465.2279752098,0.0001000062208,42162283.64254325,-6711.442229212883,379472.96325674985,0.00010000741396180062,8.244541313,5.546242166,-7.73528154,12.592372458307644,-1.1931618006214153e-09
2025-09-07 00:15:00,GEO01,GEO,42159462.02993015,-16823.735816044733,618364.2201740248,0.0001000062316,42159454.810253136,-16828.596922718232,618370.9847946597,0.00010000861708566323,7.219677016624999,4.8611066735,-6.7646206348749995,11.023347343221392,-2.385485663218386e-09
2025-09-07 00:30:00,GEO01,GEO,42155330.05658474,-26484.01941730827,854600.7355008831,0.0001000062424,42155323.861772016,-26488.195388489272,854606.5294606128,0.00010000982020952582,6.194812720249999,4.1759711809999995,-5.79395972975,9.454332831748543,-3.577809525815356e-09
2025-09-07 00:45:00,GEO01,GEO,42149967.053720936,-35520.259269179776,1087157.6157214835,0.0001000062532,42149961.883772515,-35523.750104868275,1087162.4390203082,0.00010001102333338842,5.169948423875,3.4908356885000003,-4.823298824625,7.885335253574306,-4.7701333884123264e-09
2025-09-07 01:00:00,GEO01,GEO,42143465.28672373,-43776.70394076407,1315033.5459233846,0.000100006264,42143461.141639605,-43779.50964096007,1315037.3985613042,0.00010001222645725101,4.1450841275,2.805700196,-3.8526379194999993,6.316367227501592,-5.962457251009297e-09
2025-09-07 01:15:00,GEO01,GEO,42135936.61235082,-51111.01764857769,1537247.3658549595,0.00010000627480000001,42135933.49213099,-51113.13821328119,1537250.247831974,0.00010001342958111361,3.1202198311250005,2.1205647035000004,-2.881977014374999,4.7474580532808925,-7.1547811136062665e-09
2025-09-07 01:30:00,GEO01,GEO,42127510.5543416,-57396.729009486735,1752842.2944851276,0.00010000628560000001,42127508.45898607,-57398.164438697735,1752844.205801237,0.00010001463270497622,2.0953555347500004,1.4354292110000006,-1.9113161092499995,3.178694874673897,-8.347104976203237e-09
2025-09-07 01:45:00,GEO01,GEO,42118332.075082235,-62525.406865965575,1960890.0495936621,0.00010000629640000001,42118331.004590996,-62526.15715968407,1960890.9902488664,0.00010001583582883881,1.0704912383750003,0.7502937185000009,-0.9406552041249991,1.6105043832618537,-9.539428838800207e-09
2025-09-07 02:00:00,GEO01,GEO,42108559.08166329,-66408.52573895827,2160494.844655166,0.00010000630720000001,42108559.03603635,-66408.59089718427,2160494.814649465,0.0001000170389527014,0.045626942,0.065158226,0.030005701,0.08501620048108384,-1.0731752701397178e-08
2025-09-07 02:15:00,GEO01,GEO,42098359.70923579,-68978.98882782459,2350797.2458068337,0.00010000631800000001,42098359.70056449,-68979.04981807509,2350797.214716115,0.0001000173425673888,0.008671295749999995,0.0609902505,0.031090718625,0.06900459992388652,-1.1024567388800021e-08
2025-09-07 02:30:00,GEO01,GEO,42087909.428403065,-70192.28234983236,2530977.872293385,0.00010000632880000001,42087909.45668741,-70192.33917210736,2530977.840117649,0.0001000176461820762,-0.028284350500000006,0.056822275,0.032175736249999996,0.07116216285788424,-1.1317382076202865e-08
2025-09-07 02:45:00,GEO01,GEO,42077388.02641298,-70027.24135412648,2700260.924456437,0.00010000633960000001,42077388.091652974,-70027.29400842599,2700260.8911956833,0.00010001794979676362,-0.06523999675,0.0526542995,0.033260753875,0.09019429128336803,-1.1610196763605708e-08
2025-09-07 03:00:00,GEO01,GEO,42066976.51408631,-68486.41384956986,2857917.52407744,0.00010000635040000001,42066976.61628196,-68486.46233589386,2857917.4897316685,0.00010001825341145102,-0.102195643,0.048486324,0.0343457715,0.11821381088158285,-1.1903011451008552e-08
2025-09-07 03:15:00,GEO01,GEO,42056854.011694774,-65596.01696457341,3003268.852692303,0.00010000636120000001,42056854.150846064,-65596.06128292192,3003268.817261514,0.00010001855702613842,-0.13915128925,0.0443183485,0.035430789125,0.1502748752510706,-1.2195826138411394e-08
2025-09-07 03:30:00,GEO01,GEO,42047194.66736408,-61405.48590762541,3135689.074364683,0.00010000637200000001,42047194.84347102,-61405.52605799841,3135689.0378488763,0.00010001886064082582,-0.1761069355,0.040150373,0.03651580675,0.18427997537943083,-1.2488640825814237e-08
2025-09-07 03:45:00,GEO01,GEO,42038164.66101819,-55986.62348251045,3254608.030333623,0.00010000638280000001,42038164.87408078,-55986.65946490795,3254607.9927327987,0.00010001916425551322,-0.21306258174999998,0.0359823975,0.037600824375,0.2193267395132272,-1.278145551321708e-08
2025-09-07 04:00:00,GEO01,GEO,42029919.345409006,-49432.36478432268,3359513.6939333524,0.00010000639360000001,42029919.59542724,-49432.39659874468,3359513.6552475104,0.00010001946787020062,-0.250018228,0.031814422,0.038685842,0.2549860116765291,-1.3074270200619924e-08
2025-09-07 04:15:00,GEO01,GEO,42022600.57341742,-41855.178341271356,3449954.375214858,0.00010000640440000001,42022601.01868838,-41853.8486927081,3449952.612736099,0.00010001903034130037,-0.44527096450000003,-1.32964856325,1.76247875925,2.252235092166661,-1.2625941300364535e-08
2025-09-07 04:30:00,GEO01,GEO,42016334.25760708,-33385.13119752146,3525540.6657771845,0.00010000641520000001,42016334.89813078,-33382.440085972965,3525537.179505508,0.00010001859281240012,-0.640523701,-2.6911115485,3.4862716765,4.450442919573166,-1.2177612400109145e-08
2025-09-07 04:45:00,GEO01,GEO,42011228.20401639,-24167.651230089366,3585947.1154343607,0.00010000642600000001,42011229.03979283,-24163.598655555616,3585941.905369767,0.00010001815528349986,-0.8357764375000001,-4.05257453375,5.210064593749999,6.653319147322377,-1.1729283499853756e-08
2025-09-07 05:00:00,GEO01,GEO,42007370.25745634,-14361.025201367214,3630913.633498909,0.00010000643680000001,42007371.28848551,-14355.611163848214,3630906.699641398,0.00010001771775459961,-1.031029174,-5.414037519,6.933857510999999,8.85738129458306,-1.1280954599598366e-08
2025-09-07 05:15:00,GEO01,GEO,42004826.79022261,-4133.675579123199,3660246.6086484957,0.00010000644760000001,42004828.01650452,-4126.900078618949,3660237.9509980674,0.00010001728022569935,-1.2262819105,-6.77550050425,8.65765042825,11.061920508884926,-1.0832625699342977e-08
2025-09-07 05:30:00,GEO01,GEO,42003641.560222305,6338.737011398422,3673819.7425537924,0.00010000645840000001,42003642.981756955,6346.873974887922,3673809.361110447,0.0001000168426967991,-1.421534647,-8.1369634895,10.3814433455,13.26669896839088,-1.0384296799087586e-08
2025-09-07 05:45:00,GEO01,GEO,42003834.95815998,16876.335865585832,3671574.5936783697,0.00010000646920000001,42003836.574947365,16885.834292060583,3671562.488442107,0.00010001640516789884,-1.6167873835000002,-9.49842647475,12.10523626275,15.471614392708798,-9.935967898832198e-09
2025-09-07 06:00:00,GEO01,GEO,42005403.65673467,27298.122811260633,3653520.8289090847,0.00010000648000000001,42005405.46877479,27308.982700720633,3653506.9998799046,0.00010001596763899859,-1.81204012,-10.85988946,13.82902918,17.676615528465856,-9.487638998576809e-09
2025-09-07 06:15:00,GEO01,GEO,42008320.66788295,37425.092109828256,3619736.181933599,0.00010000649080000001,42008314.9479055,37417.48597747501,3619734.3553270944,0.00010000146518020074,5.719977447850001,7.606132353250002,1.8266065048,9.69060796351017,5.0256197992812746e-09
2025-09-07 06:30:00,GEO01,GEO,42012535.807083376,47083.31008690968,3570366.118544174,0.00010000650160000001,42012535.38700679,47084.060770121185,3570364.9200653285,0.00010000644152395024,0.42007658612499993,-0.7506832114999997,1.198478845375,1.4752427478383958,6.007604976173209e-11
2025-09-07 06:45:00,GEO01,GEO,42017976.55673432,56106.9074953869,3505623.210308923,0.00010000651240000001,42017975.36200273,56104.726362398564,3505622.4776448254,0.0001000055798118004,1.1947315916666668,2.1811329883333332,0.7326640973333334,2.5925897030659386,9.325881996226425e-10
2025-09-07 07:00:00,GEO01,GEO,42024549.31375146,64340.9331420213,3425786.2193071675,0.0001000065232,42024555.0877235,64348.58246260263,3425792.8947716043,0.00010001180489876664,-5.773972040666668,-7.649320581333333,-6.675464436666667,11.679584064837735,-5.281698766640309e-09
2025-09-07 07:15:00,GEO01,GEO,42032140.99992141,71644.01967880875,3331198.897869857,0.000100006534,42032150.46609196,71653.93684182208,3331207.166087657,0.00010000737310836631,-9.466170550666668,-9.917163013333333,-8.2682178,16.010057236486457,-8.391083663174288e-10
2025-09-07 07:30:00,GEO01,GEO,42040621.00730679,77890.81569432467,3222268.5084929476,0.0001000065448,42040616.75101695,77880.02517035467,3222259.199205462,9.999084503353355e-05,4.256289837333333,10.790523970000002,9.309287485666665,14.873272814593351,1.5699766466439924e-08
2025-09-07 07:45:00,GEO01,GEO,42049843.44523361,82974.1422688216,3099464.070296384,0.0001000065556,42049848.20321444,82984.67631082327,3099466.0475395867,0.00010001801276279938,-4.757980823333333,-10.534042001666666,-1.9772432026666666,11.726632640727548,-1.1457162799383478e-08
2025-09-07 08:00:00,GEO01,GEO,42059649.65020411,86806.83688708395,2963314.339579153,0.0001000065664,42059649.9387931,86807.46489193429,2963314.543839523,0.00010000639109179951,-0.288588992,-0.6280048503333333,-0.20426036999999997,0.7206913327481504,1.7530820049293343e-10
2025-09-07 08:15:00,GEO01,GEO,42069870.91555387,89323.2529877536,2814405.5331651266,0.0001000065772,42069870.64683581,89323.44561218626,2814405.593688943,0.00010000639767103288,0.2687180576666668,-0.1926244326666665,-0.06052381633333326,0.33612006622612145,1.7952896711408708e-10
2025-09-07 08:30:00,GEO01,GEO,42080331.39389243,90480.38935228065,2653378.804342543,0.000100006588,42080332.88518475,90482.44198146231,2653381.5642997124,0.00010000677049873384,-1.4912923213333333,-2.0526291816666666,-2.759957169666667,3.748946908598703,-1.8249873384072924e-10
2025-09-07 08:45:00,GEO01,GEO,42090851.122393236,90258.62989888713,2480927.4822648144,0.0001000065988,42090850.79006946,90258.83668607313,2480927.9687146884,0.00010000655754770027,0.33232377700000004,-0.2067871859999999,-0.48644987399999984,0.6243664893057282,4.125229972707765e-11
2025-09-07 09:00:00,GEO01,GEO,42101249.11888597,88662.08116018027,2297794.0866987123,0.0001000066096,42101244.83332287,88659.68304026127,2297793.889917165,0.00010001013901656502,4.285563107333334,2.398119919,0.19678154733333342,4.914850279531617,-3.529416565020236e-09
2025-09-07 09:15:00,GEO01,GEO,42111346.495485626,85718.50163340196,2104767.1309739044,0.0001000066204,42111341.05982741,85716.19178997262,2104769.7092408813,0.0001000149604518657,5.435658214,2.309843429333333,-2.5782669769999997,6.444316681553503,-8.340051865703263e-09
2025-09-07 09:30:00,GEO01,GEO,42120969.53619143,81478.82422271743,1902677.7268987696,0.0001000066312,42120971.11071355,81478.78344937944,1902679.26569922,0.00010000274340270036,-1.5745221153333333,0.04077333799999999,-1.5388004503333332,2.2019739287083957,3.8877972996461004e-09
2025-09-07 09:45:00,GEO01,GEO,42129952.68550831,76016.27998434007,1692396.0062610838,0.000100006642,42129956.01193381,76016.6479834912,1692399.6362499543,9.999853087649402e-05,-3.326425503625,-0.3679991511249999,-3.629988870625,4.9373423222678126,8.111123505982261e-09
2025-09-07 10:00:00,GEO01,GEO,42138141.39667447,69425.13825584389,1474827.3743212922,0.0001000066528,42138143.146659255,69426.98850687216,1474827.6132800544,0.00010000631708674644,-1.7499847864,-1.8502510282666667,-0.23895876220000006,2.5579243363058,3.3571325355578716e-10
2025-09-07 10:15:00,GEO01,GEO,42145394.790494025,61819.08484001644,1250908.6114293393,0.0001000066636,42145395.65240527,61820.36668100301,1250908.4670908735,0.00010000682886218615,-0.8619112478571429,-1.2818409865714284,0.14433846571428566,1.551399660539419,-1.652621861487923e-10
2025-09-07 10:30:00,GEO01,GEO,42151588.07903193,53329.26614654809,1021603.8395508425,0.0001000066744,42151587.61410746,53329.26669966276,1021605.0415080199,0.00010000647732823444,0.46492447233333345,-0.000553114666666632,-1.2019571773333333,1.2887420715773101,1.9707176556122693e-10
2025-09-07 10:45:00,GEO01,GEO,42156614.712473765,44102.032941788435,787900.3710687254,0.0001000066852,42156614.36401557,44101.74606478393,787899.7849121339,0.0001000059517720261,0.3484581898125001,0.2868770045000002,0.5861565914375,0.7397979963773393,7.334279739035329e-10
2025-09-07 11:00:00,GEO01,GEO,42160388.21221577,34296.42251878884,550804.4577346379,0.000100006696,42160384.548585825,34293.518095924264,550800.3882896166,0.00010000686952404413,3.6636299425714283,2.904422864571429,4.0694450212857145,6.198244857507512,-1.7352404413818085e-10
2025-09-07 11:15:00,GEO01,GEO,42162843.65864834,24081.4226104822,311336.9580735692,0.0001000067068,42162843.1010117,24080.63375054587,311332.1964714926,0.00010000595794576765,0.5576366396666668,0.7888599363333334,4.761602076666667,4.858612246060275,7.488542323503014e-10
2025-09-07 11:30:00,GEO01,GEO,42163938.80803734,13633.064113338478,70528.94189614878,0.0001000067176,42163935.186952464,13631.47777882181,70526.25233610778,0.00010001160878873365,3.6210848786666663,1.5863345166666667,2.689560041,4.781469032778563,-4.8911887336405235e-09
2025-09-07 11:45:00,GEO01,GEO,42163654.81928803,3131.392639993457,-170582.7491551693,0.0001000067284,42163647.36664205,3119.774252236457,-170594.93327722503,9.999733733692746e-05,7.45264597975,11.618387757,12.18412205575,18.411455576377033,9.391063072540669e-09
2025-09-07 12:00:00,GEO01,GEO,42161996.57808846,-7242.6289960909635,-410959.9659119556,0.0001000067392,42161990.098766245,-7282.924113610963,-410999.19358526554,9.992894089411334e-05,6.479322217,40.29511752,39.22767331,56.60820139925316,7.779830588666778e-08
2025-09-07 12:15:00,GEO01,GEO,42158992.61285582,-17310.23407851346,-649567.7216151799,0.00010000675,42158999.45337395,-17290.441757701028,-649548.0508890221,0.00010003615633102632,-6.840518134666667,-19.79232081242857,-19.670726157857146,28.730926178426653,-2.9406331026322414e-08
2025-09-07 12:30:00,GEO01,GEO,42154694.60393169,-26897.927501346916,-885378.6482342726,0.0001000067608,42154698.60785132,-26897.9723543856,-885372.6463611682,9.999632289205695e-05,-4.003919630812501,0.04485303868749996,-6.001873104375,7.214975049583001,1.0437907943051054e-08
2025-09-07 12:45:00,GEO01,GEO,42149176.49446998,-35840.47058911994,-1117377.4199826545,0.0001000067716,42149174.008305304,-35840.41585283701,-1117377.9596821633,0.00010001035798383447,2.4861646754,-0.054736282933333325,0.5396995087333334,2.544658408038915,-3.5863838344681324e-09
2025-09-07 13:00:00,GEO01,GEO,42142533.21831418,-43983.72387712076,-1344565.1249828667,0.0001000067824,42142530.962724425,-43982.9129681639,-1344568.0069987816,0.00010001327561002933,2.2555897522857142,-0.8109089568571428,2.8820159149999998,3.7485029280021585,-6.493210029319683e-09
2025-09-07 13:15:00,GEO01,GEO,42134879.06674917,-51187.29893263802,-1565963.5662590817,0.0001000067932,42134879.419353895,-51190.67140571839,-1565968.9414746026,9.99963906836636e-05,-0.352604721375,3.3724730803750003,5.3752155209375,6.355379348545402,1.0402516336401632e-08
2025-09-07 13:30:00,GEO01,GEO,42126345.72222655,-57326.973610099405,-1780619.4735376735,0.000100006804,42126346.146381855,-57326.561345892675,-1780619.4663611108,0.00010000633467706149,-0.42415530186666667,-0.4122642067333333,-0.007176562600000214,0.59154120676908,4.693229385154623e-10
2025-09-07 13:45:00,GEO01,GEO,42117079.99289108,-62296.829175736755,-1987608.607721464,0.0001000068148,42117079.79407282,-62296.54299347282,-1987605.7415723826,0.00010000707097136083,0.19881825953333332,-0.28618226393333335,-2.8661490814000006,2.8872546727512516,-2.561713608330111e-10
2025-09-07 14:00:00,GEO01,GEO,42107241.28688373,-66011.07253931835,-2186039.7403653106,0.0001000068256,42107240.536574155,-66011.87443340209,-2186041.200084502,0.00010000614965272651,0.7503095684666667,0.8018940837333333,1.4597191914,1.826685163842042,6.75947273496787e-10
2025-09-07 14:15:00,GEO01,GEO,42096998.86987357,-68405.51224730536,-2375058.491018136,0.0001000068364,42096995.65141206,-68408.94059701277,-2375061.1046614833,0.00010000646020931923,3.2184615053333334,3.4283497074,2.6136433474,5.379889192627526,3.761906807764546e-10
2025-09-07 14:30:00,GEO01,GEO,42086528.95300012,-69438.66283300519,-2553851.0059097153,0.0001000068472,42086525.02611373,-69443.02698972219,-2553852.0377484653,0.00010000632628414627,3.9268863838,4.364156717,1.0318387500666668,5.960787844567965,5.209158537270473e-10
2025-09-07 14:45:00,GEO01,GEO,42076011.66132535,-69092.45853698999,-2721647.4621424237,0.000100006858,42076011.953757524,-69090.71202680319,-2721642.245433852,0.00010001067393450694,-0.2924321748666667,-1.7465101868000001,-5.216708571733333,5.509070949977814,-3.815934506931459e-09
2025-09-07 15:00:00,GEO01,GEO,42065627.93495028,-67372.56411347911,-2877725.3823002675,0.0001000068688,42065630.56316346,-67366.57271553311,-2877725.4108108524,0.00010001528023655923,-2.628213180666667,-5.991397946000003,0.028510584733333566,6.542565759990868,-8.411436559221247e-09
2025-09-07 15:15:00,GEO01,GEO,42055556.41610966,-64308.27736925706,-3021412.745203721,0.0001000068796,42055545.87468177,-64323.63483776039,-3021426.6898630913,9.999908188845851e-05,10.541427888666668,15.357468503333335,13.944659370533333,23.268585382937182,7.797711541495819e-09
2025-09-07 15:30:00,GEO01,GEO,42045970.37579922,-59952.02512714267,-3152090.8794160183,0.0001000068904,42045974.09456101,-59945.68772173552,-3152090.1504106484,0.00010001366508638464,-3.718761792857144,-6.337405407142857,-0.7290053700000003,7.383992510558664,-6.774686384634038e-09
2025-09-07 15:45:00,GEO01,GEO,42037034.732810125,-54378.46126728505,-3269197.1270429203,0.0001000069012,42037028.0135997,-54388.292478181924,-3269202.558960745,0.0001000023222221007,6.719210421875001,9.831210896875,5.431917824999999,13.088400500054242,4.578977899312264e-09
2025-09-07 16:00:00,GEO01,GEO,42028903.21645526,-47683.1823787,-3372227.2663560547,0.000100006912,42028911.46181823,-47670.003952275336,-3372217.6363230585,0.00010001639156576146,-8.245362976,-13.178426424666668,-9.630032995999999,18.286455893376196,-9.479565761457548e-09
2025-09-07 16:15:00,GEO01,GEO,42021715.72180006,-39981.08311107941,-3460737.6828090153,0.0001000069228,42021698.75179587,-40005.19035141647,-3460749.8847723464,9.999357728447451e-05,16.970004188266664,24.107240337066663,12.2019633312,31.906550862712056,1.3345515525499533e-08
2025-09-07 16:30:00,GEO01,GEO,42015595.90289867,-31404.37951552868,-3534347.2790985764,0.0001000069336,42015596.91898623,-31404.00154991225,-3534350.3304963578,0.00010000643436644405,-1.0160875627142856,-0.3779656164285714,3.051397781142857,3.2382588471381406,4.992335559593792e-10
2025-09-07 16:45:00,GEO01,GEO,42010649.04544141,-22100.33439573832,-3592739.11604668,0.0001000069444,42010649.32083906,-22100.19719383957,-3592742.618553431,0.00010000667572836305,-0.2753976516875001,-0.13720189875,3.5025067505625,3.5159951315824483,2.6867163695458943e-10
2025-09-07 17:00:00,GEO01,GEO,42006960.25541294,-12228.72378487233,-3635661.7772383615,0.0001000069552,42006959.47913058,-12229.281352971864,-3635662.009862689,0.00010000645265296684,0.7762823618666668,0.5575680995333335,0.23262432720000004,0.9836719822012603,5.025470331656353e-10
2025-09-07 17:15:00,GEO01,GEO,42004592.99492327,-1959.0881500113755,-3662930.4515397046,0.00010000696600000001,42004594.09503003,-1958.4075217388422,-3662930.9807579694,0.00010000574942027448,-1.1001067583333333,-0.6806282725333334,0.5292182647333333,1.397698714612611,1.216579725520202e-09
2025-09-07 17:30:00,GEO01,GEO,42003587.99040146,8532.184391374816,-3674427.728834971,0.00010000697680000001,42003587.20505694,8531.545638976282,-3674428.025721094,0.00010000690906578058,0.7853445205333333,0.6387523985333333,0.29688612346666665,1.0549464502385333,6.773421942900689e-11
2025-09-07 17:45:00,GEO01,GEO,42003962.53193552,19064.892668031156,-3670104.1055567022,0.00010000698760000001,42003957.36884364,19060.507287294924,-3670101.5918517523,0.00010000326029979899,5.1630918857,4.3853807362333335,-2.5137049501666664,7.225496148943684,3.7273002010166205e-09
2025-09-07 18:00:00,GEO01,GEO,42005710.175812535,29458.12264440488,-3649978.197832104,0.00010000699840000001,42005705.65153843,29454.281443650274,-3649976.0081062545,0.00010000531014429898,4.524274100825,3.8412007546083338,-2.1897258495416665,6.326039730570025,1.6882557010212266e-09
2025-09-07 18:15:00,GEO01,GEO,42008800.855376735,39533.35987876542,-3614136.661328006,0.00010000700920000001,42008796.96992042,39530.06285799244,-3614134.795581257,0.00010000735998879898,3.88545631595,3.297020772983333,-1.8657467489166666,5.42661291154367,-3.5078879897416686e-10
2025-09-07 18:30:00,GEO01,GEO,42013181.39829827,49117.56069855206,-3562733.8181395107,0.00010000702000000001,42013178.15165974,49114.8078577607,-3562732.2763718623,0.00010000940983329898,3.246638531075,2.7528407913583335,-1.5417676482916665,4.527233333432906,-2.3898332989695605e-09
2025-09-07 18:45:00,GEO01,GEO,42018776.44135339,58046.129251783714,-3495990.9923288496,0.00010000703080000001,42018773.83353264,58043.92059097398,-3495989.774540302,0.00010001145967779897,2.6078207462,2.2086608097333333,-1.2177885476666666,3.627936130031938,-4.428877798964954e-09
2025-09-07 19:00:00,GEO01,GEO,42025489.726978295,66165.74922906607,-3414195.5569753195,0.00010000704160000001,42025487.75797533,66164.08474823796,-3414194.6631658725,0.00010001350952229897,1.9690029613249997,1.6644808281083332,-0.8938094470416666,2.728802744147651,-6.467922298960348e-09
2025-09-07 19:15:00,GEO01,GEO,42033205.75929065,73337.02152412944,-3317699.6968395603,0.00010000705240000001,42033204.429105476,73335.90122328296,-3317699.127009214,0.00010001555936679897,1.3301851764499997,1.120300846483333,-0.5698303464166665,1.8300746471048464,-8.506966798955741e-09
2025-09-07 19:30:00,GEO01,GEO,42041791.79108819,79436.86246641725,-3206918.8919695136,0.00010000706320000001,42041791.0997208,79436.28634555239,-3206918.646118268,0.00010001760921129896,0.6913673915749996,0.5761208648583334,-0.24585124579166662,0.9329238747698804,-1.0546011298951134e-08
2025-09-07 19:45:00,GEO01,GEO,42051100.1076404,84360.62136147171,-3082330.128777375,0.00010000707400000001,42051099.8740762,84360.41272037428,-3082330.3303447207,0.000100018760614599,0.2335641985666667,0.20864109743333334,0.20156734553333336,0.3724415889446682,-1.1686614599001466e-08
2025-09-07 20:00:00,GEO01,GEO,42060970.56798237,88023.88090660796,-2944469.8462900114,0.00010000708480000001,42060970.29443123,88023.5538196889,-2944470.834734548,0.00010001744130459922,0.2735511331916667,0.32708691905833337,0.9884445362833334,1.0764936954752182,-1.035650459920287e-08
2025-09-07 20:15:00,GEO01,GEO,42071233.35999045,90363.90951286256,-2793931.6264154403,0.00010000709560000001,42071233.04645238,90363.46398012187,-2793933.4017371675,0.00010001612199459941,0.31353806781666665,0.4455327406833334,1.7753217270333337,1.857033326967405,-9.026394599404277e-09
2025-09-07 20:30:00,GEO01,GEO,42081711.921841174,91340.74054311216,-2631363.6381707275,0.00010000710640000001,42081711.56831617,91340.17656454985,-2631366.2003696454,0.00010001480268459961,0.3535250024416667,0.5639785623083334,2.5621989177833333,2.647246690504087,-7.696284599605683e-09
2025-09-07 20:45:00,GEO01,GEO,42092225.97959247,90937.85990037024,-2457465.8468751567,0.00010000711720000001,42092225.586080536,90937.1774759863,-2457469.1959512653,0.00010001348337459982,0.39351193706666665,0.6824243839333334,3.3490761085333336,3.4404745988234717,-6.366174599807088e-09
2025-09-07 21:00:00,GEO01,GEO,42102594.648628294,89162.49013863876,-2272987.000325393,0.00010000712800000001,42102594.21512942,89161.68926843321,-2272991.136278692,0.00010001216406460002,0.4334988716916667,0.8008702055583334,4.135953299283334,4.235023500733106,-5.036064600008494e-09
2025-09-07 21:15:00,GEO01,GEO,42112639.54560953,86045.46620377898,-2078721.4049290507,0.00010000713880000001,42112639.07212372,86044.5468877518,-2078726.3277595406,0.00010001084475460021,0.4734858063166667,0.9193160271833334,4.922830490033333,5.030267468059856,-3.7059546002099006e-09
2025-09-07 21:30:00,GEO01,GEO,42122187.857392564,81640.70494830981,-1875505.5056773734,0.00010000714960000001,42122187.34391982,81639.667186461,-1875511.2153850542,0.00010000952544460042,0.5134727409416666,1.0377618488083336,5.709707680783334,5.825921876452552,-2.375844600411306e-09
2025-09-07 21:45:00,GEO01,GEO,42131075.314117976,76024.27754203975,-1664214.284683073,0.00010000716040000001,42131074.78393257,76023.18994550902,-1664220.3621202637,0.00010000854953834385,0.5301854095333334,1.0875965307333333,6.0774371909000005,6.196709255038492,-1.3891383438338532e-09
2025-09-07 22:00:00,GEO01,GEO,42139149.015319966,69293.10073834844,-1445757.4937894368,0.00010000717120000001,42139148.53242612,69292.15198776996,-1445762.786300016,0.00010000851799238112,0.48289384653333334,0.9487505784833333,5.2925105792750005,5.398516681360725,-1.3467923811145375e-09
2025-09-07 22:15:00,GEO01,GEO,42146270.06043598,61563.26951323822,-1221075.737472402,0.00010000718200000001,42146269.624833696,61562.459608611985,-1221080.2450563696,0.0001000084864464184,0.4356022835333333,0.8099046262333334,4.50758396765,4.600435640070288,-1.304446418395222e-09
2025-09-07 22:30:00,GEO01,GEO,42152315.93846113,52968.059757921845,-991136.422901162,0.00010000719280000001,42152315.55015041,52967.38869924786,-991140.145558518,0.00010000845490045569,0.3883107205333333,0.6710586739833334,3.722657356025,3.80253635748252,-1.2621004556759063e-09
2025-09-07 22:45:00,GEO01,GEO,42157182.63563547,43655.63539290987,-756929.5945947713,0.0001000072036,42157182.29461631,43655.10318018813,-756932.5323255156,0.00010000842335449295,0.34101915753333334,0.5322127217333334,2.9377307443999996,3.004963622670418,-1.2197544929565906e-09
2025-09-07 23:00:00,GEO01,GEO,42160786.42490364,33786.49934555497,-519463.6716099956,0.0001000072144,42160786.13117605,33786.10597878549,-519465.8244141284,0.00010000839180853024,0.2937275945333333,0.3933667694833334,2.1528041327749996,2.2080713188702057,-1.1774085302372751e-09
2025-09-07 23:15:00,GEO01,GEO,42163065.30636056,23530.73224838171,-279761.10561395285,0.0001000072252,42163065.05992453,23530.477727564477,-279762.473491474,0.00010000836026256752,0.24643603153333332,0.2545208172333334,1.3678775211499996,1.4130111382825294,-1.1350625675179592e-09
2025-09-07 23:30:00,GEO01,GEO,42163980.073901854,13065.066358951852,-38853.97853711308,0.000100007236,42163979.87475739,13064.950684086869,-38854.561488022606,0.0001000083287166048,0.19914446853333334,0.11567486498333346,0.5829509095249996,0.6267941900276043,-1.0927166047986438e-09
2025-09-07 23:45:00,GEO01,GEO,42163514.98972829,2569.8450477104634,202220.441238506,0.0001000072468,42163514.85869469,2569.853915858663,202220.4116076873,0.0001000081142125122,0.13103360266666667,-0.0088681482,0.0296308187,0.1346344476615673,-8.674125122031366e-10
2025-09-08 00:00:00,GEO01,GEO,42161678.05509983,-7774.079841488972,442424.16502259177,0.0001000072576,42161678.04943018,-7773.985763410023,442424.0517939317,0.00010000739657356245,0.005669653916666656,-0.09407807894999999,0.11322866007499999,0.14732127944338896,-1.3897356244810309e-10
2025-09-08 00:15:00,GEO01,GEO,42158500.87268153,-17788.459378647618,680722.9530608149,0.0001000072684,42158500.99237582,-17788.28009063792,680722.7562343135,0.00010000667893461269,-0.11969429483333335,-0.1792880097,0.19682650145,0.29191023673534144,5.894653873069304e-10
2025-09-08 00:30:00,GEO01,GEO,42154038.102849126,-27300.714152721688,916090.7676377877,0.0001000072792,42154038.34790737,-27300.449654781238,916090.4872134449,0.00010000596129566293,-0.24505824358333336,-0.26449794045,0.280424342825,0.45678278787545534,1.3179043370619637e-09
2025-09-08 00:45:00,GEO01,GEO,42148366.52330839,-36146.903340891,1147514.1908644282,0.00010000729,42148366.89373058,-36146.5536330198,1147513.826842244,0.00010000524365671319,-0.3704221923333334,-0.3497078712,0.3640221842,0.6261152819904714,2.046343286816997e-09
2025-09-08 01:00:00,GEO01,GEO,42141583.708206475,-44174.54515635781,1373996.7881284268,0.0001000073008,42141584.20399261,-44174.11023855586,1373996.3405084012,0.00010000452601776343,-0.4957861410833334,-0.43491780195,0.44762002557499997,0.7970703102230605,2.774782236572031e-09
2025-09-08 01:15:00,GEO01,GEO,42133806.349459805,-51245.240153765306,1594563.3984204514,0.0001000073116,42133806.970609896,-51244.720026032606,1594562.8672025844,0.00010000380837881367,-0.6211500898333334,-0.5201277327,0.53121786695,0.9687893035074803,3.5032211863270645e-09
2025-09-08 01:30:00,GEO01,GEO,42125168.2491788,-57237.0522656627,1808264.3330627077,0.0001000073224,42125168.995692834,-57236.44692799925,1808263.7182469994,0.00010000309073986392,-0.7465140385833334,-0.60533766345,0.614815708325,1.140927364820511,4.231660136082098e-09
2025-09-08 01:45:00,GEO01,GEO,42115818.017727494,-62046.606594368815,2014179.4647622232,0.0001000073332,42115818.7216273,-62046.066245857764,2014178.871182355,0.00010000233415350402,-0.7038998116557378,-0.5403485110491804,0.5935798680655737,1.0676087850962979,4.999046495987983e-09
2025-09-08 02:00:00,GEO01,GEO,42105916.5170212,-65590.86788381636,2211422.189382097,0.000100007344,42105916.716366805,-65590.80557193638,2211421.905330694,0.00010000147046176619,-0.199345601614754,-0.062311879983606544,0.2840514033114754,0.3525714665049599,5.87353823380871e-09
2025-09-08 02:15:00,GEO01,GEO,42095634.09304746,-67808.56906234846,2399143.2433728706,0.0001000073548,42095633.787838854,-67808.98478709954,2399143.268849932,0.00010000060677002838,0.30520860842622966,0.4157247510819674,-0.02547706144262296,0.5163607692102398,6.748029971629437e-09
2025-09-08 02:30:00,GEO01,GEO,42085147.645222604,-68661.265284203,2576534.3604275775,0.0001000073656,42085146.83545978,-68662.15904558514,2576534.6954331035,9.999974307829055e-05,0.8097628184672133,0.8937613821475411,-0.3350055261967212,1.2517004166223602,7.622521709450163e-09
2025-09-08 02:45:00,GEO01,GEO,42074637.58300252,-68133.99534046277,2742831.7516155853,0.0001000073764,42074636.2686855,-68135.36713847598,2742832.396149576,9.999887938655273e-05,1.314317028508197,1.3717980132131147,-0.6445339909508195,2.006161286131565,8.49701344727089e-09
2025-09-08 03:00:00,GEO01,GEO,42064284.72210661,-66235.53904850036,2897319.3940115008,0.0001000073872,42064282.903235376,-66237.38888314464,2897320.3480739566,9.999801569481491e-05,1.818871238549181,1.8498346442786886,-0.9540624557049179,2.764130236255302,9.371505185091617e-09
2025-09-08 03:15:00,GEO01,GEO,42054267.173752256,-62998.26620672271,3039332.1136588594,0.000100007398,42054264.85032681,-63000.59407799805,3039333.3772497796,9.999715200307709e-05,2.323425448590165,2.3278712753442625,-1.2635909204590163,3.5233439377948605,1.0245996922912344e-08
2025-09-08 03:30:00,GEO01,GEO,42044757.28041779,-58477.57970120758,3168258.4495945824,0.0001000074088,42044754.45243813,-58480.38560911399,3168260.0227139676,9.999628831133926e-05,2.8279796586311483,2.805907906409836,-1.573119385213115,4.283140521745471,1.1120488660733071e-08
2025-09-08 03:45:00,GEO01,GEO,42035918.65085117,-52750.96234964207,3283543.2866027593,0.0001000074196,42035915.413243204,-52754.15862776978,3283545.1859586067,9.999552984344774e-05,3.237607964991597,3.1962781277142858,-1.8993558473445378,4.930096534503524,1.188975655225966e-08
2025-09-08 04:00:00,GEO01,GEO,42027903.34533438,-45916.64388514124,3384690.245361591,0.0001000074304,42027900.31511648,-45919.66070182681,3384692.5795558835,9.999545533055713e-05,3.0302178974285714,3.0168166855714285,-2.3341942924285712,4.871536350582302,1.1975069442874378e-08
2025-09-08 04:15:00,GEO01,GEO,42020849.25962835,-38091.91100159101,3471263.8196927337,0.0001000074412,42020846.43680052,-38094.74835683444,3471266.5887254714,9.999538081766651e-05,2.8228278298655463,2.837355243428571,-2.769032737512605,4.866876209222049,1.2060382333489092e-08
2025-09-08 04:30:00,GEO01,GEO,42014877.752605274,-29411.089547472075,3542891.2517103753,0.000100007452,42014875.13716751,-29413.74744127336,3542894.455581558,9.99953063047759e-05,2.615437762302521,2.6578938012857143,-3.2038711825966386,4.916269388679208,1.2145695224103807e-08
2025-09-08 04:45:00,GEO01,GEO,42010091.558382586,-20023.23357693199,3599264.1367964447,0.0001000074628,42010089.15033489,-20025.712009291132,3599267.775506072,9.999523179188528e-05,2.408047694739496,2.478432359142857,-3.6387096276806723,5.0181200078876795,1.2231008114718522e-08
2025-09-08 05:00:00,GEO01,GEO,42006573.01887849,-10089.561009907164,3640139.7514914647,0.0001000074736,42006570.81822086,-10091.859980824163,3640143.8250395376,9.999515727899467e-05,2.2006576271764704,2.298970917,-4.073548072764706,5.169328309402184,1.2316321005333238e-08
2025-09-08 05:15:00,GEO01,GEO,42004382.66719618,219.3199667665176,3665342.0985834235,0.0001000074844,42004380.67392862,217.20045729166046,3665346.6069699414,9.999508276610405e-05,1.9932675596134455,2.119509474857143,-4.50838651784874,5.365723154667675,1.2401633895947951e-08
2025-09-08 05:30:00,GEO01,GEO,42003558.18620839,10726.346057974268,3674762.6648950432,0.0001000074952,42003556.4003309,10724.406009941553,3674767.608120006,9.999500825321344e-05,1.7858774920504201,1.9400480327142855,-4.943224962932773,5.602554579833434,1.2486946786562668e-08
2025-09-08 05:45:00,GEO01,GEO,42004113.76025876,21251.04506705422,3668360.88850649,0.000100007506,42004112.171188466,21249.28603867497,3668366.1450861148,9.999520482809845e-05,1.58907028885,1.7590283792499999,-5.256579625075,5.766364069035733,1.2301171901562647e-08
2025-09-08 06:00:00,GEO01,GEO,42006039.83113348,31612.64074952528,3646164.333401932,0.0001000075168,42006038.396538936,31611.06897364478,3646169.4174010875,9.99964857540859e-05,1.4345945431,1.5717758805,-5.08399915545,5.511405295768962,1.1031045914103684e-08
2025-09-08 06:15:00,GEO01,GEO,42009303.2625014,41633.16290331166,3608268.5707879015,0.0001000075276,42009301.9823826,41631.778379929914,3608273.482206587,9.999776668007336e-05,1.28011879735,1.38452338175,-4.911418685825,5.26095453671786,9.76091992664472e-09
2025-09-08 06:30:00,GEO01,GEO,42013847.90999367,51140.50917649269,3554836.767594533,0.0001000075384,42013846.78435062,51139.31190560969,3554841.5064327493,9.999904760606082e-05,1.1256430516,1.1972708829999998,-4.7388382162000005,5.015687139985165,8.490793939185754e-09
2025-09-08 06:45:00,GEO01,GEO,42019595.58711511,59971.40592863783,3486098.98393136,0.0001000075492,42019594.615947805,59970.39591025358,3486103.5501891063,0.00010000032853204828,0.97116730585,1.01001838425,-4.566257746575,4.776401666592868,7.220667951726791e-09
2025-09-08 07:00:00,GEO01,GEO,42026447.41036985,67974.21720241942,3402351.182522703,0.00010000756,42026446.59367829,67973.39443653391,3402355.57619998,0.00010000160945803574,0.8166915601,0.8227658855,-4.39367727695,4.544043223899608,5.950541964267827e-09
2025-09-08 07:15:00,GEO01,GEO,42034285.5004594,75011.55347526446,3303953.954387677,0.0001000075708,42034284.83824359,75010.91796187771,3303958.175484484,0.0001000028903840232,0.66221581435,0.63551338675,-4.221096807325,4.319729772372688,4.680415976808864e-09
2025-09-08 07:30:00,GEO01,GEO,42042975.01028592,80962.63532191142,3191330.9662515083,0.0001000075816,42042974.502545856,80962.18706102342,3191335.014767846,0.00010000417131001065,0.5077400686,0.4482608880000001,-4.0485163377,4.104780425016215,3.4102899893498997e-09
2025-09-08 07:45:00,GEO01,GEO,42052366.444870435,85725.37130825967,3064967.1363733597,0.0001000075924,42052366.09780482,85725.1045032672,3064970.9516724967,0.00010000532945799064,0.3470656106,0.266804992475,-3.81529913705,3.840331619436687,2.2629420093683613e-09
2025-09-08 08:00:00,GEO01,GEO,42062298.233274356,89218.11438026279,2925406.5466446416,0.0001000076032,42062298.07167805,89218.00584475294,2925409.886179654,0.00010000599649394071,0.16159630359999996,0.10853550984999999,-3.3395350123,3.345203644116923,1.6067060592965283e-09
2025-09-08 08:15:00,GEO01,GEO,42072599.50827639,91381.06652646884,2773250.0999479135,0.000100007614,42072599.53214939,91381.11626044162,2773252.9637188013,0.00010000666352989079,-0.023873003400000037,-0.049733972775000024,-2.86377088755,2.864302198567434,9.504701092246956e-10
2025-09-08 08:30:00,GEO01,GEO,42083093.04598352,92177.30754355714,2609152.932862961,0.0001000076248,42083093.25532583,92177.51554701253,2609155.320869724,0.00010000733056584085,-0.20934231040000006,-0.20800345540000004,-2.3880067628,2.406172466711496,2.942341591528628e-10
2025-09-08 08:45:00,GEO01,GEO,42093598.31480239,91593.43021817878,2433821.5948598804,0.0001000076356,42093598.70961401,91593.79649111681,2433823.5071025183,0.00010000799760179092,-0.39481161740000015,-0.3662729380250001,-1.91224263805,1.9866313158560378,-3.6200179091897006e-10
2025-09-08 09:00:00,GEO01,GEO,42103934.58131673,89639.77098222822,2248011.006125111,0.00010000764640000001,42103935.161597654,89640.29552464887,2248012.4426036244,0.000100008664637741,-0.5802809244000001,-0.52454242065,-1.4364785133,1.635647034496275,-1.0182377409908024e-09
2025-09-08 09:15:00,GEO01,GEO,42113924.01963688,86350.23208536953,2052521.20711849,0.00010000765720000001,42113924.785387106,86350.9148972728,2052522.1678328787,0.00010000933167369107,-0.7657502314000001,-0.6828119032750002,-0.96071438855,1.4055524353471067,-1.6744736910626353e-09
2025-09-08 09:30:00,GEO01,GEO,42123394.77072804,81781.6983394213,1848193.9138571464,0.00010000766800000001,42123395.72194757,81782.5394208072,1848194.3988074102,0.00010000999870964115,-0.9512195384000003,-0.8410813859000001,-0.48495026380000006,1.359195816025441,-2.330709641134468e-09
2025-09-08 09:45:00,GEO01,GEO,42132183.8990844,76013.05846655555,1635908.8937579056,0.00010000767880000001,42132185.04893363,76014.0642786176,1635908.9341167195,0.00010001038841933864,-1.1498492374000002,-1.00581206205,-0.04035881405000001,1.528214646830136,-2.7096193386392663e-09
2025-09-08 10:00:00,GEO01,GEO,42140140.19588222,69143.84789370745,1416580.1776424148,0.00010000768960000001,42140141.59700273,69145.04428121976,1416579.898100479,0.00010000966882402588,-1.4011205044000001,-1.1963875123,0.27954193569999997,1.8634981731282692,-1.979224025875928e-09
2025-09-08 10:15:00,GEO01,GEO,42147126.78038642,61292.53633829206,1191152.1242154401,0.00010000770040000001,42147128.43277819,61293.92330125461,1191151.5247727546,0.00010000894922871312,-1.6523917714,-1.3869629625500002,0.59944268545,2.2390614906284756,-1.2488287131125894e-09
2025-09-08 10:30:00,GEO01,GEO,42153023.45485562,52594.48964709416,960595.3539607326,0.00010000771120000001,42153025.35851866,52596.06718550696,960594.4346172974,0.00010000822963340036,-1.9036630384000002,-1.5775384128,0.9193434352,2.6377552501085466,-5.184334003492509e-10
2025-09-08 10:45:00,GEO01,GEO,42157728.77243203,43199.64095459599,725902.5699623759,0.00010000772200000001,42157730.92736633,43201.40906845904,725901.330718191,0.00010000751003808759,-2.1549343054000003,-1.76811386305,1.23924418495,3.0505236670499323,2.1196191241408737e-10
2025-09-08 11:00:00,GEO01,GEO,42161161.78243984,33269.911221683025,488084.2836455957,0.00010000773280000001,42161164.188645415,33271.86991099633,488082.724500661,0.00010000679044277484,-2.4062055724,-1.9586893133,1.5591449347,3.472351078172411,9.423572251774257e-10
2025-09-08 11:15:00,GEO01,GEO,42163263.423065916,22976.4235380264,248164.46384033232,0.00010000774360000001,42163266.08054276,22978.57280278995,248162.58479464788,0.00010000607084746207,-2.6574768394,-2.14926476355,1.8790456844499999,3.900299329543211,1.672752537940764e-09
2025-09-08 11:30:00,GEO01,GEO,42163997.53746316,12496.559108629444,7176.127901958922,0.00010000775440000001,42164000.44621126,12498.898948843243,7173.928955524722,0.0001000053512521493,-2.9087481064,-2.3398402138,2.1989464342,4.332555042129541,2.4031478507041024e-09
2025-09-08 11:45:00,GEO01,GEO,42163351.4957952,2010.9055771380663,-233843.10612842182,0.00010000776520000001,42163354.549143866,2013.3452214530414,-233845.54649014355,0.00010000489734155909,-3.05334866425,-2.4396443149750002,2.440361721725,4.607620620442584,2.8678584409218193e-09
2025-09-08 12:00:00,GEO01,GEO,42161336.412521005,-8299.849817602895,-473855.4871724895,0.00010000777600000001,42161339.18378739,-8297.673454583046,-473857.85500764987,0.00010000550616985905,-2.7712663855,-2.17636301985,2.36783516035,4.245364144589078,2.269830140957048e-09
2025-09-08 12:15:00,GEO01,GEO,42157986.95518096,-18258.028795455582,-711827.5993360336,0.00010000778680000001,42157989.44436506,-18256.11571373086,-711829.8946446326,0.00010000611499815902,-2.48918410675,-1.913081724725,2.2953085989749997,3.8890051127894076,1.6718018409922777e-09
2025-09-08 12:30:00,GEO01,GEO,42153360.747974224,-27692.01882407628,-946734.8114646352,0.00010000779760000001,42153362.955076054,-27690.36902364668,-946737.0342466728,0.00010000672382645898,-2.207101828,-1.6498004296,2.2227820376,3.5403248330268355,1.0737735410275063e-09
2025-09-08 12:45:00,GEO01,GEO,42147537.38038827,-36439.22555246204,-1177565.6888747069,0.00010000780840000001,42147539.305407815,-36437.83903332757,-1177567.839130183,0.00010000733265475894,-1.92501954925,-1.386519134475,2.150255476225,3.201832941971767,4.757452410627355e-10
2025-09-08 13:00:00,GEO01,GEO,42140617.037936054,-44348.8700936418,-1403326.348265169,0.00010000781920000001,42140618.68087333,-44347.746855802456,-1403328.4259940838,0.0001000079414830589,-1.6429372704999998,-1.12323783935,2.0777289148499998,2.8771276582990546,-1.2228305890203569e-10
2025-09-08 13:15:00,GEO01,GEO,42132718.77855796,-51284.58303630911,-1623044.7370582784,0.00010000783000000001,42132720.139412954,-51283.72307976488,-1623046.7422606319,0.00010000855031135888,-1.36085499175,-0.8599565442249999,2.005202353475,2.5714369610993724,-7.203113588668061e-10
2025-09-08 13:30:00,GEO01,GEO,42123978.48434114,-57126.75055191293,-1835774.8187444126,0.00010000784080000001,42123979.56311385,-57126.15387666383,-1835776.7514202048,0.00010000915913965885,-1.0787727129999998,-0.5966752490999998,1.9326757921,2.292380342912425,-1.3183396588315774e-09
2025-09-08 13:45:00,GEO01,GEO,42114546.5237952,-61774.57223914936,-2040600.6462102896,0.00010000785160000001,42114547.322531596,-61774.22708111306,-2040602.454603629,0.00010000950584684634,-0.7987363905,-0.34515803629999997,1.8083933392999998,2.0068383993625507,-1.6542468463299365e-09
2025-09-08 14:00:00,GEO01,GEO,42104585.16490251,-65147.795300900936,-2236640.3055116073,0.00010000786240000001,42104585.6917864,-65147.65460374814,-2236641.782598928,0.00010000880406958397,-0.5268838929999999,-0.14069715279999995,1.4770873208,1.5745441495166097,-9.416695839626494e-10
2025-09-08 14:15:00,GEO01,GEO,42094265.78344915,-67188.0952174887,-2423049.7131101713,0.00010000787320000001,42094266.03848054,-67188.1589812194,-2423050.8588914736,0.00010000810229232161,-0.2550313955,0.06376373070000008,1.1457813023,1.175551623172604,-2.2909232159536185e-10
2025-09-08 14:30:00,GEO01,GEO,42083765.914664716,-67860.07916729897,-2599026.250225273,0.00010000788400000001,42083765.897843614,-67860.34739191318,-2599027.064700557,0.00010000740051505923,0.016821101999999977,0.2682246142000001,0.8144752838,0.857669738918381,4.834849407719257e-10
2025-09-08 14:45:00,GEO01,GEO,42073266.198894545,-67151.89492628723,-2763812.218651213,0.0001000078948,42073265.91022094,-67152.36761178494,-2763812.7018204783,0.00010000669873779686,0.28867359949999993,0.4726854977000001,0.48316926529999993,0.7349942623685745,1.1960622031392133e-09
2025-09-08 15:00:00,GEO01,GEO,42062947.2738514,-65075.43477328122,-2916698.103161499,0.0001000079056,42062946.71332531,-65076.11191966241,-2916698.2550247456,0.00010000599696053449,0.560526097,0.6771463812000001,0.15186324680000007,0.8920645563629053,1.9086394655065e-09
2025-09-08 15:15:00,GEO01,GEO,42052986.666912414,-61666.13089765608,-3057025.6264524106,0.0001000079164,42052985.83453382,-61667.012504920785,-3057025.447009639,0.00010000529518327213,0.8323785945000001,0.8816072647000003,-0.1794427717,1.225677446177823,2.621216727873788e-09
2025-09-08 15:30:00,GEO01,GEO,42043555.74092644,-56982.345817472786,-3184190.5834728507,0.0001000079272,42043554.63669535,-56983.43188562099,-3184190.0727240606,0.00010000459340600975,1.104231092,1.0860681482000003,-0.5107487901999999,1.6308692938935523,3.3337939902410753e-09
2025-09-08 15:45:00,GEO01,GEO,42034816.74607635,-51104.36831020564,-3297645.442936348,0.000100007938,42034815.37031207,-51105.672922324586,-3297644.6618573098,0.00010000397593654234,1.375764278575,1.3046121189500002,-0.781079038,2.0505668959380974,3.9620634576637685e-09
2025-09-08 16:00:00,GEO01,GEO,42026920.02851632,-44133.03211812116,-3396901.704814132,0.0001000079488,42026918.3824961,-44134.61160655986,-3396900.8973079287,0.00010000369569825469,1.64602022145,1.5794884387,-0.8075062030000001,2.4199654058049567,4.253101745308082e-09
2025-09-08 16:15:00,GEO01,GEO,42020001.44380669,-36187.98119675927,-3481532.0036587724,0.0001000079596,42019999.52753053,-36189.83556151772,-3481531.1697254046,0.00010000341545996705,1.9162761643250001,1.8543647584500003,-0.8339333680000001,2.7939627516495786,4.5441400329523965e-09
2025-09-08 16:30:00,GEO01,GEO,42014180.01964598,-27405.611355796456,-3551171.9487018534,0.0001000079704,42014177.83311387,-27407.740596874657,-3551171.0883413204,0.0001000031352216794,2.1865321071999997,2.1292410782,-0.860360533,3.1709321140091937,4.835178320596711e-09
2025-09-08 16:45:00,GEO01,GEO,42009555.90811058,-17936.723692714237,-3605521.692803154,0.0001000079812,42009553.45132253,-17939.127810112186,-3605520.8060154556,0.00010000285498339177,2.4567880500749997,2.4041173979500003,-0.886787698,3.549926817195157,5.126216608241025e-09
2025-09-08 17:00:00,GEO01,GEO,42006208.66263191,-7943.930202594027,-3644347.2234956822,0.000100007992,42006205.93558791,-7946.609196311727,-3644346.3102808194,0.00010000257474510411,2.7270439929499997,2.6789937177000005,-0.913214863,3.9303610094958015,5.41725489588534e-09
2025-09-08 17:15:00,GEO01,GEO,42004195.86935388,2401.143807493616,-3667481.3705678666,0.0001000080028,42004192.87205394,2398.189937456166,-3667480.4309258386,0.00010000229450681647,2.9972999358249997,2.9538700374500007,-0.939642028,4.311853690030005,5.708293183529653e-09
2025-09-08 17:30:00,GEO01,GEO,42003552.15641719,12920.812375706868,-3674824.525844592,0.0001000080136,42003548.88886131,12917.583629349669,-3674823.559775399,0.00010000201426852883,3.2675558786999996,3.2287463572000004,-0.9660691929999999,4.694146796300992,5.999331471173968e-09
2025-09-08 17:45:00,GEO01,GEO,42004288.59821442,23434.3858015975,-3666345.07206785,0.0001000080244,42004285.1947209,23431.019558455075,-3666344.10774157,0.00010000229036199128,3.4034935173000003,3.366243142425,-0.964326279775,4.883163543246443,5.734038008721353e-09
2025-09-08 18:00:00,GEO01,GEO,42006392.52486557,33761.279247726314,-3642079.5190304634,0.0001000080352,42006389.522707626,33758.32502593676,-3642078.66912741,0.00010000479178245412,3.0021579388,2.95422178955,-0.84990305365,4.296826023002963,3.243417545881024e-09
2025-09-08 18:15:00,GEO01,GEO,42009827.74019143,43724.119531269185,-3602132.3463766873,0.000100008046,42009825.13936907,43721.57733083251,-3602131.61089686,0.00010000729320291696,2.6008223603,2.5422004366750004,-0.735479827525,3.7105243007913624,7.527970830406945e-10
2025-09-08 18:30:00,GEO01,GEO,42014535.144435056,53151.79666208476,-3546675.5537465815,0.0001000080568,42014532.94494827,53149.66648300096,-3546674.93268998,0.0001000097946233798,2.1994867818,2.1301790838,-0.6210566014,3.1242785302393328,-1.737823379799635e-09
2025-09-08 18:45:00,GEO01,GEO,42020433.7510178,61882.40763438307,-3475947.920201003,0.0001000080676,42020431.9528666,61880.689476652144,-3475947.413567628,0.00010001229604384264,1.7981512033000002,1.718157730925,-0.506633375275,2.5381274820641146,-4.2284438426399635e-09
2025-09-08 19:00:00,GEO01,GEO,42027422.079837814,69766.04181188159,-3390253.976116043,0.0001000080784,42027420.683022186,69764.73567550354,-3390253.583905894,0.00010001479746430548,1.3968156248000003,1.3061363780500002,-0.39221014914999996,1.9521564816497814,-6.7190643054802935e-09
2025-09-08 19:15:00,GEO01,GEO,42035379.90314032,76667.36000436917,-3289962.6919734073,0.0001000080892,42035378.907660276,76666.46588934399,-3289962.414186484,0.00010001729888476832,0.9954800463,0.8941150251750001,-0.27778692302499997,1.3665971518442581,-9.209684768320622e-09
2025-09-08 19:30:00,GEO01,GEO,42044170.31392377,82467.92285024747,-3175505.88969255,0.0001000081,42044169.7197793,82467.44075657518,-3175505.726328853,0.00010001980030523116,0.5941444678000001,0.4820936723,-0.16336369689999997,0.782374370077318,-1.1700305231160953e-08
2025-09-08 19:45:00,GEO01,GEO,42053642.081296906,87068.22845327482,-3047376.3833448254,0.0001000081108,42053641.82281155,87068.08605829984,-3047376.3129946324,0.00010002154039666642,0.25848535105000003,0.142394974975,-0.07035019284999999,0.30338120449296924,-1.342959666642114e-08
2025-09-08 20:00:00,GEO01,GEO,42063632.25226493,90389.42422357947,-2906125.857254965,0.0001000081216,42063632.06673285,90389.33223667962,-2906125.794279388,0.00010002023517199136,0.18553208130000004,0.09198689985,-0.0629755771,0.21644783724168232,-1.211357199136077e-08
2025-09-08 20:15:00,GEO01,GEO,42073968.95518348,92374.66345951706,-2752362.4906264427,0.0001000081324,42073968.842604674,92374.62188069234,-2752362.4350254815,0.0001000189299473163,0.11257881155000002,0.041578824725000005,-0.05560096134999999,0.13226584736267666,-1.0797547316300398e-08
2025-09-08 20:30:00,GEO01,GEO,42084474.35664969,92990.08334323019,-2586748.33891789,0.0001000081432,42084474.31702415,92990.09217248058,-2586748.2906915443,0.00010001762472264124,0.039625541800000025,-0.008829250399999988,-0.0482263456,0.06303903263455181,-9.481522641240026e-09
2025-09-08 20:45:00,GEO01,GEO,42094967.72095971,92225.38751999289,-2409996.4832458906,0.000100008154,42094967.75428744,92225.44675731841,-2409996.4423941607,0.00010001631949796618,-0.03332772794999994,-0.059237325524999995,-0.04085172985,0.07930108459158301,-8.165497966179654e-09
2025-09-08 21:00:00,GEO01,GEO,42105268.519497566,90094.02323409542,-2222867.9600877617,0.0001000081648,42105268.62577856,90094.13287949607,-2222867.9266106477,0.00010001501427329112,-0.10628099769999994,-0.10964540064999997,-0.0334771141,0.15632812134824248,-6.849473291119285e-09
2025-09-08 21:15:00,GEO01,GEO,42115199.536561385,86632.94998572022,-2026168.4845038326,0.0001000081756,42115199.71579565,86633.11003919599,-2026168.4584013342,0.00010001370904861606,-0.17923426744999993,-0.16005347577499998,-0.026102498349999996,0.2417092843812756,-5.533448616058913e-09
2025-09-08 21:30:00,GEO01,GEO,42124589.918193854,81902.00367403403,-1820744.9809884445,0.0001000081864,42124590.17038139,81902.21413558493,-1820744.962260562,0.000100012403823941,-0.2521875371999999,-0.2104615509,-0.018727882599999995,0.32900357431631955,-4.217423940998542e-09
2025-09-08 21:45:00,GEO01,GEO,42133278.11156497,75982.86717761867,-1607481.9368861157,0.0001000081972,42133278.41534904,75983.11539385054,-1607481.9281232872,0.00010001125139628094,-0.30378406609999997,-0.24821623187499997,-0.008762828625,0.3923937356125656,-3.0541962809317905e-09
2025-09-08 22:00:00,GEO01,GEO,42141114.6443375,68977.66507778689,-1387297.5940744018,0.000100008208,42141114.91429113,68977.90043512314,-1387297.60563838,0.00010001071015668084,-0.2699536316,-0.23535733625,0.011563978249999999,0.3583319195015852,-2.502156680839516e-09
2025-09-08 22:15:00,GEO01,GEO,42147964.696198806,61007.20669879019,-1161139.9953106309,0.0001000082188,42147964.932322,61007.42919723082,-1161140.027201416,0.00010001016891708075,-0.23612319710000002,-0.222498440625,0.031890785125,0.3260011387482734,-1.9501170807472416e-09
2025-09-08 22:30:00,GEO01,GEO,42153710.41831847,52208.90769748762,-929982.902265425,0.0001000082296,42153710.620611235,52209.11733703262,-929982.954483017,0.00010000962767748065,-0.2022927626,-0.20963954499999998,0.05221759199999999,0.2959692172210236,-1.398077480654967e-09
2025-09-08 22:45:00,GEO01,GEO,42158252.96082718,42734.42595506646,-694821.6028192398,0.0001000082404,42158253.12928951,42734.622735715835,-694821.6753636387,0.00010000908643788057,-0.1684623281,-0.19678064937499998,0.07254439887499999,0.26900719277642715,-8.460378805626924e-10
2025-09-08 23:00:00,GEO01,GEO,42161514.17343644,32747.052444632165,-456668.6256736182,0.0001000082512,42161514.308068335,32747.236366385914,-456668.718544824,0.00010000854519828048,-0.13463189360000002,-0.18392175374999997,0.09287120574999998,0.2461260228709191,-2.9399828047041783e-10
2025-09-08 23:15:00,GEO01,GEO,42163437.94994119,22418.901963768993,-216549.38072927718,0.000100008262,42163438.05074265,22419.073026627117,-216549.49392728982,0.00010000800395868038,-0.10080145910000002,-0.171062858125,0.11319801262499997,0.22855464477632587,2.580413196218567e-10
2025-09-08 23:30:00,GEO01,GEO,42163991.19347468,11927.95205851749,24502.255998088414,0.0001000082728,42163991.26044571,11928.11026247999,24502.122473268915,0.00010000746271908029,-0.06697102460000001,-0.1582039625,0.1335248195,0.2175832928080251,8.100809197141313e-10
2025-09-08 23:45:00,GEO01,GEO,42163164.385909155,1454.9810871793889,265448.3939146228,0.0001000082836,42163164.30438652,1454.9953803400638,265448.00639296504,0.00010000699132867768,0.081522637375,-0.014293160675,0.38752165775,0.39626161821701233,1.2922713223325987e-09
2025-09-01 00:00:00,MEO01,MEO,26559700.0,0.0,0.0,0.0001,26559700.765883334,-0.671543743,-0.434251402,0.00010000061371979878,-0.765883333,0.671543743,0.434251402,1.1073041852483916,-6.137197987815957e-10
2025-09-01 00:15:00,MEO01,MEO,26405270.469535463,262939.5461320153,2847844.503437357,0.0001000000315,26405271.185994484,262938.9444264895,2847844.0182879157,0.00010000062473364882,-0.7164590225,0.60170552575,0.4851494415,1.053913208583848,-5.932336488264824e-10
2025-09-01 00:30:00,MEO01,MEO,25946404.401602793,562787.123964367,5646683.395727725,0.00010000006300000001,25946405.068637505,562786.5920970584,5646682.859680244,0.00010000063574749888,-0.667034712,0.5318673085,0.536047481,1.0075539899927957,-5.727474988713692e-10
2025-09-01 00:45:00,MEO01,MEO,25196205.113483407,934821.6795324469,8348354.352610382,0.0001000000945,25196205.73109381,934821.2175033557,8348353.765664862,0.00010000064676134892,-0.6176104014999999,0.46202909125,0.5869455205,0.9692360565090983,-5.522613489162559e-10
2025-09-01 01:00:00,MEO01,MEO,24175970.275933936,1411127.817709933,10906367.11234516,0.000100000126,24175970.844120026,1411127.425519059,10906366.4745016,0.00010000065777519896,-0.568186091,0.392190874,0.63784356,0.9399433614256859,-5.317751989611426e-10
2025-09-01 01:15:00,MEO01,MEO,22914401.998398446,2019155.7365399562,13276703.478551852,0.0001000001575,22914402.558503546,2019155.3988169858,13276702.81933846,0.0001000005265098493,-0.5601051002499999,0.3377229705,0.65921339175,0.9286209258852319,-3.6900984930714965e-10
2025-09-01 01:30:00,MEO01,MEO,21446543.823627338,2780462.8655272694,15418574.783833168,0.00010000018900000001,21446544.37565145,2780462.5822722022,15418574.103249945,0.00010000039524449966,-0.5520241095,0.283255067,0.6805832235,0.9209547082023597,-2.0624449965315672e-10
2025-09-01 01:45:00,MEO01,MEO,19812485.513016656,3709686.688769553,17295123.77977305,0.0001000002205,19812486.056959774,3709686.4599823896,17295123.077819996,0.00010000026397915,-0.54394311875,0.2287871635,0.70195305525,0.9170364084335266,-4.347914999916373e-11
2025-09-01 02:00:00,MEO01,MEO,18055885.422427207,4813789.2846742775,18874058.875211123,0.000100000252,18055885.958289336,4813789.110355018,18874058.151888236,0.00010000013271380035,-0.535862128,0.17431926,0.723322887,0.9169140763941029,1.1928619965482923e-10
2025-09-01 02:15:00,MEO01,MEO,16222367.263248786,6091603.594906735,20128209.808842752,0.00010000028350000001,16222367.825445326,6091603.515474529,20128209.086801838,0.00010000025872529987,-0.5621965394999999,0.07943220625,0.72204091425,0.9185409660251923,2.4774700136052112e-11
2025-09-01 02:30:00,MEO01,MEO,14357852.84495164,7533699.752740009,21035995.19414946,0.000100000315,14357853.433482591,7533699.768194856,21035994.47339052,0.00010000038473679939,-0.588530951,-0.015454847500000007,0.7207589415,0.9306454665168756,-6.9736799382725e-11
2025-09-01 02:45:00,MEO01,MEO,12506894.817986723,9122577.40669791,21581793.89116256,0.0001000003465,12506895.432852086,9122577.517039811,21581793.17168559,0.00010000051074829891,-0.6148653625,-0.11034190125000001,0.71947696875,0.952828346416819,-1.6424829890150208e-10
2025-09-01 03:00:00,MEO01,MEO,10711073.386256535,10833177.348389968,21756213.814507283,0.000100000378,10711074.027456308,10833177.553618923,21756213.09631229,0.00010000063675979842,-0.641199774,-0.205228955,0.718194996,0.9844085160275093,-2.5875979842027914e-10
2025-09-01 03:15:00,MEO01,MEO,9007518.438612405,12633693.3818326,21556253.55208777,0.00010000040950000001,9007519.079234274,12633693.634836653,21556252.894485235,0.00010000046919064856,-0.6406218685,-0.253004053,0.65760253525,0.9522859463428438,-5.969064855527488e-11
2025-09-01 03:30:00,MEO01,MEO,7427613.656523466,14486653.733577166,20985354.013284143,0.000100000441,7427614.296567429,14486654.034356317,20985353.416274067,0.0001000003016214987,-0.640043963,-0.30077915099999997,0.5970100745,0.9254973804952241,1.393785013097294e-10
2025-09-01 03:45:00,MEO01,MEO,5995932.0794696035,16350230.848528571,20053339.21790114,0.0001000004725,5995932.718935661,16350231.197082821,20053338.681483526,0.00010000013405234883,-0.6394660575,-0.348554249,0.5364176137500001,0.9045168652555858,3.384476511747336e-10
2025-09-01 04:00:00,MEO01,MEO,4729443.624359646,18179729.54961826,18776247.2447702,0.00010000050400000001,4729444.263247798,18179729.945947606,18776246.768945046,9.999996648319898e-05,-0.638888152,-0.396329347,0.475825153,0.8897553586727618,5.375168010397379e-10
2025-09-01 04:15:00,MEO01,MEO,3637024.507780588,19929196.603325263,17176054.24903555,0.0001000005355,3637025.18053736,19929197.019095946,17176053.840223078,0.00010000001675937429,-0.6727567715,-0.4157706825,0.4088124715,0.8902778054515104,5.187406257231461e-10
2025-09-01 04:30:00,MEO01,MEO,2719286.817919247,21553089.995656893,15280296.297225568,0.000100000567,2719287.5245446377,21553090.430868912,15280295.955425778,0.0001000000670355496,-0.706625391,-0.435212018,0.34179979,0.897527737878657,4.999644504065543e-10
2025-09-01 04:45:00,MEO01,MEO,1968734.0789414588,23007943.867881183,13121595.527558498,0.0001000005985,1968734.8194354693,23007944.322534535,13121595.252771389,0.00010000011731172491,-0.7404940105000001,-0.4546533535,0.2747871085,0.9113446145300694,4.811882750899624e-10
2025-09-01 05:00:00,MEO01,MEO,1370236.0239635585,24253965.179274224,10737098.789299926,0.00010000063000000001,1370236.7983261885,24253965.653368913,10737098.581525499,0.00010000016758790024,-0.77436263,-0.474094689,0.207774427,0.9314362401118512,4.624120997733706e-10
2025-09-01 05:15:00,MEO01,MEO,901803.4315911718,25256500.75106294,8167838.421046755,0.0001000006615,901804.2217634876,25256501.252861198,8167838.319393687,0.00010000036509322549,-0.79017231575,-0.5017982587500001,0.1016530685,0.9415450745438135,2.964067745159887e-10
2025-09-01 05:30:00,MEO01,MEO,535632.2631435283,25987318.30185642,5458026.167643205,0.000100000693,535633.0691255297,25987318.83135825,5458026.172111495,0.00010000056259855075,-0.8059820015000001,-0.5295018285,-0.004468290000000014,0.9643646295578835,1.3040144925860676e-10
2025-09-01 05:45:00,MEO01,MEO,239375.91219766857,26425652.218864433,2654292.3859824846,0.00010000072450000001,239376.73398935582,26425652.77606983,2654292.496572133,0.000100000760103876,-0.8217916872500001,-0.55720539825,-0.1105896485,0.9990242756947884,-3.5603875998775165e-11
2025-09-01 06:00:00,MEO01,MEO,-22404.452047033163,26558973.845637158,-195116.36858524458,0.000100000756,-22403.61444566016,26558974.430546127,-195116.15187423758,0.00010000095760920126,-0.837601373,-0.584908968,-0.216711007,1.0443458342202858,-2.0160920125615704e-10
2025-09-01 06:15:00,MEO01,MEO,-286668.359560356,26383456.65694755,-3041167.5673328578,0.0001000007875,-286667.52793807496,26383457.22769242,-3041167.3612298705,0.00010000098809026433,-0.8316222810714287,-0.5707448733809524,-0.20610298714285716,1.0294774257720731,-2.005902643249856e-10
2025-09-01 06:30:00,MEO01,MEO,-590264.934775996,25904118.425768312,-5834886.458239332,0.000100000819,-590264.1091328069,25904118.98234909,-5834886.262744364,0.0001000010185713274,-0.8256431891428572,-0.5565807787619048,-0.1954949672857143,1.0147350005293199,-1.995713273938142e-10
2025-09-01 06:45:00,MEO01,MEO,-968306.1207087804,25134634.912835684,-8528198.821853269,0.00010000085050000001,-968305.3010446832,25134635.455252368,-8528198.636966322,0.00010000104905239047,-0.8196640972142858,-0.5424166841428572,-0.18488694742857142,1.0001241297099563,-1.9855239046264276e-10
2025-09-01 07:00:00,MEO01,MEO,-1452607.9726565136,24096832.246098302,-11074758.230822552,0.000100000882,-1452607.1589715083,24096832.774350893,-11074758.056543624,0.00010000107953345353,-0.8136850052857143,-0.5282525895238095,-0.1742789275714286,0.9856506636536448,-1.9753345353147134e-10
2025-09-01 07:15:00,MEO01,MEO,-2070261.1276390748,22819877.51731286,-13430743.577636564,0.0001000009135,-2070260.3199331614,22819878.031401355,-13430743.413965657,0.0001000011100145166,-0.8077059133571429,-0.5140884949047619,-0.16367090771428572,0.9713207447066897,-1.9651451660029994e-10
2025-09-01 07:30:00,MEO01,MEO,-2842386.555897886,21339198.728759512,-15555613.146750579,0.00010000094500000001,-2842385.7541710646,21339199.22868391,-15555612.993687691,0.00010000114049557968,-0.8017268214285714,-0.4999244002857143,-0.15306288785714287,0.9571408202757626,-1.954955796691285e-10
2025-09-01 07:45:00,MEO01,MEO,-3783125.5289842,19695175.626245335,-17412802.25504499,0.0001000009765,-3783124.7332364707,19695176.11200564,-17412802.112590123,0.00010000117097664275,-0.7957477295000001,-0.48576030566666667,-0.142454868,0.9431176559595712,-1.9447664273795708e-10
2025-09-01 08:00:00,MEO01,MEO,-4898903.672411574,17931651.753449593,-18970352.45564617,0.000100001008,-4898902.882642937,17931652.225045804,-18970352.32379932,0.0001000012014577058,-0.7897686375714286,-0.47159621104761906,-0.13184684814285716,0.929258348647515,-1.9345770580678566e-10
2025-09-01 08:15:00,MEO01,MEO,-6187998.359981539,16094324.917442039,-20201461.477790907,0.0001000010395,-6187997.576191993,16094325.374874156,-20201461.35655208,0.00010000123193876887,-0.7837895456428572,-0.45743211642857146,-0.12123882828571429,0.9155703394515637,-1.9243876887561423e-10
2025-09-01 08:30:00,MEO01,MEO,-7640426.961857012,14229077.901200732,-21084944.439388245,0.00010000107100000001,-7640426.184046558,14229078.344468754,-21084944.328757435,0.00010000126241983195,-0.7778104537142858,-0.44326802180952385,-0.11063080842857144,0.9020614263118177,-1.914198319444428e-10
2025-09-01 08:45:00,MEO01,MEO,-9238161.033239754,12380313.516852787,-21605598.39574833,0.0001000011025,-9238160.261408392,12380313.945956714,-21605598.29572554,0.00010000129290089502,-0.7718313617857143,-0.4291039271904762,-0.10002278857142859,0.8887397760874014,-1.904008950132714e-10
2025-09-01 09:00:00,MEO01,MEO,-10955658.905399306,10589357.876120064,-21754463.951336488,0.000100001134,-10955658.139547035,10589358.291059896,-21754463.86192172,0.00010000132338195809,-0.7658522698571429,-0.4149398325714286,-0.08941476871428572,0.8756139359123817,-1.8938195808209998e-10
2025-09-01 09:15:00,MEO01,MEO,-12760696.803825136,8892993.070684198,-21528979.43274622,0.00010000116550000001,-12760696.043951958,8892993.471459936,-21528979.35393947,0.00010000135386302115,-0.7598731779285715,-0.400775737952381,-0.07880674885714287,0.862692843561354,-1.8836302115092855e-10
2025-09-01 09:30:00,MEO01,MEO,-14615467.046341395,7322175.408808593,-20933024.96988783,0.000100001197,-14615466.292447308,7322175.795420236,-20933024.9016891,0.00010000138434408422,-0.7538940860000001,-0.3866116433333333,-0.06819872900000001,0.8499858365313456,-1.8734408421975715e-10
2025-09-01 09:45:00,MEO01,MEO,-16477901.514486756,5900988.140785155,-19976855.726845205,0.0001000012285,-16477900.766571762,5900988.513232703,-19976855.669254497,0.00010000141482514729,-0.7479149940714286,-0.37244754871428576,-0.05759070914285716,0.8375026595060594,-1.863251472885857e-10
2025-09-01 10:00:00,MEO01,MEO,-18303169.844833978,4645868.503575045,-18676925.43136181,0.00010000126,-18303169.102898076,4645868.861858499,-18676925.38437912,0.00010000144530621036,-0.7419359021428572,-0.3582834540952381,-0.04698268928571431,0.8252534698257669,-1.8530621035741427e-10
2025-09-01 10:15:00,MEO01,MEO,-20045294.991399772,3565138.2763156993,-17055603.239654467,0.00010000129150000001,-20045294.255442962,3565138.6204350586,-17055603.203279797,0.00010000147578727344,-0.7359568102142857,-0.3441193594761905,-0.03637466942857143,0.8132488405421354,-1.8428727342624287e-10
2025-09-01 10:30:00,MEO01,MEO,-21658824.2286758,2658855.2744725123,-15140788.808735684,0.000100001323,-21658823.49869808,2658855.604427777,-15140788.782969033,0.0001000015062683365,-0.7299777182857143,-0.3299552648571429,-0.025766649571428574,0.8014997605930408,-1.8326833649507145e-10
2025-09-01 10:45:00,MEO01,MEO,-23100491.474355176,1918990.7760899104,-12965432.200066667,0.0001000013545,-23100490.75035655,1918991.0918810808,-12965432.184908038,0.00010000153674939956,-0.723998626357143,-0.3157911702380952,-0.01515862971428572,0.7900176315894414,-1.8224939956390002e-10
2025-09-01 11:00:00,MEO01,MEO,-24330807.096390113,1329925.2495118193,-10566966.876022825,0.00010000138600000001,-24330806.37837058,1329925.5511388949,-10566966.871472215,0.00010000156723046264,-0.7180195344285715,-0.3016270756190476,-0.004550609857142868,0.7788142606665552,-1.8123046263272862e-10
2025-09-01 11:15:00,MEO01,MEO,-25315514.1197776,869242.4260785971,-7986665.54614916,0.0001000014175,-25315513.40773716,869242.713541578,-7986665.552206569,0.00010000159771152571,-0.7120404425,-0.287462981,0.006057409999999985,0.7679018488172237,-1.802115257015572e-10
2025-09-01 11:30:00,MEO01,MEO,-26026854.85834713,508790.2101140213,-5268929.947781099,0.000100001449,-26026854.152285777,508790.4834129077,-5268929.964446529,0.00010000162819258877,-0.7060613505714286,-0.2732988863809524,0.01666542985714284,0.757292974099286,-1.7919258877038574e-10
2025-09-01 11:45:00,MEO01,MEO,-26444599.268573634,215966.58848588006,-2460526.7824619687,0.00010000148050000001,-26444598.568491377,215966.84762067182,-2460526.8097354183,0.00010000165867365186,-0.7000822586428572,-0.25913479176190474,0.02727344971428572,0.7470005690943534,-1.7817365183921434e-10
2025-09-01 12:00:00,MEO01,MEO,-26556795.47527527,-44820.00755858916,390217.04386326583,0.00010000151200000001,-26556794.781172104,-44819.762587892015,390217.00598179625,0.00010000168915471491,-0.6941031667142857,-0.24497069714285713,0.03788146957142857,0.7370378919962989,-1.7715471490804292e-10
2025-09-01 12:15:00,MEO01,MEO,-26360213.59950166,-310573.1880648958,3234246.0285981456,0.0001000015435,-26360212.911377583,-310572.9572582933,3234245.980108656,0.00010000171963577798,-0.6881240747857144,-0.23080660252380952,0.0484894894285714,0.7274184907282208,-1.761357779768715e-10
2025-09-01 12:30:00,MEO01,MEO,-25860465.81446691,-618075.7717237435,6022620.217911498,0.000100001575,-25860465.132321924,-618075.5550812356,6022620.158813989,0.00010000175011684104,-0.6821449828571429,-0.21664250790476192,0.05909750928571428,0.7181561595309279,-1.751168410457001e-10
2025-09-01 12:45:00,MEO01,MEO,-25071798.010433383,-1002265.6101047499,8707357.363794709,0.00010000160650000001,-25071797.334267493,-1002265.4076263367,8707357.29408918,0.00010000178059790413,-0.6761658909285715,-0.2024784132857143,0.06970552914285716,0.7092648875385099,-1.7409790411452867e-10
2025-09-01 13:00:00,MEO01,MEO,-24016561.082922436,-1494683.7088891473,11242258.600950124,0.000100001638,-24016560.412735637,-1494683.5205748286,11242258.520636575,0.00010000181107896719,-0.6701867990000001,-0.18831431866666665,0.08031354899999998,0.7007587989613351,-1.7307896718335724e-10
2025-09-01 13:15:00,MEO01,MEO,-22724382.18253806,-2122055.4879710656,13583703.435290338,0.0001000016695,-22724381.51833035,-2122055.3138208417,13583703.344368769,0.00010000184156003026,-0.6642077070714286,-0.17415022404761904,0.09092156885714286,0.6926520846372765,-1.7206003025218581e-10
2025-09-01 13:30:00,MEO01,MEO,-21231067.803021774,-2905060.8690461367,15691400.363913637,0.00010000170100000001,-21231067.14479316,-2905060.7090600072,15691400.262384048,0.00010000187204109333,-0.6582286151428571,-0.15998612942857143,0.10152958871428569,0.684958924890326,-1.7104109332101439e-10
2025-09-01 13:45:00,MEO01,MEO,-19577280.89125219,-3857341.5702345073,17529080.209912688,0.00010000173250000001,-19577280.239002667,-3857341.4244124726,17529080.09777508,0.0001000019025221564,-0.6522495232142858,-0.14582203480952383,0.11213760857142857,0.677693403852636,-1.7002215638984296e-10
2025-09-01 14:00:00,MEO01,MEO,-17807042.840681333,-4984784.8049064195,19065120.241134427,0.000100001764,-17807042.1944109,-4984784.673248479,19065120.118388798,0.00010000193300321946,-0.6462704312857144,-0.13165794019047616,0.1227456284285714,0.6708694156598192,-1.6900321945867156e-10
2025-09-01 14:15:00,MEO01,MEO,-15966117.943040745,-6285111.881117236,20273088.333077215,0.0001000017955,-15966117.302749407,-6285111.76362339,20273088.199723568,0.00010000196348428253,-0.6402913393571429,-0.11749384557142856,0.13335364828571428,0.6645005632157407,-1.6798428252750013e-10
2025-09-01 14:30:00,MEO01,MEO,-14100342.36284979,-7747788.392530149,21132197.811988194,0.00010000182700000001,-14100341.728537543,-7747788.289200398,21132197.668026526,0.00010000199396534561,-0.6343122474285715,-0.10332975095238095,0.14396166814285716,0.6586000505346478,-1.669653455963287e-10
2025-09-01 14:45:00,MEO01,MEO,-12253961.792033846,-9354260.237739267,21627665.151236847,0.0001000018585,-12253961.16370069,-9354260.148573611,21627664.996667158,0.00010000202444640867,-0.6283331555,-0.08916565633333334,0.15456968799999998,0.6531805699945143,-1.659464086651573e-10
2025-09-01 15:00:00,MEO01,MEO,-10468041.557158561,-11078507.083900273,21750964.365737274,0.00010000189,-10468040.934804497,-11078507.00889871,21750964.200559568,0.00010000205492747173,-0.6223540635714286,-0.07500156171428574,0.16517770785714286,0.6482541861618722,-1.6492747173398586e-10
2025-09-01 15:15:00,MEO01,MEO,-8779010.104488809,-12887892.590404645,21499973.72680898,0.00010000192150000001,-8779009.488113837,-12887892.529567178,21499973.551023252,0.00010000208540853481,-0.6163749716428573,-0.060837467095238074,0.1757857277142857,0.6438322181580681,-1.6390853480281443e-10
2025-09-01 15:30:00,MEO01,MEO,-7217391.588527875,-14744279.204478808,20879012.27281168,0.00010000195300000001,-7217390.978131996,-14744279.157805435,20879012.086417932,0.00010000211588959788,-0.6103958797142858,-0.04667337247619041,0.18639374757142857,0.6399251228106297,-1.6288959787164303e-10
2025-09-01 15:45:00,MEO01,MEO,-5806775.9390175035,-16605365.077777281,19898765.48728041,0.0001000019845,-5806775.334600716,-16605365.045268003,19898765.290278643,0.00010000214637066095,-0.6044167877857143,-0.03250927785714286,0.19700176742857145,0.6365423810509203,-1.618706609404716e-10
2025-09-01 16:00:00,MEO01,MEO,-4563065.563835097,-18426192.02804496,18576101.423489124,0.000100002016,-4563064.965397401,-18426192.009699777,18576101.215879336,0.000100002176851724,-0.5984376958571429,-0.018345183238095197,0.20760978728571428,0.6336923901607664,-1.6085172400930018e-10
2025-09-01 16:15:00,MEO01,MEO,-3494027.1172007797,-20160766.816241838,16933780.439564805,0.00010000204750000001,-3494026.524742176,-20160766.81206075,16933780.221346997,0.00010000220733278708,-0.5924586039285715,-0.004181088619047646,0.21821780714285716,0.6313823645187356,-1.5983278707812878e-10
2025-09-01 16:30:00,MEO01,MEO,-2599164.9388551926,-21763733.584474158,15000063.53902068,0.000100002079,-2599164.3523756806,-21763733.594457164,15000063.310194854,0.00010000223781385015,-0.586479512,0.009983006000000016,0.22882582699999998,0.6296182474379123,-1.5881385014695735e-10
2025-09-01 16:45:00,MEO01,MEO,-1869920.3074677652,-23192033.274868745,12808226.056370985,0.0001000021105,-1869919.726967345,-23192033.299015846,12808225.816937137,0.00010000226829491322,-0.5805004200714285,0.02414710061904768,0.23943384685714286,0.6284046365139433,-1.577949132157859e-10
2025-09-01 17:00:00,MEO01,MEO,-1290188.0322388578,-24406486.30263011,10395985.05630882,0.00010000214200000001,-1290187.4577175297,-24406486.340941306,10395984.806266954,0.0001000022987759763,-0.5745213281428572,0.03831119523809523,0.2500418667142857,0.6277447246146866,-1.567759762846145e-10
2025-09-01 17:15:00,MEO01,MEO,-837129.6182640875,-25373237.67064094,7804850.299742615,0.00010000217350000001,-837129.0497218512,-25373237.72311623,7804850.039092728,0.00010000232925703937,-0.5685422362142858,0.05247528985714289,0.26064988657142857,0.6276402582489674,-1.5575703935344307e-10
2025-09-01 17:30:00,MEO01,MEO,-482250.7587330183,-26065008.97571008,5079409.945245061,0.000100002205,-482250.196169874,-26065009.042349465,5079409.673987155,0.00010000235973810242,-0.5625631442857144,0.06663938447619056,0.27125790642857145,0.6280915145677473,-1.5473810242227165e-10
2025-09-01 17:45:00,MEO01,MEO,-192700.67427685158,-26462109.16478577,2266563.2775403135,0.0001000022365,-192700.11769279922,-26462109.24558925,2266562.995674387,0.00010000239021916549,-0.5565840523571429,0.0808034790952381,0.2818659262857143,0.6290972976997256,-1.5371916549110025e-10
2025-09-01 18:00:00,MEO01,MEO,67257.76771640085,-26553165.1670787,-585286.3337890322,0.00010000226800000001,67258.31832136128,-26553165.262046274,-585286.6262629783,0.00010000242070022857,-0.5506049604285714,0.09496757371428577,0.29247394614285716,0.6306549545338576,-1.5270022855992882e-10
2025-09-01 18:15:00,MEO01,MEO,334664.8313038049,-26335544.29716498,-3427064.3578359317,0.0001000022995,334665.3759296734,-26335544.406296648,-3427064.6609178977,0.00010000245118129164,-0.5446258685,0.10913166833333332,0.30308196600000004,0.6327604094655584,-1.516812916287574e-10
2025-09-01 18:30:00,MEO01,MEO,646229.6427997523,-25815452.178830326,-6209869.575223894,0.000100002331,646230.1814465289,-25815452.302126087,-6209869.88891388,0.0001000024816623547,-0.5386467765714287,0.12329576295238098,0.3136899858571428,0.6354082170540879,-1.5066235469758597e-10
2025-09-01 18:45:00,MEO01,MEO,1036708.9050027095,-25007702.421787914,-8885815.568623459,0.00010000236250000001,1036709.4376703941,-25007702.559247773,-8885815.892921465,0.00010000251214341777,-0.5326676846428572,0.13745985757142865,0.3242980057142857,0.6385916310261219,-1.4964341776641454e-10
2025-09-01 19:00:00,MEO01,MEO,1537362.1230863454,-23935166.91131392,-11408854.750589237,0.00010000239400000001,1537362.6497749381,-23935167.062937874,-11408855.085495261,0.00010000254262448084,-0.5266885927142857,0.1516239521904762,0.33490602557142857,0.6423026876304232,-1.4862448083524312e-10
2025-09-01 19:15:00,MEO01,MEO,2174543.9090147857,-22627927.85653184,-13735570.74887524,0.0001000024255,2174544.4297242863,-22627928.022319887,-13735571.094389286,0.0001000025731055439,-0.5207095007857143,0.16578804680952386,0.34551404542857145,0.6465323010197106,-1.4760554390407172e-10
2025-09-01 19:30:00,MEO01,MEO,2968488.6255737543,-21122164.211999968,-15825925.5138885,0.000100002457,2968489.140304163,-21122164.39195211,-15825925.870010566,0.00010000260358660697,-0.5147304088571429,0.1799521414285714,0.35612206528571433,0.6512703681193646,-1.465866069729003e-10
2025-09-01 19:45:00,MEO01,MEO,3932335.1860498395,-19458815.29643804,-17643948.292081997,0.00010000248850000001,3932335.6948011564,-19458815.490554273,-17643948.658812083,0.00010000263406767006,-0.5087513169285716,0.19411623604761907,0.3667300851428571,0.656505880341325,-1.4556767004172886e-10
2025-09-01 20:00:00,MEO01,MEO,5071430.529001738,-17682072.987573177,-19158354.60945548,0.00010000252,5071431.031773963,-17682073.19585351,-19158354.986793585,0.00010000266454873311,-0.5027722250000001,0.20828033066666674,0.377338105,0.6622270395106634,-1.4454873311055746e-10
2025-09-01 20:15:00,MEO01,MEO,6382939.498794479,-15837760.442810314,-20343084.613717802,0.0001000025515,6382939.9955876125,-15837760.665254738,-20343085.001663927,0.00010000269502979618,-0.49679313307142864,0.2224444252857143,0.38794612485714286,0.668421375480536,-1.43529796179386e-10
2025-09-01 20:30:00,MEO01,MEO,7855776.99862611,-13971659.628044367,-21177751.511336893,0.00010000258300000001,7855777.4894401515,-13971659.864652887,-21177751.90989104,0.00010000272551085926,-0.4908140411428572,0.23660851990476195,0.39855414471428574,0.6750758631023926,-1.4251085924821459e-10
2025-09-01 20:45:00,MEO01,MEO,9470865.802253257,-12127851.864220042,-21647992.38278793,0.0001000026145,9470866.287088206,-12127852.114992656,-21647992.791950095,0.00010000275599192232,-0.48483494921428577,0.2507726145238096,0.4091621645714286,0.6821770364733066,-1.4149192231704319e-10
2025-09-01 21:00:00,MEO01,MEO,11201710.795946432,-10347135.048949325,-21745715.339183062,0.000100002646,11201711.27480229,-10347135.313886035,-21745715.758953247,0.00010000278647298539,-0.47885585728571434,0.26493670914285716,0.4197701844285714,0.6897110986808028,-1.4047298538587176e-10
2025-09-01 21:15:00,MEO01,MEO,13015268.161001671,-8665578.200174248,-21469238.767219506,0.0001000026775,13015268.633878436,-8665578.479275052,-21469239.197597712,0.00010000281695404846,-0.4728767653571429,0.2791008037619048,0.43037820428571427,0.6976640255877979,-1.3945404845470033e-10
2025-09-01 21:30:00,MEO01,MEO,14873076.573386682,-7113268.617047849,-20823320.26632397,0.00010000270900000001,14873077.040284356,-7113268.910312748,-20823320.707310192,0.00010000284743511153,-0.46689767342857147,0.2932648983809524,0.44098622414285715,0.7060216625282666,-1.3843511152352893e-10
2025-09-01 21:45:00,MEO01,MEO,16732607.33281905,-5713299.466921019,-19819074.780043848,0.0001000027405,16732607.793737631,-5713299.774350013,-19819075.231638093,0.0001000028779161746,-0.46091858150000004,0.30742899300000004,0.45159424400000003,0.7147698131027204,-1.374161745923575e-10
2025-09-01 22:00:00,MEO01,MEO,18548781.83173289,-4481036.276057566,-18473783.3304776,0.000100002772,18548782.28667238,-4481036.597650653,-18473783.79267986,0.00010000290839723766,-0.45493948957142866,0.3215930876190477,0.4622022638571428,0.7238943195595144,-1.3639723766118606e-10
2025-09-01 22:15:00,MEO01,MEO,20275598.263923205,-3423689.9862384917,-16810595.647035368,0.00010000280350000001,20275598.712883603,-3423690.321995674,-16810596.11984565,0.00010000293887830074,-0.4489603976428572,0.33575718223809525,0.4728102837142857,0.7333811345147088,-1.3537830073001466e-10
2025-09-01 22:30:00,MEO01,MEO,21867805.204958744,-2540212.357888788,-14858131.80668445,0.000100002835,21867805.64794005,-2540212.707810065,-14858132.290102754,0.00010000296935936381,-0.4429813057142858,0.3499212768571429,0.48341830357142856,0.7432163839942878,-1.3435936379884323e-10
2025-09-01 22:45:00,MEO01,MEO,23282557.836853135,-1821517.0120766498,-12649989.740640266,0.0001000028665,23282558.27385535,-1821517.3761620212,-12649990.23466659,0.00010000299984042686,-0.43700221378571436,0.3640853714761906,0.49402632342857145,0.7533864219754178,-1.333404268676718e-10
2025-09-01 23:00:00,MEO01,MEO,24480993.210049566,-1251016.7914495636,-10224167.082311317,0.000100002898,24480993.641072687,-1251017.1696990298,-10224167.58694566,0.00010000303032148993,-0.4310231218571429,0.37824946609523813,0.5046343432857143,0.7638778767579372,-1.323214899365004e-10
2025-09-01 23:15:00,MEO01,MEO,25429664.012743924,-805455.8714072108,-7622407.3053184645,0.00010000292950000001,25429664.437787954,-805456.2638207716,-7622407.820560828,0.00010000306080255301,-0.4250440299285715,0.3924135607142858,0.5152423631428571,0.7746776896151203,-1.3130255300532898e-10
2025-09-01 23:30:00,MEO01,MEO,26101775.732254125,-456003.64103655657,-4889481.403223786,0.000100002961,26101776.151319064,-456004.0476142119,-4889481.929074168,0.00010000309128361608,-0.41906493800000005,0.40657765533333334,0.525850383,0.7857731462569469,-1.3028361607415755e-10
2025-09-01 23:45:00,MEO01,MEO,26478179.63651993,-169567.23964893143,-2072417.47179934,0.0001000029925,26478180.049605776,-169567.66039068138,-2072418.008257743,0.00010000312176467915,-0.4130858460714286,0.420741749952381,0.5364584028571429,0.7971519016935081,-1.2926467914298613e-10
2025-09-02 00:00:00,MEO01,MEO,26548083.38460285,89728.82913725782,780308.5488419674,0.00010000302400000001,26548083.791709602,89728.39423141326,780308.0017755446,0.00010000315224574222,-0.4071067541428572,0.43490584457142856,0.5470664227142857,0.8088019991150651,-1.282457422118147e-10
2025-09-02 00:15:00,MEO01,MEO,26309451.930966508,358954.0507828258,3619607.0465714107,0.0001000030555,26309452.33209417,358953.6017128866,3619606.4888969683,0.00010000318272680528,-0.40112766221428575,0.44906993919047633,0.5576744425714286,0.8207118834130465,-1.2722680528064327e-10
2025-09-02 00:30:00,MEO01,MEO,25769083.300065335,674736.485756415,6396619.469616972,0.000100003087,25769083.695213906,674736.0225223812,6396618.901334509,0.00010000321320786835,-0.3951485702857144,0.4632340338095239,0.5682824624285714,0.8328704099571361,-1.2620786834947187e-10
2025-09-02 00:45:00,MEO01,MEO,24942356.315263633,1071644.6631199103,9063559.082856746,0.0001000031185,24942356.70443311,1071644.1857217818,9063558.503966264,0.00010000324368893142,-0.38916947835714294,0.47739812842857143,0.5788904822857143,0.8452668492215109,-1.2518893141830045e-10
2025-09-02 01:00:00,MEO01,MEO,23852659.986237552,1580650.1869538212,11574533.280328196,0.00010000315000000001,23852660.369427938,1580649.6953915982,11574532.690829694,0.0001000032741699945,-0.3831903864285715,0.4915622230476192,0.5894985021428572,0.8578908878216783,-1.2416999448712902e-10
2025-09-02 01:15:00,MEO01,MEO,22530526.50431544,2227731.3367896397,13886333.303627165,0.0001000031815,22530526.881526735,2227730.831063322,13886332.703520643,0.00010000330465105757,-0.37721129450000007,0.5057263176666668,0.600106522,0.8707326264852998,-1.2315105755595762e-10
2025-09-02 01:30:00,MEO01,MEO,21012501.192707494,3032672.4858705224,15959177.77674997,0.000100003213,21012501.563939698,3032671.96598011,15959177.166035429,0.00010000333513212062,-0.37123220257142864,0.5198904122857143,0.6107145418571429,0.8837825754383395,-1.2213212062478617e-10
2025-09-02 01:45:00,MEO01,MEO,19339792.86804822,4008106.581320418,17757397.262655564,0.00010000324450000001,19339793.23330133,4008106.047265911,17757396.641333003,0.0001000033656131837,-0.3652531106428572,0.5340545069047619,0.6213225617142857,0.8970316476439245,-1.2111318369361474e-10
2025-09-02 02:00:00,MEO01,MEO,17556756.50067883,5158838.52114499,19250048.061722398,0.000100003276,17556756.85995285,5158837.9729263885,19250047.429791816,0.00010000339609424677,-0.35927401871428577,0.5482186015238096,0.6319305815714286,0.9104711502870579,-1.2009424676244334e-10
2025-09-02 02:15:00,MEO01,MEO,15709266.48805061,6481476.388100886,20411444.689876825,0.0001000033075,15709266.841345537,6481475.82571819,20411444.047338225,0.00010000342657530984,-0.35329492678571434,0.5623826961428572,0.6425386014285714,0.9240927748550019,-1.190753098312719e-10
2025-09-02 02:30:00,MEO01,MEO,13843043.030393366,7964385.580204695,21221601.873527482,0.000100003339,13843043.3777092,7964385.003657904,21221601.22038086,0.0001000034570563729,-0.3473158348571429,0.5765467907619047,0.6531466212857143,0.9378885861216726,-1.180563729001005e-10
2025-09-02 02:45:00,MEO01,MEO,12001995.859255513,9587968.37277236,21666578.45547216,0.00010000337050000001,12001996.200592255,9587967.782061474,21666577.791717518,0.00010000348753743597,-0.34133674292857147,0.5907108853809525,0.6637546411428571,0.951851010305351,-1.170374359689291e-10
2025-09-02 03:00:00,MEO01,MEO,10226648.849833094,11325258.840751817,21738717.293855682,0.000100003402,10226649.185190745,11325258.235876838,21738716.619493023,0.00010000351801849904,-0.335357651,0.60487498,0.674362661,0.9659728226328311,-1.1601849903775765e-10
2025-09-02 03:15:00,MEO01,MEO,8552705.875184864,13142810.850038137,21436777.026005987,0.0001000034335,8552706.229837116,13142810.319654569,21436776.34032802,0.00010000377271914907,-0.354652252,0.5303835685,0.6856779669999999,0.9366104974922707,-3.3921914906878683e-10
2025-09-02 03:30:00,MEO01,MEO,7009812.757300606,15001845.464828575,20765953.429760646,0.00010000346500000001,7009813.131247459,15001845.008936418,20765952.732767373,0.00010000402741979911,-0.37394685299999997,0.45589215699999996,0.6969932729999999,0.9129477149815145,-5.624197990998159e-10
2025-09-02 03:45:00,MEO01,MEO,5620562.5494117,16859614.05411759,19737790.014698993,0.0001000034965,5620562.942653154,16859613.672716845,19737789.306390416,0.00010000428212044914,-0.393241454,0.3814007455,0.708308579,0.895436437105945,-7.856204491308451e-10
2025-09-02 04:00:00,MEO01,MEO,4399781.940589905,18670925.0032415,18369979.38182268,0.000100003528,4399782.35312596,18670924.696332168,18369978.662198793,0.00010000453682109917,-0.412536055,0.306909334,0.719623885,0.884442124637774,-1.0088210991618741e-09
2025-09-02 04:15:00,MEO01,MEO,3354125.672687702,20389775.569875814,16686058.769880705,0.0001000035595,3354126.157600909,20389775.320897523,16686058.061139004,0.00010000457814259958,-0.48491320725,0.24897828899999996,0.7087416995,0.8941173321041245,-1.0186425995746696e-09
2025-09-02 04:30:00,MEO01,MEO,2481993.922460364,21971026.314294595,14715005.027367277,0.00010000359100000001,2481994.4797507236,21971026.12324735,14715004.329507763,0.0001000046194641,-0.5572903595,0.19104724399999998,0.6978595139999999,0.9132795275883233,-1.0284640999874654e-09
2025-09-02 04:45:00,MEO01,MEO,1773775.089745731,23372053.84003323,12490735.979900682,0.0001000036225,1773775.7194132428,23372053.70691703,12490735.292923354,0.0001000046607856004,-0.62966751175,0.133116199,0.6869773284999999,0.9413495353282121,-1.0382856004002609e-09
2025-09-02 05:00:00,MEO01,MEO,1212403.8295217901,24554318.369017307,10051526.773435974,0.000100003654,1212404.531566454,24554318.293832153,10051526.097340832,0.00010000470210710081,-0.702044664,0.075185154,0.676095143,0.9775603101707162,-1.0481071008130564e-09
2025-09-02 05:15:00,MEO01,MEO,774211.9586885059,25484785.914495766,7439351.236858084,0.00010000368550000001,774212.679195197,25484785.867375366,7439350.622113835,0.0001000040747604755,-0.720506691,0.04712039900000001,0.61474424875,0.9482935806747247,-3.8926047549201525e-10
2025-09-02 05:30:00,MEO01,MEO,430038.52937284065,26137150.38078918,4699159.597765004,0.000100003717,430039.26834155864,26137150.361733537,4699159.04437165,0.00010000344741385017,-0.738968718,0.01905564400000001,0.5533933545,0.9234078668473541,2.69586149829026e-10
2025-09-02 05:45:00,MEO01,MEO,146555.32773027848,26492808.596073717,1878104.9804833787,0.0001000037485,146556.08516102348,26492808.60508283,1878104.4884409185,0.00010000282006722486,-0.757430745,-0.009009110999999986,0.49204246025000004,0.9032653432082614,9.284327751500672e-10
2025-09-02 06:00:00,MEO01,MEO,-112244.28159108968,26541550.776716374,-975268.0032875674,0.00010000378,-112243.50569831768,26541550.81379024,-975268.4339791334,0.00010000219272059952,-0.775892772,-0.037073866,0.430691566,0.8881887694660198,1.5872794004711085e-09
2025-09-02 06:15:00,MEO01,MEO,-383451.56763361255,26281939.862462316,-3811858.6084997384,0.00010000381150000001,-383450.76312426606,26281939.90281204,-3811858.9701402015,0.00010000253423742457,-0.8045093464999999,-0.040349724499999996,0.36164046325,0.8829763380367321,1.277262575431434e-09
2025-09-02 06:30:00,MEO01,MEO,-703606.1660319506,25721365.12848266,-6582854.880703217,0.000100003843,-703605.3329060297,25721365.17210824,-6582855.173292578,0.00010000287575424962,-0.8331259209999999,-0.043625582999999996,0.2925893605,0.8840873970439727,9.672457503917594e-10
2025-09-02 06:45:00,MEO01,MEO,-1107081.440763508,24875768.010707628,-9240573.610494766,0.0001000038745,-1107080.5790210124,24875768.05760907,-9240573.834033024,0.00010000321727107465,-0.8617424955,-0.0469014415,0.22353825775000002,0.8914983042290383,6.572289253520847e-10
2025-09-02 07:00:00,MEO01,MEO,-1624554.745681325,23769050.690998677,-11739280.864559792,0.00010000390600000001,-1624553.855322255,23769050.741175976,-11739281.019046947,0.0001000035587878997,-0.89035907,-0.0501773,0.154487155,0.905054316616715,3.472121003124101e-10
2025-09-02 07:15:00,MEO01,MEO,-2281622.5706757633,22432190.191476278,-14035978.97363837,0.0001000039375,-2281621.6383223613,22432190.279290736,-14035978.999984706,0.0001000036700955495,-0.932353402,-0.0878144585,0.026346335,0.9368502413462646,2.674044505148959e-10
2025-09-02 07:30:00,MEO01,MEO,-3097614.949344827,20902092.05138403,-16091146.434951859,0.000100003969,-3097613.974997093,20902092.17683565,-16091146.333157374,0.00010000378140319928,-0.974347734,-0.125451617,-0.10179448499999999,0.987650612380342,1.875968007173816e-10
2025-09-02 07:45:00,MEO01,MEO,-4084655.7919690628,19220227.66785197,-17869417.99687587,0.00010000400050000001,-4084654.7756269965,19220227.830940746,-17869417.766940568,0.00010000389271084909,-1.016342066,-0.1630887755,-0.22993530499999998,1.054712941183847,1.0778915091986735e-10
2025-09-02 08:00:00,MEO01,MEO,-5247006.287515596,17431107.687303763,-19340193.22298491,0.00010000403200000001,-5247005.229179198,17431107.8880297,-19340192.864908785,0.00010000400401849889,-1.058336398,-0.200725934,-0.358076125,1.1351587304015252,2.7981501122353115e-11
2025-09-02 08:15:00,MEO01,MEO,-6580717.559310064,15580650.116304612,-20478163.063319065,0.0001000040635,-6580716.555749757,15580650.330542296,-20478162.625996046,0.00010000412678999945,-1.00356030675,-0.21423768425,-0.43732301900000004,1.1154741133635648,-6.328999944354837e-11
2025-09-02 08:30:00,MEO01,MEO,-8073606.784529202,13714505.836824505,-21263745.37165338,0.000100004095,-8073605.835744986,13714506.06457394,-21263744.85508347,0.0001000042495615,-0.9487842155,-0.2277494345,-0.516569913,1.1040406548283663,-1.5456150000944986e-10
2025-09-02 08:45:00,MEO01,MEO,-9705558.460624548,11876405.806222957,-21683421.87440241,0.00010000412650000001,-9705557.566616423,11876406.04748414,-21683421.278585605,0.00010000437233300059,-0.89400812425,-0.24126118474999997,-0.5958168070000001,1.1011154131132905,-2.458330005753514e-10
2025-09-02 09:00:00,MEO01,MEO,-11449139.906434312,10106593.335300846,-21729970.79261143,0.000100004158,-11449139.06720228,10106593.590073781,-21729970.11754773,0.00010000449510450115,-0.839232033,-0.254772935,-0.675063701,1.1067658532994433,-3.3710450114125286e-10
2025-09-02 09:15:00,MEO01,MEO,-13270507.908944597,8440401.503011275,-21402591.11408251,0.0001000041895,-13270507.079779977,8440401.745971743,-21402590.456683323,0.00010000453711034111,-0.8291646198375,-0.24296046852499997,-0.6573991869875,1.0856875458012676,-3.476103411097153e-10
2025-09-02 09:30:00,MEO01,MEO,-15130572.139148325,6907030.112944245,-20706916.37716514,0.00010000422100000001,-15130571.320051119,6907030.344092247,-20706915.737430464,0.00010000457911618109,-0.8190972066750001,-0.23114800204999997,-0.639734672975,1.0647112682041666,-3.5811618107817776e-10
2025-09-02 09:45:00,MEO01,MEO,-16986370.9985914,5528568.843169046,-19654917.72902022,0.00010000425250000001,-16986370.189561605,5528569.062504581,-19654917.10695006,0.00010000462112202106,-0.8090297935125,-0.21933553557499996,-0.6220701589625001,1.0438431714718839,-3.6862202104664023e-10
2025-09-02 10:00:00,MEO01,MEO,-18792607.307126164,4319303.687266673,-18264697.926527906,0.000100004284,-18792606.508163784,4319303.894789742,-18264697.32212226,0.00010000466312786101,-0.79896238035,-0.20752306909999998,-0.60440564495,1.0230898753631799,-3.7912786101510265e-10
2025-09-02 10:15:00,MEO01,MEO,-20503285.021174584,3285332.7997727757,-16560179.824664196,0.0001000043155,-20503284.232279617,3285332.9954833784,-16560179.237923065,0.00010000470513370098,-0.7888949671875001,-0.19571060262499998,-0.5867411309375,1.0024585098483747,-3.896337009835651e-10
2025-09-02 10:30:00,MEO01,MEO,-22073384.221033327,2424505.8684628606,-14570694.712827735,0.00010000434700000001,-22073383.44220577,2424506.0523609966,-14570694.143751118,0.00010000474713954096,-0.778827554025,-0.18389813614999997,-0.569076616925,0.9819567604119905,-4.0013954095202754e-10
2025-09-02 10:45:00,MEO01,MEO,-23460510.078320082,1726688.6024647783,-12330477.583011953,0.0001000043785,-23460509.30955994,1726688.774550448,-12330477.03159985,0.00010000478914538093,-0.7687601408625,-0.172085669675,-0.5514121029125001,0.9615929175720928,-4.1064538092048997e-10
2025-09-02 11:00:00,MEO01,MEO,-24626452.46979943,1174341.3335796185,-9878078.015229281,0.00010000441,-24626451.711106703,1174341.4938528216,-9878077.481481692,0.00010000483115122089,-0.7586927277000001,-0.1602732032,-0.5337475889000001,0.9413759309571381,-4.211512208889525e-10
2025-09-02 11:15:00,MEO01,MEO,-25538596.304838274,743388.5651566135,-7255696.81765268,0.00010000444150000001,-25538595.556212958,743388.7136173502,-7255696.301569605,0.00010000487315706087,-0.7486253145375,-0.148460736725,-0.5160830748875,0.92131546828469,-4.3165706085741486e-10
2025-09-02 11:30:00,MEO01,MEO,-26171128.34942443,404345.0385463503,-4508459.836546829,0.00010000447300000001,-26171127.610866528,404345.17519462056,-4508459.338128268,0.00010000491516290084,-0.738557901375,-0.13664827024999998,-0.498418560875,0.9014219795803003,-4.4216290082587733e-10
2025-09-02 11:45:00,MEO01,MEO,-26505994.13937463,123653.95695560821,-1683641.432243477,0.0001000045045,-26505993.410884142,123654.08179141198,-1683640.9514894302,0.00010000495716874079,-0.7284904882125001,-0.12483580377499998,-0.4807540468625,0.8817067669553794,-4.526687407943398e-10
2025-09-02 12:00:00,MEO01,MEO,-26533568.17749231,-134815.2057210335,1170149.0164392919,0.000100004536,-26533567.459069233,-134815.0926976962,1170149.4795288248,0.00010000499917458076,-0.71842307505,-0.11302333729999997,-0.46308953285000004,0.8621820602250773,-4.6317458076280223e-10
2025-09-02 12:15:00,MEO01,MEO,-26253011.633170605,-408168.06039953185,4003803.5807315246,0.00010000456750000001,-26253010.924814943,-408167.959188661,4003804.0261565433,0.00010000504118042074,-0.7083556618875,-0.10121087082499997,-0.4454250188375001,0.8428610985848263,-4.736804207312648e-10
2025-09-02 12:30:00,MEO01,MEO,-25672303.78249755,-732848.4746894091,6768560.8294753,0.000100004599,-25672303.084209304,-732848.3852910048,6768561.2572358055,0.00010000508318626071,-0.6982882487250001,-0.08939840434999999,-0.42776050482500005,0.8237582184694078,-4.841862606997271e-10
2025-09-02 12:45:00,MEO01,MEO,-24807945.978054363,-1143027.6910036057,9416844.914170315,0.0001000046305,-24807945.289833527,-1143027.6134176678,9416845.324266307,0.00010000512519210067,-0.6882208355625,-0.07758593787499998,-0.41009599081250003,0.8048889475814506,-4.946921006681896e-10
2025-09-02 13:00:00,MEO01,MEO,-23684349.535505217,-1669082.5164225465,11903084.252553467,0.00010000466200000001,-23684348.857351795,-1669082.450649075,11903084.644984944,0.00010000516719794065,-0.6781534224,-0.06577347139999998,-0.39243147680000007,0.7862701048852541,-5.051979406366521e-10
2025-09-02 13:15:00,MEO01,MEO,-22332931.082154423,-2336222.2622604715,14184495.722832708,0.00010000469350000001,-22332930.414068412,-2336222.2082994664,14184496.09759967,0.00010000520920378062,-0.6680860092375001,-0.05396100492499997,-0.37476696278750005,0.7679199061024348,-5.157037806051144e-10
2025-09-02 13:30:00,MEO01,MEO,-20790950.16128377,-3163318.3536827024,16221820.874188833,0.000100004725,-20790949.503265172,-3163318.311534164,16221821.231291281,0.00010000525120962057,-0.658018596075,-0.04214853844999997,-0.3571024487750001,0.7498580739013795,-5.262096205735769e-10
2025-09-02 13:45:00,MEO01,MEO,-19100133.79081688,-4161982.68465354,17980001.484859206,0.0001000047565,-19100133.1428657,-4161982.654317468,17980001.82429714,0.00010000529321546054,-0.6479511829125,-0.030336071974999962,-0.33943793476250006,0.7321059515236927,-5.367154605420394e-10
2025-09-02 14:00:00,MEO01,MEO,-17305140.85315539,-5335931.16418286,19428782.84282251,0.00010000478800000001,-17305140.21527162,-5335931.145659255,19428783.16459593,0.00010000533522130052,-0.63788376975,-0.018523605499999984,-0.32177342075000004,0.7146866180168391,-5.472213005105019e-10
2025-09-02 14:15:00,MEO01,MEO,-15451925.329073649,-6680657.858491204,20543234.367852397,0.0001000048195,-15451924.701257292,-6680657.851780064,20543234.671961304,0.00010000537722714049,-0.6278163565875,-0.006711139024999979,-0.3041089067375001,0.6976250025213355,-5.577271404789643e-10
2025-09-02 14:30:00,MEO01,MEO,-13586061.2454529,-8183433.107104477,21304178.61609194,0.000100004851,-13586060.627703955,-8183433.112205804,21304178.902536333,0.00010000541923298045,-0.617748943425,0.005101327450000026,-0.28644439272500005,0.6809479941728663,-5.682329804474268e-10
2025-09-02 14:45:00,MEO01,MEO,-11751093.635546712,-9823626.443902943,21698521.28485405,0.00010000488250000001,-11751093.027865183,-9823626.460816737,21698521.55363393,0.00010000546123882043,-0.6076815302625,0.01691379392500003,-0.2687798787125001,0.6646845431088475,-5.787388204158892e-10
2025-09-02 15:00:00,MEO01,MEO,-9986978.756403156,-11573342.571779795,21719476.538935773,0.00010000491400000001,-9986978.158789039,-11573342.600506056,21719476.790051136,0.0001000055032446604,-0.5976141171,0.028726260400000037,-0.25111536470000007,0.6488657468091494,-5.892446603843515e-10
2025-09-02 15:15:00,MEO01,MEO,-8328673.311966886,-13398346.508193098,21366683.781039122,0.0001000049455,-8328672.7244201815,-13398346.548731824,21366684.014489975,0.00010000554525050035,-0.5875467039375,0.04053872687500004,-0.23345085068750004,0.6335249145623111,-5.99750500352814e-10
2025-09-02 15:30:00,MEO01,MEO,-6804926.627551762,-15259242.807494782,20646213.856917102,0.000100004977,-6804926.050072472,-15259242.859845975,20646214.07270344,0.00010000558725634032,-0.5774792907749999,0.05235119335000005,-0.21578633667500008,0.6186976012680043,-6.102563403212766e-10
2025-09-02 15:45:00,MEO01,MEO,-5437321.8362683505,-17112863.907902747,19570464.58846695,0.00010000500850000001,-5437321.268856473,-17112863.972066406,19570464.786588773,0.0001000056292621803,-0.5674118776125,0.06416365982500005,-0.19812182266250006,0.6044216001376789,-6.207621802897391e-10
2025-09-02 16:00:00,MEO01,MEO,-4239602.475497812,-18913814.527501687,18157947.432433516,0.00010000504,-4239601.918153347,-18913814.603477813,18157947.612890825,0.00010000567126802026,-0.5573444644500001,0.0759761263,-0.1804573086500001,0.5907368822630025,-6.312680202582014e-10
2025-09-02 16:15:00,MEO01,MEO,-3217309.825222918,-20616112.958812557,16432968.93589241,0.0001000050715,-3217309.2779458663,-20616113.04660115,16432969.098685205,0.00010000571327386023,-0.5472770512875,0.08778859277500001,-0.16279279463750007,0.577685469674669,-6.417738602266638e-10
2025-09-02 16:30:00,MEO01,MEO,-2367744.2777629774,-22174866.32022831,14425212.470016686,0.00010000510300000001,-2367743.7405533395,-22174866.41982937,14425212.615144966,0.00010000575527970021,-0.537209638125,0.09960105925000001,-0.14512828062500005,0.5653112276748837,-6.522797001951263e-10
2025-09-02 16:45:00,MEO01,MEO,-1680251.475742218,-23547915.46168471,12169227.439637087,0.00010000513450000001,-1680250.948599993,-23547915.57309824,12169227.567100855,0.00010000579728554018,-0.5271422249625,0.11141352572500002,-0.12746376661250003,0.5536595622329086,-6.627855401635887e-10
2025-09-02 17:00:00,MEO01,MEO,-1136821.3771871952,-24697386.344119955,9703834.758261675,0.000100005166,-1136820.8601123835,-24697386.467345946,9703834.868060928,0.00010000583929138013,-0.5170748117999999,0.12322599220000002,-0.10979925260000012,0.5427770094828984,-6.732913801320512e-10
2025-09-02 17:15:00,MEO01,MEO,-712976.2896911004,-25591088.274433326,7071458.81911926,0.0001000051975,-712975.7826837017,-25591088.409471784,7071458.911253998,0.0001000058812972201,-0.5070073986375,0.13503845867500003,-0.0921347385875001,0.5327107072784172,-6.837972201005137e-10
2025-09-02 17:30:00,MEO01,MEO,-378912.72797186626,-26203705.242337167,4317397.457646502,0.00010000522900000001,-378912.2310318808,-26203705.389188092,4317397.532116727,0.00010000592330306008,-0.496939985475,0.14685092515000003,-0.07447022457500008,0.5235077437149857,-6.943030600689761e-10
2025-09-02 17:45:00,MEO01,MEO,-100852.1233269074,-26517734.5463007,1489042.4678801922,0.0001000052605,-100851.6364543351,-26517734.704964094,1489042.5246859028,0.00010000596530890004,-0.4868725723125,0.15866339162500004,-0.056805710562500056,0.5152143847609936,-7.048089000374385e-10
2025-09-02 18:00:00,MEO01,MEO,157452.67076479888,-26524136.606068086,-1364935.9139197886,0.000100005292,157453.14756995803,-26524136.776543945,-1364935.874778592,0.00010000600731474,-0.47680515915,0.17047585810000004,-0.039141196550000146,0.507875192595931,-7.15314740005901e-10
2025-09-02 18:15:00,MEO01,MEO,433114.16282886174,-26222670.963976502,-4195426.525036581,0.00010000532350000001,433114.6295666077,-26222671.14626483,-4195426.503559899,0.00010000604932057999,-0.4667377459875,0.18228832457500005,-0.021476682537500125,0.5015320574984905,-7.258205799743635e-10
2025-09-02 18:30:00,MEO01,MEO,762473.1263686381,-25621905.547602393,-6953722.379510667,0.000100005355,762473.583038971,-25621905.741703182,-6953722.375698498,0.00010000609132641996,-0.45667033282499997,0.19410079105000005,-0.0038121685250001036,0.49622317821479783,-7.363264199428259e-10
2025-09-02 18:45:00,MEO01,MEO,1179491.7618650207,-24738898.83590523,-9592358.816294322,0.0001000053865,1179492.2084679403,-24738899.04181849,-9592358.830146667,0.00010000613333225991,-0.4466029196625,0.20591325752500006,0.013852345487499917,0.49198203722405504,-7.468322599112883e-10
2025-09-02 19:00:00,MEO01,MEO,1714240.08679738,-23598567.154509272,-12065930.269520575,0.000100005418,1714240.5233328864,-23598567.372234996,-12065930.301037434,0.00010000617533809988,-0.4365355065,0.217725724,0.03151685949999994,0.48883642638338487,-7.573380998797508e-10
2025-09-02 19:15:00,MEO01,MEO,2391534.914210921,-22232761.437013276,-14331871.605933594,0.00010000544950000001,2391535.3406790146,-22232761.666551467,-14331871.655114967,0.00010000621734393986,-0.42646809333749996,0.22953819047500001,0.04918137351249985,0.4868075831599545,-7.678439398482133e-10
2025-09-02 19:30:00,MEO01,MEO,3229784.874136448,-20679088.96045278,-16351190.58425042,0.000100005481,3229785.290537128,-20679089.20180344,-16351190.651096309,0.00010000625934977982,-0.416400680175,0.24135065695000002,0.06684588752499987,0.4859094964490858,-7.783497798166756e-10
2025-09-02 19:45:00,MEO01,MEO,4240086.956498985,-18979525.362779044,-18089138.832320187,0.0001000055125,4240087.362832252,-18979525.615942165,-18089138.916830588,0.00010000630135561978,-0.4063332670125,0.253163123425,0.08451040153749989,0.48614843300311367,-7.888556197851381e-10
2025-09-02 20:00:00,MEO01,MEO,5425610.317295088,-17178870.299994405,-19515809.795927793,0.00010000554400000001,5425610.713560943,-17178870.564969994,-19515809.89810271,0.00010000634336145977,-0.39626585384999996,0.26497558990000003,0.10217491554999991,0.4875227210479242,-7.993614597536006e-10
2025-09-02 20:15:00,MEO01,MEO,6781291.968147798,-15323106.089540929,-20606653.369759195,0.0001000055755,6781292.354346239,-15323106.366328984,-20606653.489598624,0.00010000638536729973,-0.3861984406875,0.27678805637500004,0.11983942956249993,0.4900228082642399,-8.098672997220631e-10
2025-09-02 20:30:00,MEO01,MEO,8293856.892742516,-13457722.383463062,-21342898.354777046,0.000100005607,8293857.2688735435,-13457722.672063585,-21342898.49228099,0.00010000642737313969,-0.376131027525,0.28860052285000004,0.13750394357499984,0.49363158950272057,-8.203731396905255e-10
2025-09-02 20:45:00,MEO01,MEO,9942162.56891894,-11626071.177113678,-21711875.472373955,0.0001000056385,9942162.934982553,-11626071.477526668,-21711875.627542414,0.00010000646937897966,-0.36606361436249996,0.30041298932500005,0.15516845758749986,0.49832497844820445,-8.308789796589879e-10
2025-09-02 21:00:00,MEO01,MEO,11697855.308026418,-9867815.23818279,-21707235.3768868,0.00010000567000000001,11697855.664022619,-9867815.550408246,-21707235.549719773,0.00010000651138481964,-0.3559962012,0.31222545580000005,0.17283297159999989,0.5040726798691187,-8.413848196274503e-10
2025-09-02 21:15:00,MEO01,MEO,13526313.739346057,-8217529.383990217,-21329057.91492056,0.0001000057015,13526314.085274845,-8217529.70802814,-21329058.105418045,0.0001000065533906596,-0.3459287880375,0.32403792227500006,0.1904974856124999,0.5108391072442253,-8.51890659595913e-10
2025-09-02 21:30:00,MEO01,MEO,15387843.634055689,-6703508.083829893,-20583850.75135066,0.000100005733,15387843.969917065,-6703508.419680282,-20583850.95951266,0.00010000659539649956,-0.335861374875,0.33585038875000006,0.20816199962499993,0.5185843854613538,-8.623964995643752e-10
2025-09-02 21:45:00,MEO01,MEO,17239078.51079231,-5346824.847843484,-19484437.38564761,0.00010000576450000001,17239078.836586274,-5346825.195506339,-19484437.611474123,0.00010000663740233955,-0.32579396171249997,0.34766285522500007,0.22582651363749984,0.5272653797218182,-8.729023395328377e-10
2025-09-02 22:00:00,MEO01,MEO,19034532.470388424,-4160679.0943872873,-18049736.48553511,0.000100005796,19034532.786114972,-4160679.453862609,-18049736.72902614,0.00010000667940817951,-0.31572654854999993,0.35947532170000007,0.24349102764999986,0.5368366985561503,-8.834081795013003e-10
2025-09-02 22:15:00,MEO01,MEO,20728245.77996777,-3150055.041841138,-16304436.335200904,0.0001000058275,20728246.085626904,-3150055.4131289264,-16304436.596356446,0.00010000672141401947,-0.3056591353875,0.3712877881750001,0.2611555416624999,0.5472516291750545,-8.939140194697625e-10
2025-09-02 22:30:00,MEO01,MEO,22275460.095535893,-2311705.079196968,-14278570.000143675,0.000100005859,22275460.391127616,-2311705.4622972226,-14278570.278963732,0.00010000676341985944,-0.29559172222499996,0.3831002546500001,0.2788200556749999,0.558462975323742,-9.044198594382252e-10
2025-09-02 22:45:00,MEO01,MEO,23634259.018012837,-1634457.4999875845,-12006998.51920592,0.00010000589050000001,23634259.303537145,-1634457.8949003057,-12006998.81569049,0.00010000680542569942,-0.2855243090624999,0.3949127211250001,0.2964845696874999,0.570423779689059,-9.149256994066875e-10
2025-09-02 23:00:00,MEO01,MEO,24767110.96669797,-1099835.9220632166,-9528811.017005662,0.000100005922,24767111.242154863,-1099836.3287884041,-9528811.331154745,0.00010000684743153937,-0.2754568959,0.4067251876,0.31414908369999983,0.5830879234872457,-9.2543153937515e-10
2025-09-02 23:15:00,MEO01,MEO,25642255.076823574,-682965.6469803653,-6886652.059612149,0.0001000059535,25642255.342213057,-682966.0655180194,-6886652.391425747,0.00010000688943737934,-0.26538948273749996,0.418537654075,0.33181359771249985,0.5964106044104136,-9.359373793436124e-10
2025-09-02 23:30:00,MEO01,MEO,26234876.84051213,-353731.10383916646,-4125987.8283069427,0.00010000598500000001,26234877.0958342,-353731.534189287,-4125988.1777850543,0.00010000693144321933,-0.2553220695749999,0.43035012055,0.3494781117249999,0.6103487003708061,-9.464432193120748e-10
2025-09-02 23:45:00,MEO01,MEO,26528028.28097022,-78138.80267835839,-1294323.739085551,0.0001000060165,26528028.526224878,-78139.24484094542,-1294324.1062281767,0.0001000069734490593,-0.2452546564125,0.442162587025,0.3671426257374999,0.6248610305420558,-9.569490592805374e-10
2025-09-03 00:00:00,MEO01,MEO,26513257.266474538,180167.7322776413,1559613.0289212829,0.000100006048,26513257.50166178,180167.2783025878,1559612.6441141432,0.00010000701545489925,-0.23518724324999996,0.4539750535,0.3848071397499999,0.6399085273618711,-9.674548992489997e-10
2025-09-03 00:15:00,MEO01,MEO,26190921.75450694,458300.4616761077,4386712.029085433,0.0001000060795,26190921.979626767,458299.9958885877,4386711.626613779,0.00010000705746073922,-0.22511983008749992,0.465787519975,0.40247165376249994,0.6554543338367728,-9.779607392174621e-10
2025-09-03 00:30:00,MEO01,MEO,25570176.875311177,792489.7572522033,7138324.638173281,0.00010000611100000001,25570177.090363596,792489.2796522168,7138324.218037114,0.0001000070994665792,-0.215052416925,0.47759998645,0.42013616777499996,0.6714638400948983,-9.884665791859247e-10
2025-09-03 00:45:00,MEO01,MEO,24668635.350083716,1216481.8945374303,9767101.20019561,0.0001000061425,24668635.55506872,1216481.4051249772,9767100.76239493,0.00010000714147241915,-0.20498500376249995,0.489412452925,0.43780068178749976,0.6879046720434286,-9.98972419154387e-10
2025-09-03 01:00:00,MEO01,MEO,23511714.30582769,1760033.9134180602,12227805.817674566,0.000100006174,23511714.500745278,1760033.4121931407,12227805.36220937,0.00010000718347825912,-0.1949175905999999,0.5012249194,0.4554651957999998,0.7047466435095507,-1.0094782591228496e-09
2025-09-03 01:15:00,MEO01,MEO,22131693.611194313,2447564.879174236,14478094.769425064,0.00010000620550000001,22131693.79604449,2447564.3661368503,14478094.296295354,0.0001000072254840991,-0.18485017743749999,0.513037385875,0.4731297098124998,0.7219616816087882,-1.019984099091312e-09
2025-09-03 01:30:00,MEO01,MEO,20566521.949496992,3297016.5228419797,16479245.159865955,0.000100006237,20566522.124279756,3297015.997992127,16479244.66907173,0.00010000726748993906,-0.17478276427499995,0.52484985235,0.4907942238249998,0.7395237334524234,-1.0304899390597744e-09
2025-09-03 01:45:00,MEO01,MEO,18858416.538108617,4318968.134861631,18196821.261287402,0.0001000062685,18858416.702823967,4318967.598199313,18196820.752828665,0.00010000730949577903,-0.1647153511124999,0.536662318825,0.5084587378374998,0.7574086607783433,-1.040995779028237e-09
2025-09-03 02:00:00,MEO01,MEO,17052310.323288728,5516040.743298908,19601267.0826793,0.0001000063,17052310.477936666,5516040.194824123,19601266.55655605,0.000100007351501619,-0.15464793794999998,0.5484747853,0.5261232518499999,0.7755941277235707,-1.0515016189966993e-09
2025-09-03 02:15:00,MEO01,MEO,15194206.320302654,6882614.4078863,20668414.968217343,0.00010000633150000001,15194206.464883178,6882613.847599048,20668414.424429577,0.00010000739350745898,-0.14458052478749994,0.560287251775,0.5437877658624999,0.7940594857761856,-1.0620074589651619e-09
2025-09-03 02:30:00,MEO01,MEO,13329502.305004016,8404870.336656207,21379901.47346075,0.000100006363,13329502.439517127,8404869.76455649,21379900.912008468,0.00010000743551329893,-0.1345131116249999,0.5720997182500001,0.5614522798749999,0.812785658951734,-1.0725132989336243e-09
2025-09-03 02:45:00,MEO01,MEO,11501350.158414079,10061156.95167837,21723483.362878118,0.0001000063945,11501350.282859778,10061156.367766185,21723482.783761322,0.0001000074775191389,-0.12444569846249998,0.5839121847250001,0.5791167938874999,0.8317550314237234,-1.0830191389020866e-09
2025-09-03 03:00:00,MEO01,MEO,9749112.778129848,11822666.480669536,21693248.29102729,0.00010000642600000001,9749112.892508132,11822665.884944884,21693247.69424598,0.00010000751952497888,-0.11437828529999994,0.5957246512000001,0.5967813078999997,0.8509513391812509,-1.0935249788705492e-09
2025-09-03 03:15:00,MEO01,MEO,8106977.653475143,13654396.617119255,21289716.541994095,0.0001000064575,8106977.757786015,13654396.009582138,21289715.927548274,0.00010000756153081884,-0.1043108721374999,0.6075371176750001,0.6144458219124997,0.8703595667680456,-1.1040308188390114e-09
2025-09-03 03:30:00,MEO01,MEO,6602780.102866349,15516360.738301761,20519832.076361638,0.000100006489,6602780.197109808,15516360.118952177,20519831.444251303,0.00010000760353665881,-0.09424345897499997,0.6193495841500001,0.6321103359249998,0.8899658497546783,-1.1145366588074742e-09
2025-09-03 03:45:00,MEO01,MEO,5257081.027780102,17365000.52541776,19396843.039773133,0.0001000065205,5257081.1119561475,17364999.89425571,19396842.389998283,0.00010000764554249878,-0.08417604581249993,0.6311620506250001,0.6497748499374998,0.9097573832891293,-1.1250424987759365e-09
2025-09-03 04:00:00,MEO01,MEO,4082534.1628829977,19154746.96605519,17940073.78929342,0.00010000655200000001,4082534.2369916304,19154746.32308067,17940073.121854056,0.00010000768754833876,-0.0741086326499999,0.6429745171000001,0.6674393639499998,0.9297223368421409,-1.1355483387443989e-09
2025-09-03 04:15:00,MEO01,MEO,3083566.5781029034,20839669.940261975,16174592.360531012,0.0001000065835,3083566.642144123,20839669.28547499,16174591.675427133,0.00010000772955417871,-0.06404121948749997,0.6547869835750001,0.6851038779624998,0.9498497750970674,-1.1460541787128615e-09
2025-09-03 04:30:00,MEO01,MEO,2256384.049593876,22375153.121302307,14130779.09773604,0.000100006615,2256384.1035676827,22375152.454702858,14130778.394967647,0.00010000777156001868,-0.05397380632499993,0.6665994500500001,0.7027683919749999,0.9701295848160174,-1.1565600186813236e-09
2025-09-03 04:45:00,MEO01,MEO,1589300.331918383,23719529.894940447,11843803.869871818,0.00010000664650000001,1589300.3758247762,23719529.21652853,11843803.149438912,0.00010000781356585866,-0.04390639316249989,0.678411916525,0.7204329059874999,0.990552407433982,-1.1670658586497864e-09
2025-09-03 05:00:00,MEO01,MEO,1063376.8198146736,24835617.456761345,9353020.86870825,0.000100006678,1063376.8536536535,24835616.766536962,9353020.13061083,0.00010000785557169862,-0.03383898,0.690224383,0.73809742,1.0111095770814493,-1.1775716986182486e-09
2025-09-03 05:15:00,MEO01,MEO,653347.0695155631,25692090.129565723,6701291.403231701,0.0001000067095,653347.1776859468,25692089.496813886,6701290.661084393,0.0001000076859663993,-0.10817038374999999,0.632751836,0.74214730775,0.9812534556792992,-9.764663992981438e-10
2025-09-03 05:30:00,MEO01,MEO,328789.62128610583,26264639.10245133,3934246.3437003265,0.00010000674100000001,328789.8037878933,26264638.52717204,3934245.597503131,0.00010000751636109999,-0.18250178749999998,0.575279289,0.7461971955,0.9597204891868808,-7.753610999780388e-10
2025-09-03 05:45:00,MEO01,MEO,55502.95294533507,26536873.992000543,1099500.9071844856,0.00010000677250000001,55503.20977852632,26536873.4741938,1099500.1569374024,0.00010000734675580066,-0.25683319125,0.517806742,0.75024708325,0.9470785585754996,-5.742558006579339e-10
2025-09-03 06:00:00,MEO01,MEO,-202971.42985845078,26500931.547433868,-1754164.7034658599,0.000100006804,-202971.09869385578,26500931.08709967,-1754165.457762831,0.00010000717715050135,-0.331164595,0.460334195,0.754296971,0.94368505367394,-3.7315050133782883e-10
2025-09-03 06:15:00,MEO01,MEO,-483737.4945118269,26157768.082475364,-4577644.7076893635,0.0001000068355,-483737.0901149594,26157767.656330217,-4577645.422397488,0.00010000708380900099,-0.4043968675,0.42614514825,0.7147081245,0.9251725336644698,-2.4830900098894414e-10
2025-09-03 06:30:00,MEO01,MEO,-822907.9230449405,25517124.382076617,-7322352.757810897,0.00010000686700000001,-822907.4454158004,25517123.990120515,-7322353.432930175,0.00010000699046750065,-0.47762914,0.3919561015,0.675119278,0.9151749671005316,-1.2346750064005945e-10
2025-09-03 06:45:00,MEO01,MEO,-1254006.2216055682,24597164.43216575,-9941058.011256894,0.0001000068985,-1254005.6707441558,24597164.074398696,-9941058.646787325,0.0001000068971260003,-0.5508614125,0.35776705475,0.6355304315000001,0.9139718215615626,1.3739997088252496e-12
2025-09-03 07:00:00,MEO01,MEO,-1806470.3204381699,23423801.86854294,-12388697.877283975,0.00010000693,-1806469.6963444848,23423801.544964932,-12388698.47322556,0.00010000680378449994,-0.624093685,0.323578008,0.595941585,0.9215975410397098,1.2621550005770993e-10
2025-09-03 07:15:00,MEO01,MEO,-2504316.3587038415,22029740.052257232,-14623153.45250476,0.00010000696150000001,-2504315.715266885,22029739.730058312,-14623153.997948168,0.0001000066710114998,-0.6434369565,0.32219892075,0.5454434085000001,0.9029572378571122,2.904885002143717e-10
2025-09-03 07:30:00,MEO01,MEO,-3365015.1481659813,20453262.689339895,-16605974.301541904,0.00010000699300000001,-3365014.485385753,20453262.368520062,-16605974.796487136,0.00010000653823849963,-0.6627802279999999,0.3208198335,0.494945232,0.8872281436441438,4.5476150037103336e-10
2025-09-03 07:45:00,MEO01,MEO,-4398625.577122323,18736821.497372467,-18303040.110809084,0.0001000070245,-4398624.894998823,18736821.177931722,-18303040.55525614,0.00010000640546549948,-0.6821234995,0.31944074624999996,0.44444705549999997,0.8745673467935465,6.190345005276951e-10
2025-09-03 08:00:00,MEO01,MEO,-5607219.269189441,16925475.209869444,-19685147.829704642,0.000100007056,-5607218.56772267,16925474.891807787,-19685148.22365352,0.00010000627269249931,-0.701466771,0.318061659,0.393948879,0.8651095705217665,7.833075006843568e-10
2025-09-03 08:15:00,MEO01,MEO,-6984619.535114811,15065239.901107324,-20728514.195710614,0.00010000708750000001,-6984618.801146345,15065239.576409074,-20728514.510813795,0.00010000635500867429,-0.7339684655000001,0.32469825025,0.3151031815,0.8622231016710573,7.32491325715739e-10
2025-09-03 08:30:00,MEO01,MEO,-8516465.48557924,13201413.989099434,-21415184.995963663,0.000100007119,-8516464.719109079,13201413.657764591,-21415185.232221145,0.00010000643732484926,-0.76647016,0.33133484150000003,0.236257484,0.8678000242615035,6.816751507471212e-10
2025-09-03 08:45:00,MEO01,MEO,-10180599.579383045,11376942.20270014,-21733344.022738107,0.0001000071505,-10180598.780411191,11376941.864728708,-21733344.180149894,0.00010000651964102423,-0.7989718545,0.33797143275,0.1574117865,0.8816797514786071,6.308589757785034e-10
2025-09-03 09:00:00,MEO01,MEO,-11947764.351285422,9630881.24466147,-21677516.406345565,0.00010000718200000001,-11947763.519811872,9630880.900053447,-21677516.484911654,0.0001000066019571992,-0.831473549,0.344608024,0.078566089,0.9034797082572447,5.800428008098857e-10
2025-09-03 09:15:00,MEO01,MEO,-13782582.081460383,7997025.906127015,-21248662.82650606,0.00010000721350000001,-13782581.2159147,7997025.579518821,-21248662.76933458,0.00010000668223722471,-0.865545682,0.32660819425,-0.05717147824999999,0.9268823108169565,5.312627752963685e-10
2025-09-03 09:30:00,MEO01,MEO,-15644780.197239686,6502748.1434067255,-20454162.981004074,0.000100007245,-15644779.29762187,6502747.834798361,-20454162.788095027,0.00010000676251725022,-0.899617815,0.3086083645,-0.1929090455,0.9704458952154211,4.824827497828515e-10
2025-09-03 09:45:00,MEO01,MEO,-17490615.661694873,5168093.356439834,-19307688.596100684,0.0001000072765,-17490614.728004925,5168093.0658313,-19307688.267454073,0.00010000684279727573,-0.933689948,0.29060853475,-0.32864661275,1.031619520723524,4.3370272426933436e-10
2025-09-03 10:00:00,MEO01,MEO,-19274443.87136005,4005168.129956809,-17828968.163933925,0.00010000730800000001,-19274442.903597966,4005167.857348104,-17828967.699549746,0.00010000692307730126,-0.967762081,0.272608705,-0.46438418,1.107488879446426,3.8492269875581725e-10
2025-09-03 10:15:00,MEO01,MEO,-20950371.95600997,3017842.3987844987,-16043447.45529868,0.0001000073395,-20950371.015946627,3017842.1625962937,-16043446.915888565,0.00010000713204642557,-0.94006334375,0.236188205,-0.539410116,1.1092642749528565,2.074535744324829e-10
2025-09-03 10:30:00,MEO01,MEO,-22473933.064636275,2201776.8148261663,-13981851.649690123,0.000100007371,-22473932.15227167,2201776.615058461,-13981851.03525407,0.0001000073410155499,-0.9123646065000001,0.19976770500000002,-0.614436052,1.1179659982093435,2.9984450109148536e-11
2025-09-03 10:45:00,MEO01,MEO,-23803717.36166983,1544773.4959902726,-11679656.617462007,0.00010000740250000001,-23803716.47700396,1544773.3326430677,-11679655.92800002,0.00010000754998467422,-0.88466586925,0.163347205,-0.6894619879999999,1.133434533836905,-1.4748467421418582e-10
2025-09-03 11:00:00,MEO01,MEO,-24902897.079536073,1027435.8136915918,-9176478.452259226,0.00010000743400000001,-24902896.22256894,1027435.6867648868,-9176477.687771302,0.00010000775895379855,-0.856967132,0.126926705,-0.764487924,1.1553981303915513,-3.2495379853752025e-10
2025-09-03 11:15:00,MEO01,MEO,-25740587.01533671,624110.9095980814,-6515391.758628168,0.0001000074655,-25740586.206856202,624110.8520849553,-6515390.969542428,0.00010000788454914849,-0.8084805077499999,0.057513126,-0.78908574,1.1311961793364302,-4.190491484945895e-10
2025-09-03 11:30:00,MEO01,MEO,-26292988.16485399,304077.68658218393,-3742188.4256903445,0.000100007497,-26292987.404860105,304077.69848263694,-3742187.6120067886,0.00010000801014449845,-0.7599938835,-0.011900453000000005,-0.813683556,1.1134690175500268,-5.131444984516589e-10
2025-09-03 11:45:00,MEO01,MEO,-26544270.512736037,32933.51643593679,-904589.6418749947,0.00010000752850000001,-26544269.801228777,32933.597749968794,-904588.8035936228,0.00010000813573984842,-0.71150725925,-0.08131403200000004,-0.838281372,1.1025290066060602,-6.072398484087281e-10
2025-09-03 12:00:00,MEO01,MEO,-26487161.0221266,-225874.7848787459,1948575.289665076,0.00010000756,-26487160.359105967,-225874.6341511349,1948576.152544264,0.00010000826133519838,-0.663020635,-0.150727611,-0.862879188,1.0985789312730831,-7.013351983657975e-10
2025-09-03 12:15:00,MEO01,MEO,-26123214.202996954,-509435.7475408646,4768209.204037278,0.0001000075915,-26123213.542474844,-509435.6062000931,4768210.049797278,0.0001000082842005472,-0.6605221105357143,-0.14134077153571428,-0.8457599997261904,1.0823939436922727,-6.927005471978249e-10
2025-09-03 12:30:00,MEO01,MEO,-25462754.84817929,-853737.0969688017,7505791.936949855,0.00010000762300000001,-25462754.190155704,-853736.9650148696,7505792.765590666,0.00010000830706589603,-0.6580235860714285,-0.13195393207142858,-0.8286408114523809,1.066326626517351,-6.840658960298524e-10
2025-09-03 12:45:00,MEO01,MEO,-24524495.137986276,-1292072.7652976038,10114215.258044677,0.00010000765450000001,-24524494.482461214,-1292072.6427305113,10114216.0695663,0.00010000832993124486,-0.6555250616071429,-0.12256709260714287,-0.8115216231785713,1.0503823796463836,-6.754312448618799e-10
2025-09-03 13:00:00,MEO01,MEO,-23334840.841183778,-1853555.4981260654,12548593.507719828,0.000100007686,-23334840.18815724,-1853555.3849458122,12548594.302122263,0.00010000835279659369,-0.6530265371428571,-0.11318025314285715,-0.7944024349047618,1.0345668931958372,-6.667965936939074e-10
2025-09-03 13:15:00,MEO01,MEO,-21926913.29810455,-2561793.4022134924,14767035.988030275,0.0001000077175,-21926912.647576537,-2561793.2984200786,14767036.765313523,0.00010000837566194252,-0.6505280126785714,-0.10379341367857145,-0.7772832466309524,1.0188861631682593,-6.58161942525935e-10
2025-09-03 13:30:00,MEO01,MEO,-20339324.798971616,-3433782.4340820992,16731367.8163899,0.00010000774900000001,-20339324.15094213,-3433782.339675525,16731368.576553958,0.00010000839852729136,-0.6480294882142856,-0.09440657421428572,-0.7601640583571428,1.003346507677257,-6.495272913579624e-10
2025-09-03 13:45:00,MEO01,MEO,-18614754.444992695,-4479058.470511426,18407786.837650105,0.0001000077805,-18614753.79946173,-4479058.3854916915,18407787.580694977,0.00010000842139264019,-0.64553096375,-0.08501973475,-0.7430448700833333,0.9879545836798985,-6.4089264018999e-10
2025-09-03 14:00:00,MEO01,MEO,-16798379.235589486,-5699142.552791582,19767445.290433366,0.000100007812,-16798378.592557047,-5699142.477158687,19767446.016359046,0.00010000844425798902,-0.6430324392857143,-0.07563289528571429,-0.7259256818095238,0.9727174041486344,-6.322579890220173e-10
2025-09-03 14:15:00,MEO01,MEO,-14936220.666604616,-7087301.545770113,20786946.21842799,0.00010000784350000001,-14936220.026070701,-7087301.479524057,20786946.927234482,0.00010000846712333786,-0.6405339148214285,-0.06624605582142859,-0.7088064935357142,0.9576423555935459,-6.236233378540449e-10
2025-09-03 14:30:00,MEO01,MEO,-13073470.337570999,-8628634.238914499,21448746.084414434,0.00010000787500000001,-13073469.699535608,-8628634.182055283,21448746.77610174,0.00010000848998868669,-0.6380353903571429,-0.056859216357142875,-0.6916873052619047,0.9427372158207267,-6.149886866860724e-10
2025-09-03 14:45:00,MEO01,MEO,-11252858.827165466,-10300480.311954666,21741456.65885611,0.0001000079065,-11252858.1916286,-10300480.26448229,21741457.333424225,0.00010000851285403552,-0.6355368658928571,-0.04747237689285716,-0.6745681169880953,0.928010171783498,-6.063540355180999e-10
2025-09-03 15:00:00,MEO01,MEO,-9513130.375624306,-12073137.079375293,21660040.98816499,0.000100007938,-9513129.742585965,-12073137.041289756,21660041.64561392,0.00010000853571938435,-0.6330383414285714,-0.038085537428571445,-0.6574489287142857,0.9134698373495546,-5.977193843501274e-10
2025-09-03 15:15:00,MEO01,MEO,-7887681.777846398,-13910856.999641666,21205900.07042734,0.00010000796950000001,-7887681.147306581,-13910856.970942969,21205900.71075708,0.00010000855858473319,-0.6305398169642857,-0.02869869796428573,-0.6403297404404762,0.8991252707686331,-5.890847331821549e-10
2025-09-03 15:30:00,MEO01,MEO,-6403417.501161182,-15773088.047673436,20386848.747076236,0.000100008001,-6403416.87311989,-15773088.028361578,20386849.37028679,0.00010000858145008202,-0.6280412925,-0.0193118585,-0.6232105521666667,0.8849859915816046,-5.804500820141824e-10
2025-09-03 15:45:00,MEO01,MEO,-5079864.644414625,-17615909.62364216,19216981.22536674,0.0001000080325,-5079864.018871857,-17615909.613717142,19216981.831458107,0.00010000860431543085,-0.6255427680357143,-0.0099250190357143,-0.6060913638928571,0.8710619966627785,-5.718154308462098e-10
2025-09-03 16:00:00,MEO01,MEO,-3928581.274815671,-19393609.072087027,17716428.545737747,0.00010000806400000001,-3928580.6517714276,-19393609.07154885,17716429.134709924,0.00010000862718077969,-0.6230442435714285,-0.0005381795714285709,-0.5889721756190476,0.8573637750326164,-5.631807796782374e-10
2025-09-03 16:15:00,MEO01,MEO,-2952880.3056207746,-21060338.406460043,15911012.1675543,0.0001000080955,-2952879.6850750553,-21060338.415308703,15911012.739407288,0.00010000865004612852,-0.6205457191071428,0.00884865989285713,-0.571852987345238,0.843902321018122,-5.545461285102649e-10
2025-09-03 16:30:00,MEO01,MEO,-2147878.850887064,-22571787.687466703,13831799.634315077,0.000100008127,-2147878.2328398693,-22571787.705702204,13831800.189048877,0.00010000867291147735,-0.6180471946428572,0.01823549935714283,-0.5547337990714285,0.8306891452733267,-5.459114773422924e-10
2025-09-03 16:45:00,MEO01,MEO,-1500870.3858521972,-23886810.810765322,11514569.964422328,0.0001000081585,-1500869.770303527,-23886810.83838766,11514570.502036938,0.00010000869577682618,-0.6155486701785714,0.02762233882142856,-0.537614610797619,0.8177362831033296,-5.372768261743199e-10
2025-09-03 17:00:00,MEO01,MEO,-992004.5403599022,-24968941.247711867,8999197.967053406,0.00010000819000000001,-992003.9273097565,-24968941.284721047,8999198.487548828,0.00010000871864217502,-0.6130501457142857,0.03700917828571426,-0.5204954225238094,0.8050562994635404,-5.286421750063474e-10
2025-09-03 17:15:00,MEO01,MEO,-595247.4413622096,-25787739.483012095,6328968.0778031275,0.0001000082215,-595246.8308105883,-25787739.529408112,6328968.581179362,0.00010000874150752385,-0.61055162125,0.04639601774999999,-0.50337623425,0.7926622899329655,-5.200075238383748e-10
2025-09-03 17:30:00,MEO01,MEO,-279584.65931977145,-26319920.34326682,3549829.52159151,0.000100008253,-279584.05126667465,-26319920.399049677,3549830.007848556,0.00010000876437287268,-0.6080530967857143,0.05578285721428569,-0.48625704597619046,0.7805678768891131,-5.113728726704023e-10
2025-09-03 17:45:00,MEO01,MEO,-10419.4221053691,-26550216.8614449,709605.6199676649,0.00010000828450000001,-10418.816550796779,-26550216.926614597,709606.0891055226,0.00010000878723822152,-0.6055545723214285,0.06516969667857142,-0.4691378577023809,0.7687872000457243,-5.027382215024299e-10
2025-09-03 18:00:00,MEO01,MEO,248888.79821392405,-26471947.447927635,-2142829.150977983,0.000100008316,248889.40126997192,-26471947.522484172,-2142828.698959314,0.00010000881010357033,-0.6030560478571428,0.07455653614285712,-0.45201866942857144,0.7573349004573036,-4.941035703344574e-10
2025-09-03 18:15:00,MEO01,MEO,535405.653430678,-26087264.54787372,-4958390.190931466,0.0001000083475,535406.2539882014,-26087264.631817095,-4958389.756031985,0.00010000883296891916,-0.6005575233928572,0.08394337560714285,-0.4348994811547619,0.7462260970515338,-4.854689191664849e-10
2025-09-03 18:30:00,MEO01,MEO,884986.6677712379,-25407075.21658987,-7688627.42148505,0.000100008379,884987.2658302368,-25407075.309920087,-7688627.0037047565,0.00010000885583426799,-0.5980589989285714,0.09333021507142855,-0.41778029288095236,0.7354763547282934,-4.768342679985123e-10
2025-09-03 18:45:00,MEO01,MEO,1330689.435754544,-24450636.66612165,-10286559.013434906,0.00010000841050000001,1330690.0313150187,-24450636.768838704,-10286558.6127738,0.00010000887869961683,-0.5955604744642857,0.10271705453571425,-0.4006611046071428,0.7251016430691865,-4.681996168305399e-10
2025-09-03 19:00:00,MEO01,MEO,1901295.5014618356,-23244842.339886382,-12707479.84849657,0.000100008442,1901296.0945237856,-23244842.451990277,-12707479.464954654,0.00010000890156496566,-0.59306195,0.11210389400000001,-0.38354191633333334,0.7151182847420497,-4.595649656625674e-10
2025-09-03 19:15:00,MEO01,MEO,2619999.905958035,-21823225.97489248,-14909730.803457119,0.0001000084735,2620000.4965214604,-21823226.09638321,-14909730.43703439,0.00010000892443031449,-0.5905634255357143,0.12149073346428571,-0.3664227280595238,0.7055428927689308,-4.5093031449459484e-10
2025-09-03 19:30:00,MEO01,MEO,3503319.899577071,-20224721.953188747,-16855415.618946705,0.00010000850500000001,3503320.487641972,-20224722.08406632,-16855415.269643165,0.00010000894729566333,-0.5880649010714285,0.1308775729285714,-0.34930353978571427,0.6963922959615885,-4.4229566332662234e-10
2025-09-03 19:45:00,MEO01,MEO,4560265.831963518,-18492229.606903356,-18511053.016978614,0.0001000085365,4560266.417529894,-18492229.74716777,-18511052.684794262,0.00010000897016101216,-0.5855663766071428,0.1402644123928571,-0.33218435151190473,0.6876834520228885,-4.336610121586499e-10
2025-09-03 20:00:00,MEO01,MEO,5791807.083071169,-16671036.662985805,-19848152.84563956,0.000100008568,5791807.6661390215,-16671036.812637057,-19848152.530574396,0.00010000899302636099,-0.5830678521428572,0.14965125185714287,-0.3150651632380952,0.6794333480711279,-4.2502636099067736e-10
2025-09-03 20:15:00,MEO01,MEO,7190654.475075265,-14807162.404102478,-20843706.33665266,0.0001000085995,7190655.055644593,-14807162.56314057,-20843706.038706683,0.00010000901589170982,-0.5805693276785714,0.15903809132142857,-0.29794597496428576,0.6716588886702314,-4.163917098227048e-10
2025-09-03 20:30:00,MEO01,MEO,8741368.349908084,-12945684.1729777,-21480582.03947789,0.00010000863100000001,8741368.927978886,-12945684.341402631,-21480581.7586511,0.00010000903875705866,-0.5780708032142857,0.16842493078571427,-0.2808267866904762,0.6643767718410092,-4.077570586547323e-10
2025-09-03 20:45:00,MEO01,MEO,10420788.88358318,-11129111.441143297,-21747820.618728727,0.0001000086625,10420789.459155459,-11129111.618955066,-21747820.35502113,0.00010000906162240749,-0.5755722787499999,0.17781177024999997,-0.2637075984166667,0.6576033539814045,-3.991224074867598e-10
2025-09-03 21:00:00,MEO01,MEO,12198772.7242278,-9395869.776821736,-21640823.442042217,0.000100008694,12198773.297301553,-9395869.964020345,-21640823.195453808,0.00010000908448775632,-0.5730737542857143,0.18719860971428567,-0.24658841014285715,0.6513545051251788,-3.9048775631878733e-10
2025-09-03 21:15:00,MEO01,MEO,14039208.168366397,-7778952.753640087,-21161431.713187777,0.00010000872550000001,14039208.738941627,-7778952.950225537,-21161431.483718555,0.00010000910735310516,-0.5705752298214286,0.19658544917857143,-0.2294692218690476,0.645645456500472,-3.8185310515081483e-10
2025-09-03 21:30:00,MEO01,MEO,15901270.288474664,-6304793.308140002,-20317894.78869565,0.000100008757,15901270.85655137,-6304793.514112291,-20317894.576345615,0.00010000913021845399,-0.5680767053571428,0.20597228864285713,-0.21235003359523807,0.6404906428872332,-3.7321845398284234e-10
2025-09-03 21:45:00,MEO01,MEO,17740868.11172705,-4992397.532312245,-19124728.22321062,0.0001000087885,17740868.677305233,-4992397.747671373,-19124728.027979776,0.00010000915308380282,-0.5655781808928572,0.21535912810714283,-0.19523084532142854,0.6359035427846441,-3.6458380281486985e-10
2025-09-03 22:00:00,MEO01,MEO,19512228.485279568,-3852773.7071432415,-17602463.986322775,0.00010000882,19512229.048359223,-3852773.931889209,-17602463.808211118,0.00010000917594915165,-0.5630796564285714,0.22474596757142853,-0.178111657047619,0.6318965198508252,-3.559491516468973e-10
2025-09-03 22:15:00,MEO01,MEO,21169555.936024535,-2888677.9379921975,-15777297.149134433,0.00010000885150000001,21169556.49660567,-2888678.1721250047,-15777296.988141963,0.00010000919881450049,-0.5605811319642857,0.2341328070357143,-0.16099246877380957,0.6284806694295927,-3.473145004789248e-10
2025-09-03 22:30:00,MEO01,MEO,22668704.84858503,-2094685.4849952562,-13680635.120369516,0.000100008883,22668705.406667635,-2094685.7285149028,-13680634.976496236,0.00010000922167984932,-0.5580826075,0.2435196465,-0.14387328050000003,0.6256656741961443,-3.386798493109523e-10
2025-09-03 22:45:00,MEO01,MEO,23968799.75992924,-1457584.2658234686,-11348557.188754877,0.0001000089145,23968800.315513324,-1457584.5187299545,-11348557.062000785,0.00010000924454519815,-0.5555840830357143,0.25290648596428567,-0.1267540922261905,0.6234596730034144,-3.3004519814297977e-10
2025-09-03 23:00:00,MEO01,MEO,25033741.522882894,-957074.5316943312,-8821193.67184912,0.00010000894600000001,25033742.07596845,-957074.7939876566,-8821193.562214216,0.00010000926741054699,-0.5530855585714286,0.2622933254285714,-0.10963490395238096,0.621869146870381,-3.2141054697500727e-10
2025-09-03 23:15:00,MEO01,MEO,25833541.44871682,-566746.8628116827,-6142035.354906646,0.0001000089775,25833541.999303855,-566747.1344918476,-6142035.26239093,0.00010000929027589582,-0.5505870341071428,0.2716801648928572,-0.09251571567857142,0.6208988257120707,-3.127758958070348e-10
2025-09-03 23:30:00,MEO01,MEO,26345432.132704142,-255299.8546143032,-3357185.102926872,0.000100009009,26345432.680792652,-255300.13568130758,-3357185.0275303447,0.00010000931314124463,-0.5480885096428572,0.2810670043571428,-0.07539652740476188,0.6205516188726958,-3.041412446390623e-10
2025-09-03 23:45:00,MEO01,MEO,26554712.241485104,12050.41216698289,-514564.5241248556,0.0001000090405,26554712.787075087,12050.121713139068,-514564.46584751643,0.00010000933600659346,-0.5455899851785714,0.2904538438214286,-0.058277339130952344,0.62082857180866,-2.955065934710898e-10
2025-09-04 00:00:00,MEO01,MEO,26455292.76611137,272024.4479796025,2336910.663469328,0.00010000907200000001,26455293.30920283,272024.1481389192,2336910.704627479,0.0001000093588719423,-0.5430914607142857,0.2998406832857142,-0.04115815085714292,0.621728850413104,-2.868719423031173e-10
2025-09-04 00:15:00,MEO01,MEO,26049923.72485042,561657.5891478951,5148172.372019777,0.0001000091035,26049924.265443355,561657.2799203724,5148172.39605874,0.00010000938173729113,-0.5405929362499999,0.30922752275,-0.02403896258333338,0.6232497535270922,-2.7823729113514475e-10
2025-09-04 00:30:00,MEO01,MEO,25350092.591803983,916665.9377497025,7870844.5058668405,0.000100009135,25350093.129898395,916665.6191353403,7870844.512786615,0.00010000940460263996,-0.5380944117857143,0.31861436221428574,-0.006919774309523841,0.6253867532021482,-2.6960263996717226e-10
2025-09-04 00:45:00,MEO01,MEO,24375598.356348503,1369864.0293189818,10458075.415732967,0.00010000916650000001,24375598.89194439,1369863.7013177802,10458075.405533552,0.0001000094274679888,-0.5355958873214286,0.3280012016785714,0.010199413964285697,0.6281335613254797,-2.609679887991998e-10
2025-09-04 01:00:00,MEO01,MEO,23153817.596536286,1949696.2487589251,12865344.12030638,0.000100009198,23153818.12963365,1949695.911370884,12865344.092987778,0.00010000945033333763,-0.5330973628571428,0.33738804114285714,0.027318602238095235,0.6314822203512128,-2.5233333763122727e-10
2025-09-04 01:15:00,MEO01,MEO,21718690.794926863,2678939.6120426888,15051226.421770006,0.0001000092295,21718691.3255257,2678939.265267808,15051226.377332216,0.00010000947319868646,-0.5305988383928572,0.3467748806071428,0.04443779051190477,0.6354232151483981,-2.4369868646325477e-10
2025-09-04 01:30:00,MEO01,MEO,20109467.880325858,3573628.8980862508,16978107.73198549,0.000100009261,20109468.408426173,3573628.5419245306,16978107.67042851,0.00010000949606403529,-0.5281003139285714,0.35616172007142854,0.06155697878571431,0.6399456024170486,-2.3506403529528223e-10
2025-09-04 01:45:00,MEO01,MEO,18369261.228203427,4642246.508004098,18612830.343044177,0.00010000929250000001,18369261.753805216,4642246.142455539,18612830.26436801,0.00010000951892938413,-0.5256017894642857,0.3655485595357143,0.07867616705952374,0.64503715375928,-2.2642938412730978e-10
2025-09-04 02:00:00,MEO01,MEO,16543461.738945492,5885209.180476749,19927264.003974024,0.000100009324,16543462.262048757,5885208.8055413505,19927263.90817867,0.00010000954179473296,-0.523103265,0.37493539900000006,0.09579535533333328,0.6506845083297966,-2.1779473295933721e-10
2025-09-04 02:15:00,MEO01,MEO,14678078.851334345,7294672.198325729,20898789.98513993,0.0001000093555,14678079.371939085,7294671.814003491,20898789.872225385,0.00010000956466008179,-0.5206047405357143,0.3843222384642857,0.11291454360714281,0.656873331019358,-2.0916008179136475e-10
2025-09-04 02:30:00,MEO01,MEO,12818068.236569207,8854659.426851071,21510690.300572246,0.00010000938700000001,12818068.754675424,8854659.033141993,21510690.170538515,0.00010000958752543063,-0.5181062160714286,0.39370907792857146,0.13003373188095235,0.6635884723246082,-2.005254306233923e-10
2025-09-04 02:45:00,MEO01,MEO,11005711.344325084,10541514.904298102,21752435.390499502,0.0001000094185,11005711.859932777,10541514.501202185,21752435.243346583,0.00010000961039077946,-0.5156076916071428,0.4030959173928571,0.1471529201547619,0.6708141263966564,-1.9189077945541973e-10
2025-09-04 03:00:00,MEO01,MEO,9279108.920564663,12324659.246800886,21619865.313654076,0.00010000945,9279109.43367383,12324658.83431813,21619865.14938197,0.00010000963325612829,-0.5131091671428571,0.41248275685714286,0.16427210842857143,0.6785339842027617,-1.832561282874473e-10
2025-09-04 03:15:00,MEO01,MEO,7670846.166560082,14167622.315888701,21115261.331399687,0.00010000948150000001,7670846.677170725,14167621.894019105,21115261.15000839,0.00010000965612147713,-0.5106106426785715,0.4218695963214286,0.18139129670238097,0.6867313792425683,-1.7462147711947472e-10
2025-09-04 03:30:00,MEO01,MEO,6206880.532019598,16029312.882860392,20247306.651863653,0.00010000951300000001,6206881.040131717,16029312.451603957,20247306.453353167,0.00010000967898682596,-0.5081121182142857,0.43125643578571426,0.1985104849761905,0.6953894237966871,-1.6598682595150225e-10
2025-09-04 03:45:00,MEO01,MEO,4905694.4905721,17865476.82521483,19030937.009587374,0.0001000095445,4905694.996185693,17865476.384571552,19030936.7939577,0.00010000970185217479,-0.50561359375,0.44064327525,0.21562967325000004,0.7044911342194018,-1.573521747835297e-10
2025-09-04 04:00:00,MEO01,MEO,3777745.3673715303,19630288.061569832,17487083.651915543,0.000100009576,3777745.8704865994,19630287.611539718,17487083.41916668,0.00010000972471752362,-0.5031150692857143,0.4500301147142858,0.23274886152380958,0.714019544293258,-1.4871752361555723e-10
2025-09-04 04:15:00,MEO01,MEO,2825232.7736408412,21278011.25650052,15642313.154804913,0.00010000960750000001,2825233.274257386,21278010.797083564,15642312.904936863,0.00010000974758287246,-0.5006165448214286,0.4594169541785714,0.24986804979761912,0.7239578061222397,-1.400828724475847e-10
2025-09-04 04:30:00,MEO01,MEO,2042191.8967264378,22764672.50567167,13528370.266091226,0.000100009639,2042192.3948444582,22764672.036867876,13528369.999103988,0.00010000977044822129,-0.49811802035714287,0.4688037936428572,0.26698723807142843,0.7342892784396782,-1.3144822127961222e-10
2025-09-04 04:45:00,MEO01,MEO,1414908.2723954609,24049673.853756975,11181631.642950194,0.0001000096705,1414908.7680149567,24049673.37556634,11181631.358843768,0.00010000979331357012,-0.49561949589285714,0.4781906331071428,0.284106426345238,0.7449976025405465,-1.2281357011163975e-10
2025-09-04 05:00:00,MEO01,MEO,922637.2165892795,25097289.616964124,8642479.88362075,0.00010000970200000001,922637.709710251,25097289.129386652,8642479.582395136,0.00010000981617891895,-0.4931209714285714,0.4875774725714286,0.3012256146190475,0.7560667663139433,-1.1417891894366721e-10
2025-09-04 05:15:00,MEO01,MEO,538599.2978692893,25877986.9968481,5954608.62503115,0.00010000973350000001,538599.7884917363,25877986.499883786,5954608.306686347,0.00010000983904426778,-0.4906224469642857,0.49696431203571434,0.31834480289285705,0.7674811570528922,-1.0554426777569475e-10
2025-09-04 05:30:00,MEO01,MEO,231212.54531191895,26369520.20823812,3164270.6641834085,0.000100009765,231213.03343584144,26369519.70188697,3164270.328719417,0.0001000098619096166,-0.48812392250000003,0.5063511515,0.3354639911666666,0.7792256038604168,-9.690961660772219e-11
2025-09-04 05:45:00,MEO01,MEO,-34487.07729789658,26557756.041439094,319482.04159987456,0.0001000097965,-34486.59167249855,26557755.525701102,319481.68901669513,0.00010000988477496543,-0.48562539803571425,0.5157379909642857,0.3525831794404761,0.7912854105602974,-8.827496543974972e-11
2025-09-04 06:00:00,MEO01,MEO,-295292.68727112375,26437199.10152596,-2530804.2170660347,0.00010000982800000001,-295292.2041442502,26437198.57640113,-2530804.5867684023,0.00010000990764031428,-0.4831268735714286,0.5251248304285714,0.36970236771428566,0.8036463800659391,-7.964031427177718e-11
2025-09-04 06:15:00,MEO01,MEO,-588201.8738064468,26011196.51684064,-5337540.483026582,0.0001000098595,-588201.3931780977,26011195.98232897,-5337540.869848138,0.0001000099305056631,-0.48062834910714286,0.5345116698928571,0.3868215559880952,0.8162948311695716,-7.100566310380471e-11
2025-09-04 06:30:00,MEO01,MEO,-948784.1207915125,25291814.238650084,-8052428.534283966,0.000100009891,-948783.6426616879,25291813.694751576,-8052428.9382247105,0.00010000995337101193,-0.47812982464285714,0.5438985093571429,0.40394074426190474,0.8292176086943601,-6.237101193583224e-11
2025-09-04 06:45:00,MEO01,MEO,-1409604.2268443536,24299389.688079134,-10628750.669788811,0.00010000992250000001,-1409603.7512130535,24299389.134793784,-10628751.090848744,0.00010000997623636078,-0.47563130017857147,0.5532853488214285,0.4210599325357143,0.8424020879111046,-5.373636076785969e-11
2025-09-04 07:00:00,MEO01,MEO,-1998763.5203095935,23061777.956891708,-13022173.62604658,0.00010000995400000001,-1998763.047176818,23061777.39421952,-13022174.0642257,0.0001000099991017096,-0.4731327757142857,0.5626721882857143,0.4381791208095238,0.8558361740653091,-4.510170959988723e-11
2025-09-04 07:15:00,MEO01,MEO,-2738616.107458529,21613320.554546393,-15191511.462405287,0.0001000099855,-2738615.6368242777,21613319.982487366,-15191511.917703595,0.00010001002196705843,-0.47063425125,0.5720590277500001,0.45529830908333335,0.8695082977948319,-3.6467058431914676e-11
2025-09-04 07:30:00,MEO01,MEO,-3644710.6169594675,19993576.359978892,-17099434.287318274,0.000100010017,-3644710.148823741,19993575.778533023,-17099434.75973577,0.00010001004483240726,-0.4681357267857143,0.5814458672142857,0.4724174973571429,0.8834074071474315,-2.783240726394221e-11
2025-09-04 07:45:00,MEO01,MEO,-4724999.174665558,18245863.570808947,-18713110.629845504,0.00010001004850000001,-4724998.709028356,18245862.97997624,-18713111.119382188,0.0001000100676977561,-0.4656372023214286,0.5908327066785715,0.48953668563095243,0.8975229568347496,-1.919775609596966e-11
2025-09-04 08:00:00,MEO01,MEO,-5979344.997312855,16415668.692374814,-20004772.40248674,0.00010001008,-5979344.534174177,16415668.092155268,-20004772.909142617,0.00010001009056310493,-0.46313867785714286,0.6002195461428571,0.506655873904762,0.9118448952872401,-1.0563104927997195e-11
2025-09-04 08:15:00,MEO01,MEO,-7399348.431704207,14548983.694236677,-20952192.733484287,0.0001000101115,-7399347.9710640535,14548983.084630292,-20952193.25725935,0.00010001011342845376,-0.46064015339285713,0.6096063856071429,0.5237750621785713,0.9263636500052049,-1.92845376002464e-12
2025-09-04 08:30:00,MEO01,MEO,-8968498.93430685,12690635.186255854,-21539068.446074955,0.00010001014300000001,-8968498.476165222,12690634.567262629,-21539068.986969206,0.0001000101362938026,-0.45814162892857146,0.6189932250714286,0.5408942504523808,0.9410701116357356,6.706197407947823e-12
2025-09-04 08:45:00,MEO01,MEO,-10662647.861562412,10882669.724999731,-21755300.603000015,0.00010001017450000001,-10662647.405919308,10882669.096619667,-21755301.161013454,0.00010001015915915143,-0.4556431044642857,0.6283800645357143,0.5580134387261904,0.9559556171448486,1.5340848575920285e-11
2025-09-04 09:00:00,MEO01,MEO,-12450784.511621378,9162857.144247727,-21597168.288673345,0.000100010206,-12450784.058476798,9162856.506480824,-21597168.863805972,0.00010001018202450026,-0.45314458,0.637766904,0.575132627,0.9710119323988984,2.397549974389282e-11
2025-09-04 09:15:00,MEO01,MEO,-14296086.10414774,7563369.19666905,-21067392.63856996,0.0001000102375,-14296085.635008832,7563368.560146778,-21067393.15462328,0.00010000995798002538,-0.46913890725,0.6365222715000001,0.51605332275,0.9442261108085074,2.795199746152387e-10
2025-09-04 09:30:00,MEO01,MEO,-16157201.760678176,6109683.97553811,-20175090.01401954,0.00010001026900000001,-16157201.275544941,6109683.340260471,-20175090.47099356,0.00010000973393555053,-0.4851332345,0.635277639,0.45697401849999997,0.9207373064093171,5.350644494865846e-10
2025-09-04 09:45:00,MEO01,MEO,-17989721.4645181,4819757.819312354,-18935615.128171418,0.0001000103005,-17989720.963390537,4819757.185279347,-18935615.526066132,0.00010000950989107565,-0.5011275617500001,0.6340330064999999,0.39789471425,0.9008034691901549,7.906089243579303e-10
2025-09-04 10:00:00,MEO01,MEO,-19747773.78750321,3703496.0269839754,-17370296.82261403,0.000100010332,-19747773.27038132,3703495.3941956013,-17370297.16142944,0.00010000928584660077,-0.517121889,0.632788374,0.33881541,0.8846649401925908,1.0461533992292761e-09
2025-09-04 10:15:00,MEO01,MEO,-21385691.149279766,2762542.1294158977,-15506071.041395986,0.00010001036350000001,-21385690.597388346,2762541.47023099,-15506071.289805112,0.00010000948538807549,-0.5518914185,0.65918490775,0.24840912625,0.8948832183160027,8.781119245167936e-10
2025-09-04 10:30:00,MEO01,MEO,-22859678.717307303,1990393.1191704879,-13375017.31821856,0.00010001039500000001,-22859678.130646355,1990392.4335890464,-13375017.476221403,0.00010000968492955021,-0.586660948,0.6855814415,0.1580028425,0.9160556091611232,7.100704498043109e-10
2025-09-04 10:45:00,MEO01,MEO,-24129422.86547108,1372835.4157554395,-11013806.752913775,0.0001000104265,-24129422.2440406,1372834.7037774643,-11013806.820510333,0.00010000988447102491,-0.6214304775,0.71197797525,0.06759655874999998,0.9474480304279543,5.420289750918284e-10
2025-09-04 11:00:00,MEO01,MEO,-25159577.393582247,888683.9227895774,-8463070.976408051,0.000100010458,-25159576.73738224,888683.1844150684,-8463070.953598326,0.00010001008401249962,-0.656200007,0.738374509,-0.022809725,0.9880868627212726,3.7398750037934575e-10
2025-09-04 11:15:00,MEO01,MEO,-25921070.381070063,510794.79844031995,-5766702.963002225,0.00010001048950000001,-25921069.758402176,510794.08789022494,-5766702.794887942,0.00010001012393867475,-0.62266788475,0.710550095,-0.168114283,0.9596140601054949,3.655613252618917e-10
2025-09-04 11:30:00,MEO01,MEO,-26392181.425558683,207311.96420528833,-2971101.721566023,0.000100010521,-26392180.83642292,207311.28147960734,-2971101.408147182,0.00010001016386484986,-0.5891357625,0.682725681,-0.313418841,0.9546866878966908,3.571351501444376e-10
2025-09-04 11:45:00,MEO01,MEO,-26559347.835217603,-56901.67072100738,-124373.86297431774,0.0001000105525,-26559347.27961396,-56902.32562227438,-124373.40425091874,0.00010001020379102498,-0.55560364025,0.6549012670000001,-0.458723399,0.9736622778804619,3.4870897502698347e-10
2025-09-04 12:00:00,MEO01,MEO,-26417668.762236867,-318704.4419070422,2724494.2168121934,0.00010001058400000001,-26417668.24016535,-318705.0689838952,2724494.8208401506,0.00010001024371720011,-0.522071518,0.627076853,-0.604027957,1.0152013703264993,3.4028279990952945e-10
2025-09-04 12:15:00,MEO01,MEO,-25971087.881123975,-615048.7665244816,5526479.292979592,0.0001000106155,-25971087.316473737,-615049.3540494068,5526479.944747922,0.00010001039609870006,-0.56465023775,0.58752492525,-0.65176832975,1.0434641270528922,2.194012999486465e-10
2025-09-04 12:30:00,MEO01,MEO,-25232247.581070773,-981350.3404291887,8233364.901842238,0.000100010647,-25232246.973841816,-981350.8884021862,8233365.601350941,0.00010001054848020002,-0.6072289575,0.5479729975000001,-0.6995087025,1.0762498955581392,9.851979998776357e-11
2025-09-04 12:45:00,MEO01,MEO,-24222020.278773937,-1449917.5920253424,10798571.048106296,0.0001000106785,-24222019.62896626,-1449918.100446412,10798571.795355372,0.00010001070086169997,-0.64980767725,0.50842106975,-0.7472490752500001,1.1131591000574692,-2.236169997311941e-11
2025-09-04 13:00:00,MEO01,MEO,-22968734.878687523,-2048502.9570560325,13177955.751841621,0.00010001071000000001,-22968734.186301127,-2048503.4259251745,13177956.54683107,0.00010001085324319994,-0.692386397,0.468869142,-0.794989448,1.1537960900877602,-1.4324319993400234e-10
2025-09-04 13:15:00,MEO01,MEO,-21507128.13199122,-2799032.823147621,15330574.642167006,0.0001000107415,-21507127.46783392,-2799033.1929346817,15330575.455244843,0.00010001105378620001,-0.66415729925,0.3697870605,-0.81307783675,1.1130781449989684,-3.1228620000840715e-10
2025-09-04 13:30:00,MEO01,MEO,-19877061.22072148,-3716566.0769557357,17219385.526589274,0.000100010773,-19877060.584793277,-3716566.3476607148,17219386.3577555,0.00010001125432920009,-0.6359282015000001,0.270704979,-0.8311662255000001,1.08098249640331,-4.813292000828119e-10
2025-09-04 13:45:00,MEO01,MEO,-18122050.911102686,-4808522.337435295,18811885.81178899,0.00010001080450000001,-18122050.303403582,-4808522.509058192,18811886.661043607,0.00010001145487220017,-0.60769910375,0.17162289749999998,-0.84925461425,1.0582939192255454,-6.503722001572167e-10
2025-09-04 14:00:00,MEO01,MEO,-16287671.73187399,-6074210.518142226,20080671.80713841,0.000100010836,-16287671.152403982,-6074210.590683042,20080672.674481414,0.00010001165541520024,-0.579470006,0.072540816,-0.867343003,1.0456249531704203,-8.194152002316216e-10
2025-09-04 14:15:00,MEO01,MEO,-14419890.564735707,-7504676.733125446,21003910.286475986,0.0001000108675,-14419889.970678568,-7504676.738697168,21003911.127342485,0.00010001151055984976,-0.59405713825,0.005571722000000001,-0.84086649825,1.0295588353615552,-6.430598497577948e-10
2025-09-04 14:30:00,MEO01,MEO,-12563397.594593024,-9082878.194365952,21565714.193517584,0.000100010899,-12563396.985948753,-9082878.13296858,21565715.007907577,0.00010001136570449928,-0.6086442704999999,-0.06139737199999999,-0.8143899935000001,1.0185521816843326,-4.66704499283968e-10
2025-09-04 14:45:00,MEO01,MEO,-10759997.65831365,-10784177.121889127,21756416.025779795,0.00010001093050000001,-10759997.035082247,-10784176.99352266,21756416.813693285,0.00010001122084914881,-0.62323140275,-0.128366466,-0.78791348875,1.0127699623908968,-2.903491488101412e-10
2025-09-04 15:00:00,MEO01,MEO,-9047123.648949327,-12577136.288703457,21572734.192633085,0.000100010962,-9047123.011130791,-12577136.093367897,21572734.95407007,0.00010001107599379835,-0.637818535,-0.19533556,-0.761436984,1.0123017066038544,-1.1399379833631439e-10
2025-09-04 15:15:00,MEO01,MEO,-7456528.870035052,-14424586.130913544,21017829.48480148,0.0001000109935,-7456528.239994231,-14424585.94732968,21017830.235169407,0.00010001110493844953,-0.6300408212619047,-0.18358386483333333,-0.7503679267142858,0.9968482819993295,-1.1143844953691581e-10
2025-09-04 15:30:00,MEO01,MEO,-6013208.275920172,-16284922.82069936,20101250.683583602,0.00010001102500000001,-6013207.653657065,-16284922.64886719,20101251.42288247,0.00010001113388310075,-0.6222631075238095,-0.17183216966666665,-0.7392988694285715,0.9814787251162942,-1.0888310073751724e-10
2025-09-04 15:45:00,MEO01,MEO,-4734589.648206864,-18113587.733548597,18838770.245749325,0.0001000110565,-4734589.033721469,-18113587.573468123,18838770.973979138,0.00010001116282775195,-0.6144853937857142,-0.1600804745,-0.7282298121428572,0.9661970382824356,-1.0632775193811865e-10
2025-09-04 16:00:00,MEO01,MEO,-3630025.2888484504,-19864671.687857702,17252112.891641572,0.000100011088,-3630024.6821407704,-19864671.53952892,17252113.608802326,0.00010001119177240314,-0.606707680047619,-0.14832877933333333,-0.7171607548571429,0.9510074574442346,-1.0377240313872008e-10
2025-09-04 16:15:00,MEO01,MEO,-2700603.1620480306,-21492582.46754808,15368581.766928952,0.0001000111195,-2700602.5631180643,-21492582.330970995,15368582.47302065,0.00010001122071705434,-0.5989299663095238,-0.13657708416666667,-0.7060916975714286,0.9359144671615552,-1.0121705433932151e-10
2025-09-04 16:30:00,MEO01,MEO,-1939284.0401157746,-22953711.64496706,13220588.61100578,0.00010001115100000001,-1939283.448963522,-22953711.520141672,13220589.30602842,0.00010001124966170555,-0.5911522525714286,-0.124825389,-0.6950226402857144,0.9209228165101573,-9.866170553992293e-11
2025-09-04 16:45:00,MEO01,MEO,-1331358.5813328465,-24208036.69863476,10845096.016885428,0.0001000111825,-1331357.9979583076,-24208036.585561063,10845096.700839011,0.00010001127860635675,-0.5833745388333333,-0.11307369383333334,-0.6839535830000001,0.9060375359192668,-9.610635674052437e-11
2025-09-04 17:00:00,MEO01,MEO,-855205.8787371283,-25220596.86944206,8282981.380159124,0.000100011214,-855205.3031403032,-25220596.76812006,8282982.0530436495,0.00010001130755100794,-0.575596825095238,-0.10132199866666666,-0.6728845257142857,0.89126395496467,-9.355100794112578e-11
2025-09-04 17:15:00,MEO01,MEO,-483323.3464894728,-25962786.025280043,5578333.482166653,0.00010001124550000001,-483322.77867036144,-25962785.93570974,5578334.143982121,0.00010001133649565915,-0.5678191113571428,-0.0895703035,-0.6618154684285714,0.8766077211289134,-9.099565914172722e-11
2025-09-04 17:30:00,MEO01,MEO,-183587.30625597667,-26413412.82150323,2777693.81174934,0.000100011277,-183586.74621457906,-26413412.74368462,2777694.462495751,0.00010001136544031035,-0.5600413976190476,-0.07781860833333333,-0.6507464111428571,0.8620748195286424,-8.844031034232864e-11
2025-09-04 17:45:00,MEO01,MEO,79305.2941044234,-26559487.38213224,-70744.31910346868,0.0001000113085,79305.84636810729,-26559487.316065326,-70743.67942611482,0.00010001139438496154,-0.5522636838809524,-0.06606691316666666,-0.6396773538571429,0.8476715935943641,-8.588496154293006e-11
2025-09-04 18:00:00,MEO01,MEO,342270.60817941884,-26396704.23913955,-2917965.084124296,0.00010001134,342271.152665389,-26396704.184824333,-2917964.4555159993,0.00010001142332961274,-0.5444859701428572,-0.054315218,-0.6286082965714286,0.8334047666693711,-8.332961274353149e-11
2025-09-04 18:15:00,MEO01,MEO,642208.4642931805,-25929602.94851353,-5714973.605435871,0.00010001137150000001,642209.001001437,-25929602.905950006,-5714972.9878966315,0.00010001145227426395,-0.5367082564047618,-0.04256352283333334,-0.6175392392857143,0.8192814644715221,-8.077426394413291e-11
2025-09-04 18:30:00,MEO01,MEO,1014373.6279119076,-25171400.200877674,-8413639.055738734,0.000100011403,1014374.1568424503,-25171400.170065846,-8413638.449268552,0.00010001148121891515,-0.5289305426666666,-0.03081182766666668,-0.606470182,0.8053092383332803,-7.821891514473434e-11
2025-09-04 18:45:00,MEO01,MEO,1490811.5697488906,-24143499.882330865,-10967522.891947495,0.0001000114345,1490812.0909017194,-24143499.863270734,-10967522.29654637,0.00010001151016356634,-0.5211528289285714,-0.01906013250000002,-0.5954011247142857,0.7914960891010182,-7.566356634533576e-11
2025-09-04 19:00:00,MEO01,MEO,2098920.0592862256,-22874699.92972163,-13332677.96805725,0.00010001146600000001,2098920.5726613407,-22874699.922413193,-13332677.383725183,0.00010001153910821756,-0.5133751151904762,-0.007308437333333334,-0.5843320674285715,0.7778504915331984,-7.310821754593718e-11
2025-09-04 19:15:00,MEO01,MEO,2860193.033094506,-21400126.48525968,-15468404.776133992,0.0001000114975,2860193.538691907,-21400126.489702936,-15468404.202870982,0.00010001156805286876,-0.505597401452381,0.004443257833333325,-0.5732630101428572,0.7643814189876825,-7.055286874653861e-11
2025-09-04 19:30:00,MEO01,MEO,3789196.1317691654,-19759936.33781289,-17337951.80206034,0.000100011529,3789196.629588853,-19759936.354007844,-17337951.239866387,0.00010001159699751994,-0.4978196877142857,0.016194952999999984,-0.5621939528571429,0.7510983681301409,-6.799751994714004e-11
2025-09-04 19:45:00,MEO01,MEO,4892814.331233237,-17997837.537583485,-18909147.944337137,0.0001000115605,4892814.821275211,-17997837.565530133,-18909147.39321224,0.00010001162594217114,-0.4900419739761904,0.027946648166666643,-0.5511248955714286,0.7380113833274192,-6.544217114774146e-11
2025-09-04 20:00:00,MEO01,MEO,6169801.560219775,-16159485.04341587,-20154956.113301966,0.00010001159200000001,6169802.042484035,-16159485.083114214,-20154955.57324613,0.00010001165488682236,-0.4822642602380952,0.03969834333333333,-0.5400558382857144,0.7251310803109284,-6.288682234834288e-11
2025-09-04 20:15:00,MEO01,MEO,7610650.503109215,-14290813.038545813,-21053938.48444638,0.0001000116235,7610650.977595761,-14290813.089995852,-21053937.9554596,0.00010001168383147356,-0.4744865465,0.05145003849999999,-0.528986781,0.7124686686050763,-6.033147354894432e-11
2025-09-04 20:30:00,MEO01,MEO,9197788.387925632,-12436367.946783183,-21590625.39976932,0.000100011655,9197788.854634466,-12436368.009984916,-21590624.8818516,0.00010001171277612475,-0.4667088327619047,0.06320173366666668,-0.5179177237142858,0.7000359721141758,-5.777612474954573e-11
2025-09-04 20:45:00,MEO01,MEO,10906091.93248114,-10637706.104550837,-21755781.569124825,0.00010001168650000001,10906092.391412258,-10637706.179504266,-21755781.06227616,0.00010001174172077596,-0.4589311190238095,0.07495342883333331,-0.5068486664285714,0.6878454471483698,-5.522077595014716e-11
2025-09-04 21:00:00,MEO01,MEO,12703702.255483877,-8931917.498057835,-21546564.990779903,0.000100011718,12703702.706637282,-8931917.584762959,-21546564.495000295,0.00010001177066542716,-0.45115340528571424,0.086705124,-0.4957796091428572,0.6759101970458764,-5.2665427150748594e-11
2025-09-04 21:15:00,MEO01,MEO,14553108.93194561,-7350332.057753822,-20966575.85648361,0.0001000117495,14553109.375321303,-7350332.156210641,-20966575.371773057,0.00010001179961007835,-0.443375691547619,0.09845681916666663,-0.4847105518571429,0.6642439824171561,-5.0110078351350014e-11
2025-09-04 21:30:00,MEO01,MEO,16412461.932917967,-5917457.904332865,-20025794.599490106,0.000100011781,16412462.368515946,-5917458.014541379,-20025794.12584861,0.00010001182855472955,-0.4355979778095238,0.11020851433333331,-0.4736414945714286,0.6528612258996268,-4.7554729551951447e-11
2025-09-04 21:45:00,MEO01,MEO,18237061.34206863,-4650191.93639387,-18740410.151603498,0.00010001181250000001,18237061.769888896,-4650192.05835408,-18740409.68903106,0.00010001185749938076,-0.42782026407142854,0.1219602095,-0.4625724372857143,0.6417770101739987,-4.4999380752552866e-11
2025-09-04 22:00:00,MEO01,MEO,19980967.827958796,-3557332.5875801872,-17132541.364590824,0.000100011844,19980968.24800135,-3557332.721292092,-17132540.913087443,0.00010001188644403196,-0.4200425503333333,0.13371190466666663,-0.45150338,0.6310070678617974,-4.244403195315429e-11
2025-09-04 22:15:00,MEO01,MEO,21598672.138473004,-2639412.8689523935,-15229856.389735213,0.0001000118755,21598672.55073784,-2639413.0144159934,-15229855.949300889,0.00010001191538868315,-0.41226483659523805,0.14546359983333332,-0.44043432271428573,0.6205677618070101,-3.988868315375571e-11
2025-09-04 22:30:00,MEO01,MEO,23046759.554998092,-1888859.4032599684,-13065096.56523137,0.00010001190700000001,23046759.959485214,-1888859.5604752633,-13065096.135866104,0.00010001194433333436,-0.40448712285714283,0.15721529499999995,-0.42936526542857145,0.6104760541542428,-3.7333334354357144e-11
2025-09-04 22:45:00,MEO01,MEO,24285505.388843328,-1290470.531368468,-10675513.004353989,0.0001000119385,24285505.785552736,-1290470.7003354582,-10675512.58605778,0.00010001197327798556,-0.3967094091190476,0.16896699016666664,-0.4182962081428572,0.600749462585077,-3.4777985554958564e-11
2025-09-04 23:00:00,MEO01,MEO,25280340.215666737,-822194.2154373834,-8102225.579570364,0.00010001197,25280340.604598433,-822194.3961560688,-8102225.172343213,0.00010001200222263675,-0.38893169538095235,0.18071868533333332,-0.4072271508571429,0.5914060020795667,-3.2222636755559996e-11
2025-09-04 23:15:00,MEO01,MEO,26003128.524546765,-456174.8561283448,-5389515.333175947,0.00010001200150000001,26003128.905700747,-456175.0485987253,-5389514.937017853,0.00010001203116728797,-0.38115398164285713,0.19247038049999995,-0.3961580935714286,0.5824641106490314,-2.9667287956161416e-11
2025-09-04 23:30:00,MEO01,MEO,26433211.6145559,-160027.7308247087,-2584062.4906286937,0.00010001203300000001,26433211.987932168,-160027.93504678438,-2584062.1055396576,0.00010001206011193917,-0.37337626790476186,0.20422207566666664,-0.3850890362857143,0.5739425576584737,-2.7111939156762845e-11
2025-09-04 23:45:00,MEO01,MEO,26558174.62693699,101709.05106815443,265856.81118009216,0.0001000120645,26558174.992535546,101708.8350943836,265857.18520007114,0.00010001208905659037,-0.36559855416666664,0.21597377083333333,-0.374019979,0.5658603336406314,-2.455659035736426e-11
2025-09-05 00:00:00,MEO01,MEO,26374308.20554158,366002.0506075872,3111201.2580437623,0.000100012096,26374308.56336242,366001.8228821212,3111201.620994684,0.00010001211800124155,-0.35782084042857143,0.22772546599999996,-0.3629509217142857,0.5582365209149038,-2.2001241557965694e-11
2025-09-05 00:15:00,MEO01,MEO,25886747.022494838,669691.0998564214,5903008.259703483,0.00010001212750000001,25886747.372537963,669690.8603792601,5903008.611585348,0.00010001214694589277,-0.35004312669047616,0.23947716116666665,-0.35188186442857144,0.5510901448741556,-1.9445892758567113e-11
2025-09-05 00:30:00,MEO01,MEO,25109279.836479634,1047862.9202940622,8593236.496433128,0.000100012159,25109280.178745046,1047862.6690652058,8593236.837245936,0.00010001217589054397,-0.34226541295238094,0.25122885633333325,-0.34081280714285717,0.5444400064934729,-1.6890543959168543e-11
2025-09-05 00:45:00,MEO01,MEO,24063838.387452684,1532293.4844658663,11135592.612430744,0.0001000121905,24063838.721940383,1532293.221485315,11135592.942174494,0.00010001220483519516,-0.33448769921428567,0.2629805515,-0.3297437498571429,0.5383044974387272,-1.4335195159769962e-11
2025-09-05 01:00:00,MEO01,MEO,22779684.785923436,2150020.1853543203,13486327.830307895,0.00010001222200000001,22779685.112633422,2150019.910622074,13486328.148982588,0.00010001223377984637,-0.32670998547619046,0.2747322466666666,-0.3186746925714286,0.5327014000862597,-1.1779846360371393e-11
2025-09-05 01:15:00,MEO01,MEO,21292328.649951633,2922099.853447375,15604990.778559653,0.00010001225350000001,21292328.968883906,2922099.566963433,15604991.086165288,0.00010001226272449757,-0.31893227173809524,0.28648394183333326,-0.30760563528571433,0.5276476757685139,-9.224497560972812e-12
2025-09-05 01:30:00,MEO01,MEO,19642215.630900163,3862601.4675843585,17455123.57738657,0.000100012285,19642215.942054722,3862601.1693487214,17455123.87392315,0.00010001229166914877,-0.31115455799999997,0.298235637,-0.296536578,0.5231592455772155,-6.669148761574243e-12
2025-09-05 01:45:00,MEO01,MEO,17873237.748513557,4977873.32042145,19004889.204648003,0.0001000123165,17873238.051890403,4977873.010434118,19004889.490115523,0.00010001232061379996,-0.30337684426190475,0.30998733216666663,-0.2854675207142857,0.5192507690132779,-4.113799962175674e-12
2025-09-05 02:00:00,MEO01,MEO,16031122.788030839,6266113.773955518,20227619.34625336,0.00010001234800000001,16031123.08362997,6266113.452216491,20227619.620651826,0.00010001234955845117,-0.2955991305238095,0.32173902733333337,-0.27439846342857144,0.5159354265872742,-1.5584511627770818e-12
2025-09-05 02:15:00,MEO01,MEO,14161764.632979304,7717262.985681307,21102273.303602383,0.0001000123795,14161764.920800721,7717262.652190584,21102273.566931788,0.00010001237850310237,-0.28782141678571427,0.3334907225,-0.26332940614285716,0.5132247130581863,9.968976366214875e-13
2025-09-05 02:30:00,MEO01,MEO,12309558.638693318,9313220.555996481,21613800.061209396,0.000100012411,12309558.91873702,9313220.210754063,21613800.313469745,0.00010001240744775356,-0.28004370304761905,0.34524241766666663,-0.2522603488571429,0.5111282482689403,3.5522464360200567e-12
2025-09-05 02:45:00,MEO01,MEO,10515805.907435626,11028381.422891797,21753397.28406478,0.00010001244250000001,10515806.179701615,11028381.065897685,21753397.52525607,0.00010001243639240477,-0.2722659893095238,0.35699411283333327,-0.2411912915714286,0.509653612429311,6.107595235418626e-12
2025-09-05 03:00:00,MEO01,MEO,8817247.615921501,12830469.998776129,21518662.7879158,0.00010001247400000001,8817247.880409777,12830469.630030321,21518663.018038034,0.00010001246533705597,-0.26448827557142857,0.368745808,-0.23012223428571432,0.508806212172149,8.662944034817196e-12
2025-09-05 03:15:00,MEO01,MEO,7244785.474998577,14681640.983164523,20913635.87597129,0.0001000125055,7244785.7317091385,14681640.602667019,20913636.095024467,0.00010001249428170718,-0.2567105618333333,0.38049750316666664,-0.21905317700000004,0.5085891827660577,1.1218292834215787e-11
2025-09-05 03:30:00,MEO01,MEO,5822437.165371218,16539804.94085613,19948727.830709785,0.000100012537,5822437.4143040655,16539804.548606932,19948728.038693905,0.00010001252322635836,-0.24893284809523808,0.39224919833333327,-0.20798411971428576,0.509003330546349,1.3773641633614357e-11
2025-09-05 03:45:00,MEO01,MEO,4566566.472415084,18360128.00804339,18640542.75688546,0.00010001256850000001,4566566.7135702185,18360127.604042497,18640542.953800526,0.00010001255217100958,-0.24115513435714286,0.4040008935,-0.19691506242857149,0.5100471180066193,1.6328990433012926e-11
2025-09-05 04:00:00,MEO01,MEO,3485417.189935714,20096648.31598769,17011591.858659487,0.0001000126,3485417.423313135,20096647.9002351,17011592.04450549,0.00010001258111566078,-0.2333774206190476,0.41575258866666664,-0.1858460051428572,0.5117166921895291,1.8884339232411497e-11
2025-09-05 04:15:00,MEO01,MEO,2578968.08905988,21703947.165380757,15089906.06756621,0.0001000126315,2578968.314659587,21703946.737876475,15089906.242343158,0.00010001261006031196,-0.22559970688095238,0.4275042838333333,-0.17477694785714282,0.5140059551628573,2.1439688031810087e-11
2025-09-05 04:30:00,MEO01,MEO,1839113.8094448736,23138810.820580818,12908553.687198313,0.00010001266300000001,1839114.0272668668,23138810.38132484,12908553.850906204,0.00010001263900496318,-0.2178219931428571,0.439255979,-0.16370789057142854,0.5169066736068728,2.3995036831208657e-11
2025-09-05 04:45:00,MEO01,MEO,1250163.9065062338,24361819.105393887,10505071.354966344,0.00010001269450000001,1250164.1165505133,24361818.65438621,10505071.507605178,0.00010001266794961438,-0.2100442794047619,0.45100767416666665,-0.15263883328571426,0.520408623001883,2.6550385630607225e-11
2025-09-05 05:00:00,MEO01,MEO,789639.968342104,25338799.75911283,7920818.112921181,0.000100012726,789640.1706086696,25338799.296353463,7920818.254490958,0.00010001269689426558,-0.20226656566666668,0.4627593693333333,-0.14156977599999998,0.5244997606949525,2.910573443000579e-11
2025-09-05 05:15:00,MEO01,MEO,429339.1757169133,26042092.646019563,5200263.702768226,0.0001000127575,429339.37020576524,26042092.1715085,5200263.833268945,0.00010001272583891677,-0.1944888519285714,0.4745110645,-0.1305007187142857,0.5291664213103114,3.1661083229404386e-11
2025-09-05 05:30:00,MEO01,MEO,136622.3639059672,26451575.205316573,2390223.332068044,0.00010001278900000001,136622.55061710541,26451574.719053812,2390223.4514997057,0.00010001275478356798,-0.1867111381904762,0.48626275966666666,-0.11943166142857142,0.5343935275755259,3.421643202880296e-11
2025-09-05 05:45:00,MEO01,MEO,-124124.04490160436,26555409.699838657,-460947.9202602737,0.0001000128205,-124123.8659681799,26555409.201824203,-460947.8118976695,0.00010001278372821918,-0.17893342445238092,0.4980144548333333,-0.10836260414285714,0.54016480965148,3.677178082820153e-11
2025-09-05 06:00:00,MEO01,MEO,-389909.599697615,26350483.516714226,-3304187.196488062,0.000100012852,-389909.4285419043,26350483.006948076,-3304187.099194515,0.00010001281267287037,-0.1711557107142857,0.5097661499999999,-0.09729354685714287,0.5464630264308626,3.9327129627600095e-11
2025-09-05 06:15:00,MEO01,MEO,-697506.7396017849,25842525.57833562,-6090568.132061184,0.00010001288350000001,-697506.5762237879,25842525.056817774,-6090568.045836695,0.00010001284161752158,-0.1633779969761905,0.5215178451666667,-0.08622448957142859,0.553270182935145,4.188247842699869e-11
2025-09-05 06:30:00,MEO01,MEO,-1081827.0585406087,25045894.381585177,-8772142.778813483,0.00010001291500000001,-1081826.9029403254,25045893.848315638,-8772142.703658052,0.00010001287056217278,-0.15560028323809522,0.5332695403333333,-0.07515543228571431,0.5605677388087479,4.4437827226397256e-11
2025-09-05 06:45:00,MEO01,MEO,-1574370.5385862747,23983045.815991294,-11302766.691624401,0.0001000129465,-1574370.3907637051,23983045.270970058,-11302766.627538025,0.00010001289950682398,-0.1478225695,0.5450212354999999,-0.06408637500000003,0.5683368038937556,4.6993176025795823e-11
2025-09-05 07:00:00,MEO01,MEO,-2201808.550427555,22683701.22940409,-13638892.980458325,0.000100012978,-2201808.410382699,22683700.67263116,-13638892.927441007,0.00010001292845147517,-0.14004485576190473,0.5567729306666667,-0.05301731771428575,0.5765583178882592,4.95485248251944e-11
2025-09-05 07:15:00,MEO01,MEO,-2984756.2416662266,21183747.737100273,-15740321.663763216,0.00010001300950000001,-2984756.1093990845,21183747.16857565,-15740321.621814955,0.00010001295739612638,-0.13226714202380951,0.5685246258333333,-0.04194826042857147,0.5852132120783514,5.210387362459299e-11
2025-09-05 07:30:00,MEO01,MEO,-3936782.6026619812,19523913.06171325,-17570891.428383496,0.000100013041,-3936782.478172553,19523912.481436927,-17570891.397504292,0.00010001298634077758,-0.1244894282857143,0.5802763209999999,-0.030879203142857192,0.594282552036434,5.465922242399156e-11
2025-09-05 07:45:00,MEO01,MEO,-5063697.298843999,17748265.849566363,-19099101.892204158,0.0001000130725,-5063697.182132285,17748265.25753835,-19099101.87239401,0.00010001301528542877,-0.11671171454761908,0.5920280161666667,-0.019810145857142913,0.6037476609625623,5.7214571223390126e-11
2025-09-05 08:00:00,MEO01,MEO,-6363142.643409073,15902599.099496111,-20298655.66165244,0.00010001310400000001,-6363142.534475072,15902598.4957164,-20298655.65291135,0.00010001304423007999,-0.10893400080952376,0.6037797113333333,-0.008741088571428524,0.6135902239928095,5.976992002278869e-11
2025-09-05 08:15:00,MEO01,MEO,-7824507.269304607,14032758.804766323,-21148910.85635032,0.00010001313550000001,-7824507.16814832,14032758.189234916,-21148910.85867829,0.00010001307317473119,-0.10115628707142854,0.6155314064999999,0.0023279687142857552,0.6237923743043675,6.232526882218729e-11
2025-09-05 08:30:00,MEO01,MEO,-9429165.601033423,12182981.97489037,-21635236.313888147,0.000100013167,-9429165.50765485,12182981.347607268,-21635236.327285174,0.00010001310211938239,-0.09337857333333333,0.6272831016666667,0.013397026000000034,0.634336762217016,6.488061762158585e-11
2025-09-05 08:45:00,MEO01,MEO,-11151034.60670842,10394307.792455891,-21749263.362368897,0.0001000131985,-11151034.52110756,10394307.153421095,-21749263.38683498,0.00010001313106403357,-0.08560085959523811,0.6390347968333333,0.024466083285714313,0.6452066087375475,6.743596642098442e-11
2025-09-05 09:00:00,MEO01,MEO,-12957427.016740356,8703122.7865253,-21489029.828228895,0.00010001323000000001,-12957426.93891721,8703122.135738809,-21489029.863764036,0.00010001316000868479,-0.0778231458571429,0.6507864919999999,0.03553514057142859,0.656385745134825,6.9991315220383e-11
2025-09-05 09:15:00,MEO01,MEO,-14810168.702834181,7139895.680099227,-20859013.801253673,0.0001000132615,-14810168.63278875,7139895.017561039,-20859013.84785787,0.00010001318895333599,-0.07004543211904757,0.6625381871666666,0.04660419785714287,0.6678586401872366,7.254666401978157e-11
2025-09-05 09:30:00,MEO01,MEO,-16666937.663876308,5728150.196573316,-19870056.57576139,0.000100013293,-16666937.60160859,5728149.522283434,-19870056.633434646,0.00010001321789798718,-0.06226771838095235,0.6742898823333333,0.05767325514285715,0.6796104167302347,7.510201281918016e-11
2025-09-05 09:45:00,MEO01,MEO,-18482773.459992636,4483714.874185731,-18539176.093979947,0.00010001332450000001,-18482773.405502632,4483714.188144153,-18539176.16272226,0.00010001324684263839,-0.05449000464285714,0.6860415774999999,0.06874231242857143,0.6916268590668629,7.765736161857873e-11
2025-09-05 10:00:00,MEO01,MEO,-20211699.30528333,3414278.195237427,-16889274.101877067,0.000100013356,-20211699.25857104,3414277.497444154,-16889274.181688435,0.00010001327578728959,-0.04671229090476192,0.6977932726666666,0.07981136971428571,0.7038944127041344,8.02127104179773e-11
2025-09-05 10:15:00,MEO01,MEO,-21808394.629920367,2519265.503677478,-14948742.056696318,0.0001000133875,-21808394.59098579,2519264.79413251,-14948742.147576746,0.00010001330473194079,-0.038934577166666706,0.7095449678333333,0.09088042699999999,0.7164001777557397,8.276805921737587e-11
2025-09-05 10:30:00,MEO01,MEO,-23229853.923672043,1790041.71791879,-12750972.567728672,0.000100013419,-23229853.89251518,1790040.996622127,-12750972.669678157,0.00010001333367659198,-0.03115686342857138,0.721296663,0.10194948428571426,0.7291318972173452,8.532340801677446e-11
2025-09-05 10:45:00,MEO01,MEO,-24436968.15293354,1210431.2274048766,-10333784.777429556,0.00010001345050000001,-24436968.12955439,1210430.4943565184,-10333784.890448097,0.00010001336262124319,-0.023379149690476164,0.7330483581666666,0.11301854157142854,0.7420779411827493,8.787875681617303e-11
2025-09-05 11:00:00,MEO01,MEO,-25395967.983659,757534.0792504158,-7738773.570905234,0.000100013482,-25395967.96805756,757533.3344503625,-7738773.694992833,0.00010001339156589439,-0.015601435952380949,0.7448000533333333,0.12408759885714282,0.7552272879334032,9.04341056155716e-11
2025-09-05 11:15:00,MEO01,MEO,-26079673.32980882,402806.08997677034,-5010593.8125471845,0.0001000135135,-26079673.3219851,402805.33342502185,-5010593.94770384,0.00010001342051054558,-0.007823722214285733,0.7565517485,0.1351566561428571,0.7685695027044802,9.298945441497016e-11
2025-09-05 11:30:00,MEO01,MEO,-26468501.176939107,113360.30037039006,-2196191.926647819,0.00010001354500000001,-26468501.1768931,113359.5320669464,-2196192.072873533,0.0001000134494551968,-4.600847619051773e-05,0.7683034436666666,0.14622571342857138,0.7820947148105102,9.554480321436875e-11
2025-09-05 11:45:00,MEO01,MEO,-26551192.91647607,-146561.37628098938,656001.9550684245,0.0001000135765,-26551192.924207777,-146562.15633612822,656001.7977736538,0.000100013478399848,0.007731705261904809,0.7800551388333333,0.15729477071428577,0.7957935937041763,9.810015201376732e-11
2025-09-05 12:00:00,MEO01,MEO,-26325233.209413327,-414004.04970967607,3496907.377501688,0.000100013608,-26325233.224922746,-414004.84151651006,3496907.2091378598,0.0001000135073444992,0.015509419,0.791806834,0.168363828,0.8096573244438875,1.0065550081316589e-10
2025-09-05 12:15:00,MEO01,MEO,-25796944.262167048,-725665.3814627877,6277638.136974227,0.0001000136395,-25796944.228054445,-725666.2106052473,6277638.052595478,0.00010001348936682437,-0.034112604000000005,0.8291424595,0.084378749,0.8341226895248534,1.501331756317899e-10
2025-09-05 12:30:00,MEO01,MEO,-24981251.883879267,-1116274.7856488116,8950343.513357641,0.00010001367100000001,-24981251.80014464,-1116275.6521268967,8950343.512963971,0.00010001347138914956,-0.083734627,0.866478085,0.0003936700000000126,0.870514741127435,1.9961085045041394e-10
2025-09-05 12:45:00,MEO01,MEO,-23901132.321270734,-1617049.8108944455,11469031.683633702,0.0001000137025,-23901132.187914085,-1617050.714708156,11469031.76722511,0.00010001345341147474,-0.13335665000000002,0.9038137104999999,-0.08359140899999995,0.9174152511516284,2.4908852526903797e-10
2025-09-05 13:00:00,MEO01,MEO,-22586761.14649014,-2254290.225258425,13790361.14761712,0.000100013734,-22586760.963511467,-2254291.1664077607,13790361.315193608,0.00010001343543379992,-0.182978673,0.941149336,-0.167576488,0.9733062964742887,2.98566200087662e-10
2025-09-05 13:15:00,MEO01,MEO,-21074396.93099112,-3048164.9957007486,15874386.547013925,0.00010001376550000001,-21074396.68735111,-3048165.926323315,15874386.833375324,0.0001000131902954997,-0.2436400095,0.9306225665,-0.286361398,1.0037039731777102,5.752045003080097e-10
2025-09-05 13:30:00,MEO01,MEO,-19405042.63175469,-4011739.886954301,17685246.043784715,0.000100013797,-19405042.32745334,-4011740.807050098,17685246.448931023,0.00010001294515719947,-0.30430134600000003,0.920095797,-0.40514630799999996,1.0503899826828642,8.518428005283575e-10
2025-09-05 13:45:00,MEO01,MEO,-17622936.15147461,-5150284.089896887,19191778.429431815,0.0001000138285,-17622935.786511928,-5150284.999465914,19191778.95336303,0.00010001270001889926,-0.36496268249999997,0.9095690275,-0.523931218,1.1113134106092013,1.1284811007487051e-09
2025-09-05 14:00:00,MEO01,MEO,-15773928.082032025,-6460883.486813609,20368059.346012827,0.00010001386,-15773927.656408006,-6460884.385855867,20368059.988728955,0.00010001245488059903,-0.425624019,0.899042258,-0.642716128,1.1842790247280257,1.405119400969053e-09
2025-09-05 14:15:00,MEO01,MEO,-13903808.947888141,-7932376.287836827,21193847.391608484,0.00010001389150000001,-13903808.539437307,-7932377.1205386305,21193848.079156265,0.00010001268129827439,-0.40845083375,0.83270180275,-0.68754778075,1.1545329474330388,1.2102017256217966e-09
2025-09-05 14:30:00,MEO01,MEO,-12056650.16669238,-9545614.28829376,21654932.433677055,0.000100013923,-12056649.775414731,-9545615.054655109,21654933.166056488,0.00010001290771594973,-0.3912776485,0.7663613475,-0.7323794335,1.1299502412812195,1.01528405027454e-09
2025-09-05 14:45:00,MEO01,MEO,-10273222.36520932,-11274040.383256175,21743380.136530563,0.0001000139545,-10273221.991104858,-11274041.083277067,21743380.91374165,0.00010001313413362507,-0.37410446325,0.70002089225,-0.77721108625,1.1108737424207855,8.203663749272838e-10
2025-09-05 15:00:00,MEO01,MEO,-8589551.652193032,-13084560.720870305,21457668.495113026,0.00010001398600000001,-8589551.295261754,-13084561.354550742,21457669.317155764,0.00010001336055130042,-0.356931278,0.633680437,-0.822042739,1.0975905876937204,6.254486995800274e-10
2025-09-05 15:15:00,MEO01,MEO,-7035669.073649656,-14938678.453756047,20802714.025611527,0.0001000140175,-7035668.6521278825,-14938678.996688422,20802714.854337458,0.00010001359508045067,-0.42152177325,0.5429323745,-0.82872593075,1.0766813999050446,4.2241954932702145e-10
2025-09-05 15:30:00,MEO01,MEO,-5634600.96796659,-16793845.899498004,19789787.162213344,0.000100014049,-5634600.481854321,-16793846.351682317,19789787.997622468,0.00010001382960960093,-0.4861122685,0.452184312,-0.8354091225,1.0670914635406608,2.1939039907401538e-10
2025-09-05 15:45:00,MEO01,MEO,-4401638.588994624,-18604983.43934281,18436318.315858323,0.0001000140805,-4401638.03829186,-18604983.80077906,18436319.157950636,0.00010001406413875118,-0.5507027637499999,0.36143624950000003,-0.84209231425,1.0691254192906627,1.636124882100938e-11
2025-09-05 16:00:00,MEO01,MEO,-3343914.535826494,-20326106.99663887,16765597.932321904,0.00010001411200000001,-3343913.920533235,-20326107.26732706,16765598.78109741,0.00010001429866790144,-0.615293259,0.270688187,-0.848775506,1.0827177604240839,-1.8666790143199666e-10
2025-09-05 16:15:00,MEO01,MEO,-2460301.6373774083,-21912001.694215413,14806375.711017838,0.0001000141435,-2460301.002693852,-21912001.912218962,14806376.53089571,0.00010001443299320083,-0.6346835565,0.2180035475,-0.81987787275,1.0595038885436612,-2.894932008262863e-10
2025-09-05 16:30:00,MEO01,MEO,-1741637.447623564,-23319877.45693077,12592365.881150663,0.000100014175,-1741636.79354971,-23319877.622249678,12592366.672130903,0.00010001456731850022,-0.654073854,0.16531890800000001,-0.7909802395,1.0396117963491003,-3.923185002205759e-10
2025-09-05 16:45:00,MEO01,MEO,-1171264.8963730615,-24510942.97308462,10161667.048408827,0.00010001420650000001,-1171264.22290891,-24510943.08571889,10161667.810491433,0.00010001470164379963,-0.6734641515,0.1126342685,-0.7620826062499999,1.023235232263304,-4.951437996148655e-10
2025-09-05 17:00:00,MEO01,MEO,-725867.3982246388,-25451837.53146912,7556106.595456052,0.000100014238,-725866.7053701897,-25451837.59141875,7556107.328641024,0.00010001483596909902,-0.692854449,0.059949629,-0.733184973,1.0105451252414916,-5.979690990091553e-10
2025-09-05 17:15:00,MEO01,MEO,-376565.3221139298,-26115865.68983784,4820520.917756913,0.0001000142695,-376564.65425484267,-26115865.718642298,4820521.608427182,0.00010001475232353829,-0.6678590871428571,0.028804460214285715,-0.6906702683571428,0.9611924244395887,-4.828235382807014e-10
2025-09-05 17:30:00,MEO01,MEO,-90230.60621272423,-26483987.295539077,2001983.8804114182,0.000100014301,-90229.96334899895,-26483987.29319837,2001984.528566982,0.00010001466867797755,-0.6428637252857143,-0.002340708571428568,-0.6481555637142857,0.9128991636421989,-3.676779775522477e-10
2025-09-05 17:45:00,MEO01,MEO,169032.1409870308,-26545524.777868293,-851003.2273110128,0.00010001433250000001,169032.75885539423,-26545524.744382415,-851002.6216701537,0.00010001458503241683,-0.6178683634285714,-0.03348587735714285,-0.6056408590714285,0.8658426350585058,-2.5253241682379393e-10
2025-09-05 18:00:00,MEO01,MEO,438296.15643001115,-26298560.50136994,-3689346.300504135,0.000100014364,438296.74930301274,-26298560.436738893,-3689345.7373779807,0.0001000145013868561,-0.5928730015714286,-0.06463104614285714,-0.5631261544285714,0.8202357185098359,-1.3738685609534016e-10
2025-09-05 18:15:00,MEO01,MEO,754176.95283532,-25750008.890036073,-6464203.2283085985,0.0001000143955,754177.5207129597,-25750008.794259857,-6464202.707697148,0.00010001441774129537,-0.5678776397142857,-0.09577621492857141,-0.5206114497857143,0.7763339350315014,-2.224129536688638e-11
2025-09-05 18:30:00,MEO01,MEO,1151214.7447885768,-24915360.5436739,-9127824.367291437,0.00010001442700000001,1151215.2876708547,-24915360.416752513,-9127823.889194692,0.00010001433409573465,-0.5428822778571429,-0.12692138371428568,-0.4780967451428571,0.7344431243952817,9.290426536156739e-11
2025-09-05 18:45:00,MEO01,MEO,1660338.2549869223,-23818108.18638846,-11634374.215681827,0.0001000144585,1660338.7728738382,-23818108.028321907,-11634373.780099787,0.00010001425045017391,-0.517886916,-0.15806655249999998,-0.4355820405,0.6949270514157367,2.0804982609002117e-10
2025-09-05 19:00:00,MEO01,MEO,2307470.1349826967,-22488876.52573989,-13940720.149123872,0.00010001449,2307470.627874251,-22488876.336528167,-13940719.756056536,0.00010001416680461318,-0.4928915541428572,-0.18921172128571426,-0.3930673358571429,0.6582135596712483,3.2319538681847494e-10
2025-09-05 19:15:00,MEO01,MEO,3112328.753196491,-20964289.486970246,-16007174.645406196,0.0001000145215,3112329.2210926833,-20964289.266613357,-16007174.294853564,0.00010001408315905245,-0.46789619228571433,-0.22035689007142856,-0.3505526312142857,0.6247968894038132,4.383409475469287e-10
2025-09-05 19:30:00,MEO01,MEO,4087473.501751841,-19285618.379982643,-17798178.225991342,0.00010001455300000001,4087473.9446526715,-19285618.128480583,-17798177.917953417,0.00010001399951349173,-0.4429008304285714,-0.25150205885714283,-0.3080379265714286,0.5952325557377761,5.534865082753825e-10
2025-09-05 19:45:00,MEO01,MEO,5237631.346630408,-17497262.967677586,-19282911.362310752,0.0001000145845,5237631.764535877,-17497262.68503036,-19282911.09678753,0.000100013915867931,-0.4179054685714286,-0.2826472276428571,-0.2655232219285714,0.5701201779795447,6.686320690038362e-10
2025-09-05 20:00:00,MEO01,MEO,6559331.457129314,-15645123.808005039,-20435824.81716135,0.000100014616,6559331.850039421,-15645123.494212642,-20435824.594152834,0.00010001383222237027,-0.3929101067142857,-0.3137923964285714,-0.22300851728571425,0.5500698308365856,7.8377762973229e-10
2025-09-05 20:15:00,MEO01,MEO,8040862.821517695,-13774928.3914216,-21237079.295108866,0.00010001464750000001,8040863.189432439,-13774928.046484035,-21237079.114615053,0.00010001374857680955,-0.3679147448571429,-0.34493756521428565,-0.18049381264285713,0.5356502588271669,8.989231904607437e-10
2025-09-05 20:30:00,MEO01,MEO,9662557.247218907,-11930575.3302386,-21672886.836407363,0.000100014679,9662557.59013829,-11930574.954155866,-21672886.698428255,0.00010001366493124882,-0.342919383,-0.376082734,-0.13797910800000002,0.5273235821528287,1.0140687511891977e-09
2025-09-05 20:45:00,MEO01,MEO,11397387.5393247,-10152560.10977031,-21735748.079740588,0.0001000147105,11397387.857248722,-10152559.702542406,-21735747.984276183,0.00010001358128568809,-0.31792402114285717,-0.40722790278571425,-0.0954644033571429,0.525379577386893,1.1292143119176516e-09
2025-09-05 21:00:00,MEO01,MEO,13211858.43799765,-8476542.712314568,-21424581.310975887,0.00010001474200000001,13211858.730926309,-8476542.273941496,-21424581.258026186,0.00010001349764012737,-0.2929286592857143,-0.4383730715714285,-0.05294969871428579,0.5298884976141949,1.2443598726461052e-09
2025-09-05 21:15:00,MEO01,MEO,15067156.545473844,-6932111.897643938,-20744741.07726409,0.00010001477350000001,15067156.813407142,-6932111.428125697,-20744741.066829097,0.00010001341399456663,-0.2679332974285714,-0.46951824035714285,-0.01043499407142856,0.5406889299775666,1.359505433374559e-09
2025-09-05 21:30:00,MEO01,MEO,16920515.425720155,-5541793.2816440305,-19707926.046174705,0.000100014805,16920515.668658093,-5541792.780980621,-19707926.078254417,0.0001000133303490059,-0.24293793557142856,-0.5006634091428571,0.032079710571428555,0.5574152829126612,1.4746509941030126e-09
2025-09-05 21:45:00,MEO01,MEO,18726743.702777248,-4320338.893536273,-18331977.695423108,0.0001000148365,18726743.92071982,-4320338.361727696,-18331977.770017523,0.00010001324670344517,-0.21794257371428571,-0.5318085779285714,0.07459441521428567,0.5795547047318118,1.5897965548314666e-09
2025-09-05 22:00:00,MEO01,MEO,20439857.640590046,-3274324.977547692,-16640573.297330232,0.00010001486800000001,20439857.83353726,-3274324.4145939453,-16640573.414439352,0.00010001316305788445,-0.19294721185714286,-0.5629537467142857,0.11710911985714278,0.6065147100085965,1.7049421155599203e-09
2025-09-05 22:15:00,MEO01,MEO,22014755.60300392,-2402072.8589125657,-14662818.481127124,0.0001000148995,22014755.770955767,-2402072.2648136504,-14662818.640750948,0.00010001307941232371,-0.16795185,-0.5940989154999999,0.1596238244999999,0.637684177837827,1.8200876762883743e-09
2025-09-05 22:30:00,MEO01,MEO,23408870.125625674,-1693895.1785068158,-12432746.384279752,0.000100014931,23408870.26858216,-1693894.5532627315,-12432746.58641828,0.00010001299576676298,-0.1429564881428571,-0.6252440842857142,0.20213852914285713,0.6724780348832651,1.935233237016828e-09
2025-09-05 22:45:00,MEO01,MEO,24583734.146047615,-1132657.1990250228,-9988732.011419144,0.00010001496250000001,24583734.26400874,-1132656.5426357698,-9988732.256072378,0.00010001291212120226,-0.11796112628571431,-0.6563892530714285,0.24465323378571424,0.7103639093197721,2.0503787977452816e-09
2025-09-05 23:00:00,MEO01,MEO,25506401.20422858,-694630.6855243482,-7372831.878569785,0.00010001499400000001,25506401.297194343,-694629.9979899263,-7372832.165737723,0.00010001282847564153,-0.0929657644285714,-0.6875344218571428,0.28716793842857147,0.7508739171495705,2.1655243584737353e-09
2025-09-05 23:15:00,MEO01,MEO,26150665.014665205,-350606.5359546812,-4630060.306055513,0.0001000150255,26150665.082635608,-350605.8172750906,-4630060.635738157,0.0001000127448300808,-0.06797040257142861,-0.718679590642857,0.3296826430714286,0.7936063096869062,2.2806699192021895e-09
2025-09-05 23:30:00,MEO01,MEO,26498031.510570873,-67222.32080312632,-1807614.8136090897,0.000100015057,26498031.553545915,-67221.57097836689,-1807615.1858064374,0.00010001266118452008,-0.042975040714285706,-0.7498247594285713,0.3721973477142857,0.838221265312482,2.395815479930643e-09
2025-09-05 23:45:00,MEO01,MEO,26538405.97033168,191547.4276228809,1045936.0529377626,0.00010001508850000001,26538405.988311358,191548.20859280913,1045935.6382257103,0.00010001257753895936,-0.0179796788571428,-0.7809699282142856,0.4147120523571428,0.8844339342184389,2.510961040659097e-09
2025-09-06 00:00:00,MEO01,MEO,26270468.790750626,462796.6349503384,3881488.487536164,0.00010001512,26270468.783734944,462797.4470654354,3881488.030309407,0.00010001249389339862,0.007015683,-0.812115097,0.457226757,0.9320066833987902,2.6261066013875503e-09
2025-09-06 00:15:00,MEO01,MEO,25701725.44692971,783051.3085047966,6650248.400540732,0.0001000151515,25701725.439179704,783052.0946101556,6650247.960777022,0.0001000125603682924,0.007750007453125,-0.78610535896875,0.439763709734375,0.9007851122294653,2.5911317076062e-09
2025-09-06 00:30:00,MEO01,MEO,24848228.712533824,1186655.4774603453,9304571.06574092,0.00010001518300000001,24848228.70404949,1186656.2375559662,9304570.643440258,0.00010001262684318618,0.00848433190625,-0.7600956209374999,0.42230066246875,0.8695718408376643,2.5561568138248497e-09
2025-09-06 00:45:00,MEO01,MEO,23733983.822494686,1704242.6977333315,11798780.989186263,0.00010001521450000001,23733983.81327603,1704243.4318192145,11798780.584348647,0.00010001269331807997,0.009218656359375,-0.73408588290625,0.404837615203125,0.8383677962509499,2.5211819200434986e-09
2025-09-06 01:00:00,MEO01,MEO,22390059.455943692,2361353.057943331,14089957.891528564,0.000100015246,22390059.44599071,2361353.766019476,14089957.504153995,0.00010001275979297374,0.0099529808125,-0.7080761448749999,0.38737456793749997,0.8071740485501628,2.4862070262621483e-09
2025-09-06 01:15:00,MEO01,MEO,20853438.729241546,3177249.9907291075,16138675.278726583,0.0001000152775,20853438.71855424,3177250.6727955146,16138674.908815064,0.00010001282626786751,0.010687305265624999,-0.68206640684375,0.369911520671875,0.7759918394959856,2.4512321324807976e-09
2025-09-06 01:30:00,MEO01,MEO,19165654.380489536,4163983.459360021,17909678.8918115,0.00010001530900000001,19165654.369067907,4163984.11541669,17909678.539363027,0.00010001289274276131,0.01142162971875,-0.6560566688124999,0.35244847340624996,0.7448226182959152,2.416257238699447e-09
2025-09-06 01:45:00,MEO01,MEO,17371260.611970536,5325736.551880548,19372493.360973556,0.0001000153405,17371260.599814583,5325737.181927479,19372493.025988128,0.00010001295921765508,0.012155954171875,-0.63004693078125,0.334985426140625,0.7136680866728721,2.3812823449180966e-09
2025-09-06 02:00:00,MEO01,MEO,15516200.3156363,6658481.542628319,20501946.624687273,0.000100015372,15516200.30274602,6658482.146665512,20501946.307164893,0.00010001302569254887,0.012890278625,-0.6040371927499999,0.317522378875,0.6825302561753359,2.346307451136746e-09
2025-09-06 02:15:00,MEO01,MEO,13646130.397397138,8149959.497982992,21278603.089687787,0.00010001540350000001,13646130.383772535,8149960.076010447,21278602.789628454,0.00010001309216744266,0.013624603078124999,-0.57802745471875,0.300059331609375,0.6514115217767781,2.3113325573553956e-09
2025-09-06 02:30:00,MEO01,MEO,11804769.484577073,9779984.972841525,21689098.07799743,0.00010001543500000001,11804769.470218144,9779985.524859242,21689097.79540115,0.00010001315864233643,0.01435892753125,-0.5520177166875,0.28259628434374995,0.6203147574108021,2.276357663574045e-09
2025-09-06 02:45:00,MEO01,MEO,10032331.38708088,11521064.750914082,21726367.805849116,0.0001000154665,10032331.371987628,11521065.27692206,21726367.54071588,0.00010001322511723022,0.015093251984375,-0.5260079786562499,0.265133237078125,0.589243441430639,2.241382769792694e-09
2025-09-06 03:00:00,MEO01,MEO,8364104.322100516,13339307.412311157,21389770.93703624,0.000100015498,8364104.30627294,13339307.912309397,21389770.68936605,0.00010001329159212399,0.015827576437499997,-0.4999982406249999,0.2476701898125,0.5582018234704541,2.206407876011344e-09
2025-09-06 03:15:00,MEO01,MEO,6829230.234640551,15195589.236489918,20685099.619004574,0.00010001552950000001,6829230.21807865,15195589.710478421,20685099.388797432,0.00010001335806701777,0.016561900890625002,-0.47398850259374997,0.230207142546875,0.5271951494767126,2.171432982229993e-09
2025-09-06 03:30:00,MEO01,MEO,5449730.771370823,17046932.003347892,19624479.81177609,0.000100015561,5449730.754074597,17046932.451326657,19624479.599031996,0.00010001342454191156,0.01729622534375,-0.44797876456249996,0.21274409528125,0.4962299698598656,2.1364580884486425e-09
2025-09-06 03:45:00,MEO01,MEO,4239816.893973024,18848040.02458515,18226162.624842815,0.0001000155925,4239816.875942474,18848040.446554177,18226162.429561768,0.00010001349101680533,0.018030549796875,-0.42196902653124996,0.19528104801562501,0.46531456864339543,2.1014831946672918e-09
2025-09-06 04:00:00,MEO01,MEO,3205508.1202635914,20552937.539696675,16514210.252696052,0.00010001562400000001,3205508.101498717,20552937.935655963,16514210.074878052,0.00010001355749169912,0.01876487425,-0.39595928849999995,0.17781800074999998,0.43445957239514416,2.0665083008859415e-09
2025-09-06 04:15:00,MEO01,MEO,2344575.3821618184,22116643.68576421,14518081.91340395,0.00010001565550000001,2344575.36266262,22116644.055713758,14518081.753048997,0.0001000136239665929,0.019499198703124998,-0.36994955046874994,0.160354953484375,0.40367883242631164,2.031533407104591e-09
2025-09-06 04:30:00,MEO01,MEO,1646808.952858652,23496820.74952479,12272126.91539188,0.000100015687,1646808.932625129,23496821.0934646,12272126.772499973,0.00010001369044148668,0.02023352315625,-0.34393981243749994,0.14289190621874998,0.3729907329970614,1.9965585133232405e-09
2025-09-06 04:45:00,MEO01,MEO,1094600.305956914,24655332.392180927,9814993.57571226,0.0001000157185,1094600.2849890664,24655332.710111,9814993.4502834,0.00010001375691638046,0.020967847609375,-0.31793007440624993,0.125428858953125,0.34242018267563684,1.9615836195418898e-09
2025-09-06 05:00:00,MEO01,MEO,663814.6135566253,25559651.96435397,7188964.1611239705,0.00010001575000000001,663814.5918544532,25559652.25627431,7188964.053158158,0.00010001382339127425,0.021702172062499997,-0.2919203363749999,0.10796581168749997,0.31200173646129625,1.9266087257605395e-09
2025-09-06 05:15:00,MEO01,MEO,324919.3380909413,26184066.768278178,4439227.296285351,0.0001000157815,324919.3156544448,26184067.034188777,4439227.205782587,0.00010001388986616802,0.022436496515625,-0.26591059834374997,0.09050276442187499,0.2817846572392262,1.8916338319791888e-09
2025-09-06 05:30:00,MEO01,MEO,44324.459145140136,26510631.95517394,1613100.3594420461,0.000100015813,44324.43597431917,26510632.1950748,1613100.286402329,0.00010001395634106181,0.02317082096875,-0.2399008603124999,0.07303971715625002,0.2518414382211721,1.856658938197838e-09
2025-09-06 05:45:00,MEO01,MEO,-214118.31533536687,26529837.365365777,-1240784.7534040576,0.00010001584450000001,-214118.3392405123,26529837.5792569,-1240784.8089807276,0.0001000140228159556,0.023905145421874996,-0.21389112228124996,0.055576669890624986,0.22228278026987408,1.8216840444164876e-09
2025-09-06 06:00:00,MEO01,MEO,-487516.15745509183,26240961.655587316,-4073318.4845057684,0.00010001587600000001,-487516.1820945617,26240961.8434687,-4073318.522619391,0.00010001408929084937,0.024639469875,-0.1878813842499999,0.03811362262500001,0.1932851940864019,1.786709150635137e-09
2025-09-06 06:15:00,MEO01,MEO,-812298.2285867953,25652100.085771084,-6835758.689963974,0.0001000159075,-812298.2539605896,25652100.24764273,-6835758.710614549,0.00010001415576574315,0.025373794328124998,-0.16187164621874994,0.02065057535937498,0.16514449900268358,1.7517342568537861e-09
2025-09-06 06:30:00,MEO01,MEO,-1222605.4216709891,24779864.891876947,-9480569.392880637,0.000100015939,-1222605.4477791078,24779865.027738854,-9480569.396068165,0.00010001422224063693,0.026108118781250002,-0.1358619081875,0.003187528093750003,0.13838443661768104,1.716759363072436e-09
2025-09-06 06:45:00,MEO01,MEO,-1748769.8377598068,23648769.767051216,-11962238.780828025,0.00010001597050000001,-1748769.86460225,23648769.876903385,-11962238.766552506,0.00010001428871553071,0.026842443234375,-0.10985217015624993,-0.014275519171875029,0.11398160594786733,1.6817844692910853e-09
2025-09-06 07:00:00,MEO01,MEO,-2415943.6245414205,22290322.12410721,-14238062.37156497,0.000100016002,-2415943.6521181883,22290322.207949642,-14238062.339826403,0.0001000143551904245,0.027576767687499996,-0.08384243212499998,-0.031738566437500004,0.0937942862877754,1.6468095755097348e-09
2025-09-06 07:15:00,MEO01,MEO,-3242931.0230692243,20741858.048652213,-16268877.870313507,0.0001000160335,-3242931.0513803163,20741858.10648491,-16268877.821111893,0.00010001442166531827,0.028311092140625,-0.057832694093749915,-0.04920161370312498,0.0810366413132217,1.6118346817283841e-09
2025-09-06 07:30:00,MEO01,MEO,-4241269.602805563,19045164.74017603,-18019739.073190637,0.00010001606500000001,-4241269.63185098,19045164.771998987,-18019739.006525975,0.00010001448814021206,0.029045416593749998,-0.03182295606249996,-0.06666466096874996,0.07937577577409033,1.5768597879470336e-09
2025-09-06 07:45:00,MEO01,MEO,-5414597.018432503,17244943.39615458,-19460517.22029521,0.0001000160965,-5414597.048212243,17244943.401967797,-19460517.1361675,0.00010001455461510584,0.029779741046874995,-0.0058132180312499004,-0.08412770823437504,0.08943208469819942,1.541884894165683e-09
2025-09-06 08:00:00,MEO01,MEO,-6758328.567508022,15387171.60671879,-20566419.450380567,0.000100016128,-6758328.5980220875,15387171.58652227,-20566419.34878981,0.00010001462108999962,0.0305140655,0.02019652000000005,-0.10159075550000002,0.10798004082472593,1.5069100003843326e-09
2025-09-06 08:15:00,MEO01,MEO,-8259658.793307198,13517428.158669148,-21318415.4355656,0.0001000161595,-8259658.824555588,13517428.11246289,-21318415.316511795,0.0001000146875648934,0.031248389953124997,0.04620625803125,-0.119053802765625,0.13147352626620068,1.471935106602982e-09
2025-09-06 08:30:00,MEO01,MEO,-9897887.827218087,11679244.549769675,-21703564.854569014,0.00010001619100000001,-9897887.859200802,11679244.477553679,-21703564.718052164,0.00010001475403978719,0.03198271440625,0.07221599606250007,-0.13651685003124997,0.15771776834125434,1.4369602128216314e-09
2025-09-06 08:45:00,MEO01,MEO,-11645060.585002614,9912546.43336313,-21715240.069316264,0.0001000162225,-11645060.617719652,9912546.335137397,-21715239.915336367,0.00010001482051468096,0.032717038859375,0.09822573409375002,-0.15397989729687495,0.18554920706254202,1.4019853190402807e-09
2025-09-06 09:00:00,MEO01,MEO,-13466894.80739192,8252244.691362636,-21353240.173109975,0.000100016254,-13466894.840843283,8252244.567127164,-21353240.00166703,0.00010001488698957475,0.033451363312499996,0.12423547212500008,-0.17144294456250003,0.2143504828122554,1.3670104252589302e-09
2025-09-06 09:15:00,MEO01,MEO,-15323962.736490656,6727030.006956761,-20623794.447825287,0.00010001628550000001,-15323962.770676343,6727029.856711551,-20623794.258919295,0.00010001495346446853,0.034185687765625,0.15024521015625003,-0.188905991828125,0.2437780920662728,1.3320355314775797e-09
2025-09-06 09:30:00,MEO01,MEO,-17173081.378323868,5358416.902221554,-19539455.170640055,0.000100016317,-17173081.41324388,5358416.725966605,-19539454.964271016,0.0001000150199393623,0.03492001221875,0.1762549481875001,-0.20636903909374998,0.2736300318137863,1.2970606376962292e-09
2025-09-06 09:45:00,MEO01,MEO,-18968858.19900971,4160073.526027726,-18118881.614876382,0.0001000163485,-18968858.234664045,4160073.32376304,-18118881.391044296,0.00010001508641425609,0.035654336671874995,0.20226468621875004,-0.22383208635937496,0.30378123361832526,1.2620857439148785e-09
2025-09-06 10:00:00,MEO01,MEO,-20665333.050816506,3137462.398397958,-16386518.96186221,0.00010001638,-20665333.087205168,3137462.170123534,-16386518.720567077,0.00010001515288914986,0.036388661125,0.2282744242500001,-0.24129513362500005,0.3341506979436759,1.227110850133528e-09
2025-09-06 10:15:00,MEO01,MEO,-22217653.358827244,2287805.267102862,-14372177.649083272,0.00010001641150000001,-22217653.39595023,2287805.0128186997,-14372177.39032509,0.00010001521936404365,0.037122985578124996,0.25428416228124995,-0.258758180890625,0.3646839006909081,1.1921359563521775e-09
2025-09-06 10:30:00,MEO01,MEO,-23583718.26476594,1600372.676674134,-12110520.393191218,0.000100016443,-23583718.30262325,1600372.3963802338,-12110520.11696999,0.00010001528583893744,0.03785731003125,0.2802939003125,-0.27622122815625,0.3953429060440354,1.1571610625708268e-09
2025-09-06 10:45:00,MEO01,MEO,-24725728.57355771,1057086.2744441777,-9640465.71515783,0.0001000164745,-24725728.612149343,1057085.9681405395,-9640465.421473553,0.00010001535231383121,0.038591634484375,0.3063036383437501,-0.293684275421875,0.4261005594280136,1.1221861687894763e-09
2025-09-06 11:00:00,MEO01,MEO,-25611582.936176524,633409.7688394701,-7004518.231690902,0.00010001650600000001,-25611582.975502484,633409.4365260937,-7004517.920543579,0.000100015418788725,0.0393259589375,0.33231337637500014,-0.31114732268749995,0.456936940484905,1.0872112750081256e-09
2025-09-06 11:15:00,MEO01,MEO,-26216066.590856615,299493.2800364308,-4248037.237240804,0.0001000165375,-26216066.630916897,299492.9217133164,-4248036.908630434,0.00010001548526361878,0.040060283390625,0.35832311440625,-0.32861036995312504,0.48783712021930165,1.0522363812267751e-09
2025-09-06 11:30:00,MEO01,MEO,-26521786.94648824,21526.01413766644,-1418456.1628056958,0.000100016569,-26521786.987282846,21525.629804814,-1418455.8167322786,0.00010001555173851255,0.04079460784375,0.38433285243750004,-0.34607341721875,0.518789698815747,1.0172614874454246e-09
2025-09-06 11:45:00,MEO01,MEO,-26519820.019508243,-236755.8715355458,1435533.6569315093,0.0001000166005,-26519820.061037175,-236756.28187813627,1435534.0204679738,0.00010001561821340634,0.041528932296875,0.4103425904687501,-0.363536464484375,0.5497858262815821,9.822865936640741e-10
2025-09-06 12:00:00,MEO01,MEO,-26210042.85317734,-512465.35101553006,4264820.862429783,0.00010001663200000001,-26210042.895440597,-512465.7873678586,4264821.243429295,0.00010001568468830013,0.04226325675,0.43635232850000016,-0.38099951174999996,0.580818530534475,9.473116998827236e-10
2025-09-06 12:15:00,MEO01,MEO,-25601139.126386974,-841927.416482083,7020719.175893153,0.0001000166635,-25601139.169384554,-841927.8788441495,7020719.574355712,0.0001000157511631939,0.042997581203124996,0.46236206653125,-0.39846255901562494,0.6118822464278955,9.123368061013728e-10
2025-09-06 12:30:00,MEO01,MEO,-24710277.731549792,-1259072.9101282498,9655805.193077147,0.000100016695,-24710277.775281698,-1259073.3985000544,9655805.609002754,0.00010001581763808769,0.04373190565625,0.48837180456250007,-0.41592560628125,0.6429724792122796,8.773619123200223e-10
2025-09-06 12:45:00,MEO01,MEO,-23562476.682069622,-1793926.243954448,12124734.4436147,0.00010001672650000001,-23562476.726535853,-1793926.7583359906,12124734.877003355,0.00010001588411298147,0.044466230109375,0.5143815425937501,-0.433388653546875,0.6740855598545626,8.423870185386718e-10
2025-09-06 13:00:00,MEO01,MEO,-22189676.81341944,-2471246.316113959,14385021.677115714,0.000100016758,-22189676.85861999,-2471246.85650524,14385022.127967415,0.00010001595058787524,0.0452005545625,0.540391280625,-0.4508517008125,0.7052184643313085,8.074121247573214e-10
2025-09-06 13:15:00,MEO01,MEO,-20629560.900469564,-3309374.002474034,16397771.947907021,0.0001000167895,-20629560.946404442,-3309374.568875053,16397772.41622177,0.00010001601706276903,0.045934879015625,0.56640101865625,-0.46831474807812495,0.7363686782532887,7.724372309759705e-10
2025-09-06 13:30:00,MEO01,MEO,-18924163.59641938,-4319331.605574974,18128349.917933423,0.000100016821,-18924163.643088583,-4319332.19798573,18128350.40371122,0.0001000160835376628,0.04666920346875,0.5924107566875001,-0.48577779534375004,0.7675340941225336,7.374623371946201e-10
2025-09-06 13:45:00,MEO01,MEO,-17118325.62768847,-5504209.889214013,19546975.86047271,0.00010001685250000001,-17118325.675092,-5504210.5076345075,19546976.36371355,0.00010001615001255659,0.047403527921875,0.6184204947187502,-0.5032408426093751,0.7987129324217916,7.024874434132696e-10
2025-09-06 14:00:00,MEO01,MEO,-15258051.644341977,-6858867.192534551,20629238.108659424,0.000100016884,-15258051.69247983,-6858867.836964784,20629238.629363313,0.00010001621648745037,0.048137852375,0.64443023275,-0.520703889875,0.8299036803415518,6.675125496319191e-10
2025-09-06 14:15:00,MEO01,MEO,-13388834.796798885,-8369953.0330746,21356513.130615506,0.0001000169155,-13388834.845671061,-8369953.70351457,21356513.668782443,0.00010001628296234415,0.048872176828124995,0.6704399707812501,-0.538166937140625,0.8611050437202215,6.325376558505683e-10
2025-09-06 14:30:00,MEO01,MEO,-11554012.34501729,-10016256.040884357,21716286.00255199,0.00010001694700000001,-11554012.394623792,-10016256.737334065,21716286.558181975,0.00010001634943723795,0.04960650128125,0.6964497088125001,-0.55562998440625,0.8923159089950558,5.975627620692179e-10
2025-09-06 14:45:00,MEO01,MEO,-9793215.358555794,-11769363.501333833,21702365.765151456,0.0001000169785,-9793215.40889662,-11769364.22379328,21702366.338244487,0.00010001641591213172,0.050340825734375,0.72245944684375,-0.573093031671875,0.9235353128171421,5.625878682878674e-10
2025-09-06 15:00:00,MEO01,MEO,-8140971.883320218,-13594607.708265025,21314991.957384612,0.00010001701,-8140971.934395368,-13594608.45673421,21314992.54794069,0.00010001648238702549,0.0510751501875,0.748469184875,-0.5905560789375,0.9547624175909719,5.276129745065169e-10
2025-09-06 15:15:00,MEO01,MEO,-6625516.975891753,-15452263.20858189,20560830.49453199,0.0001000170415,-6625517.027701228,-15452263.983060814,20560831.102551114,0.00010001654886191928,0.051809474640625,0.7744789229062501,-0.6080191262031251,0.985996491635429,4.926380807251661e-10
2025-09-06 15:30:00,MEO01,MEO,-5267854.970246825,-17298949.28406432,19452858.961340785,0.00010001707300000001,-5267855.022790625,-17298950.08455298,19452859.586822957,0.00010001661533681306,0.052543799093749996,0.8004886609375002,-0.6254821734687501,1.0172368929801494,4.576631869438156e-10
2025-09-06 15:45:00,MEO01,MEO,-4081109.555108172,-19089184.042592518,18010143.294189416,0.0001000171045,-4081109.6083862954,-19089184.86909092,18010143.93713464,0.00010001668181170684,0.053278123546875,0.82649839896875,-0.6429452207343751,1.048483056044187,4.2268829316246513e-10
2025-09-06 16:00:00,MEO01,MEO,-3070186.0815101685,-20777030.58737038,16257509.69510327,0.000100017136,-3070186.1355226166,-20777031.439878516,16257510.355511537,0.00010001674828660062,0.054012448,0.852508137,-0.660408268,1.0797344806168427,3.877133993811145e-10
2025-09-06 16:15:00,MEO01,MEO,-2231758.4208108196,-22317772.127476443,14225117.42331766,0.00010001716750000001,-2231758.4348446256,-22317772.947343074,14225118.126390079,0.0001000174684347003,0.014033805999999996,0.8198666320000001,-0.7030724195,1.0801338199683654,-3.009347002985646e-10
2025-09-06 16:30:00,MEO01,MEO,-1554580.1210395498,-23669551.72570801,11947939.815771654,0.000100017199,-1554580.0950947138,-23669552.51293314,11947940.561508225,0.00010001818858279999,-0.025944836000000006,0.787225127,-0.7457365709999999,1.0846748676087554,-9.895827999782438e-10
2025-09-06 16:45:00,MEO01,MEO,-1020107.0501581132,-24794913.6954995,9465162.467118515,0.0001000172305,-1020106.9842346353,-24794914.45008312,9465163.255519237,0.00010001890873089966,-0.06592347800000001,0.754583622,-0.7884007224999999,1.0933060169873654,-1.6782308996579227e-09
2025-09-06 17:00:00,MEO01,MEO,-603406.6539850873,-25662187.407097727,6819508.925349474,0.000100017262,-603406.5480829673,-25662188.129039843,6819509.756414348,0.00010001962887899934,-0.10590212,0.721942117,-0.831064874,1.105931509685646,-2.3668789993376017e-09
2025-09-06 17:15:00,MEO01,MEO,-274317.8603921961,-26246660.299507417,4056505.5064342027,0.00010001729350000001,-274317.65896665986,-26246660.94540498,4056506.3265769794,0.00010001900698919993,-0.20142553625,0.6458975622500001,-0.82014277675,1.0631980445003146,-1.7134891999184317e-09
2025-09-06 17:30:00,MEO01,MEO,1184.0411606545094,-26531494.985938977,1223697.879029618,0.000100017325,1184.3381096070095,-26531495.555791985,1223698.6882502977,0.0001000183850994005,-0.29694895250000003,0.5698530075,-0.8092206795,1.033319523999273,-1.0600994004992613e-09
2025-09-06 17:45:00,MEO01,MEO,259471.1496226734,-26508355.174158733,-1630167.0997678305,0.0001000173565,259471.54209504215,-26508355.667967185,-1630166.3014692483,0.00010001776320960108,-0.39247236875,0.49380845275,-0.7982985822499999,1.0174291005578446,-4.06709601080091e-10
2025-09-06 18:00:00,MEO01,MEO,537654.7953933007,-26177716.31945294,-4455980.2186766695,0.00010001738800000001,537655.2833890857,-26177716.737216838,-4455979.431300185,0.00010001714131980167,-0.487995785,0.417763898,-0.787376485,1.0161831969585386,2.4668019833907896e-10
2025-09-06 18:15:00,MEO01,MEO,871948.4968437967,-25548849.054448236,-7205114.981863336,0.0001000174195,871949.0294560024,-25548849.453452352,-7205114.22680409,0.00010001724947747645,-0.53261220575,0.399004118,-0.75505924625,1.0064762854843905,1.7002252354860775e-10
2025-09-06 18:30:00,MEO01,MEO,1296066.1684544124,-24639476.028378554,-9830264.372027157,0.000100017451,1296066.7456830388,-24639476.40862289,-9830263.649285149,0.00010001735763515124,-0.5772286265,0.380244338,-0.7227420075,1.0000673243523481,9.336484875813651e-11
2025-09-06 18:45:00,MEO01,MEO,1839718.3539982205,-23475115.35232788,-12286254.907939281,0.00010001748250000001,1839718.9758432677,-23475115.713812437,-12286254.217514513,0.00010001746579282604,-0.62184504725,0.361484558,-0.69042476875,0.9970199144276413,1.6707173967665297e-11
2025-09-06 19:00:00,MEO01,MEO,2527265.4638359044,-22088135.9012056,-14530823.988169927,0.00010001751400000001,2527266.1302973726,-22088136.243930377,-14530823.330062397,0.00010001757395050083,-0.666461468,0.342724778,-0.65810753,0.9973648694567927,-5.995050082280589e-11
2025-09-06 19:15:00,MEO01,MEO,3376580.9180114428,-20516560.802145664,-16525347.144492337,0.0001000175455,3376581.728547526,-20516561.198837575,-16525346.548976919,0.00010001757655568635,-0.8105360833892215,0.39669191264071857,-0.5955154191616766,1.081190006654611,-3.105568634722018e-11
2025-09-06 19:30:00,MEO01,MEO,4398168.971381697,-18802665.114739545,-18235502.690414976,0.000100017577,4398169.925992396,-18802665.565398593,-18235502.15749167,0.00010001757916087188,-0.9546106987784431,0.45065904728143713,-0.5329233083233533,1.1825322049200977,-2.160871871634476e-12
2025-09-06 19:45:00,MEO01,MEO,5594572.137519781,-16991421.607342713,-19631862.327594258,0.00010001760850000001,5594573.2362050945,-16991422.111968894,-19631861.857263062,0.00010001758176605741,-1.0986853141676645,0.5046261819221557,-0.47033119748502994,1.29729273426499,2.673394260395123e-11
2025-09-06 20:00:00,MEO01,MEO,6960091.915717344,-15128854.350622948,-20690397.546987902,0.00010001764,6960093.158477274,-15128854.909216264,-20690397.139248814,0.00010001758437124293,-1.242759929556886,0.5585933165628743,-0.40773908664670655,1.4222270910794936,5.562875707953694e-11
2025-09-06 20:15:00,MEO01,MEO,8480834.39347462,-13260363.359954162,-21392893.11062071,0.0001000176715,8480835.780309165,-13260363.972514613,-21392892.765473735,0.00010001758697642844,-1.3868345449461077,0.6125604512035928,-0.3451469758083832,1.5548848177097556,8.452357155512264e-11
2025-09-06 20:30:00,MEO01,MEO,10135079.71433742,-11429084.586801453,-21727260.49877811,0.00010001770300000001,10135081.24524658,-11429085.253329039,-21727260.216223244,0.00010001758958161399,-1.530909160335329,0.6665275858443114,-0.2825548649700598,1.6934518391759232,1.1341838603070836e-10
2025-09-06 20:45:00,MEO01,MEO,11893961.854224276,-9674348.144773316,-21687745.928841453,0.00010001773450000001,11893963.529208051,-9674348.865268037,-21687745.7088787,0.0001000175921867995,-1.6749837757245505,0.7204947204850299,-0.2199627541317365,1.8365911097444882,1.4231320050629405e-10
2025-09-06 21:00:00,MEO01,MEO,13722433.123464148,-8030293.8134348355,-21275029.366183355,0.000100017766,13722434.942522539,-8030294.587896691,-21275029.208812714,0.00010001759479198502,-1.819058391113772,0.7744618551257485,-0.1573706432934131,1.9833129139641135,1.7120801498187975e-10
2025-09-06 21:15:00,MEO01,MEO,15580476.771535315,-6524696.740977598,-20496212.82334678,0.0001000177975,15580478.734668322,-6524697.569406589,-20496212.728568245,0.00010001759739717054,-1.9631330065029937,0.8284289897664671,-0.09477853245508971,2.1328780467999837,2.0010282945746545e-10
2025-09-06 21:30:00,MEO01,MEO,17424521.443796158,-5178048.10217311,-19364698.148855023,0.00010001782900000001,17424523.55100378,-5178048.984569234,-19364698.1166686,0.00010001760000235608,-2.1072076218922153,0.8823961244071856,-0.032186421616766436,2.284728178113528,2.2899764393305115e-10
2025-09-06 21:45:00,MEO01,MEO,19209003.396517534,-4002925.5764602916,-17899956.40865915,0.0001000178605,19209005.64779977,-4002926.5128235505,-17899956.439064838,0.0001000176026075416,-2.251282237281437,0.9363632590479042,0.030405689221556953,2.438436460261116,2.578924584086369e-10
2025-09-06 22:00:00,MEO01,MEO,20888016.621599264,-3003677.2748983707,-16127192.828699352,0.000100017892,20888017.55632691,-3003677.4908239786,-16127193.394063955,0.00010001263500559957,-0.934727645,0.215925608,0.565364603,1.1135424432156877,5.25699440043952e-09
2025-09-06 22:15:00,MEO01,MEO,22416987.58803102,-2176430.5984880077,-14076913.064234942,0.00010001792350000001,22416988.4791745,-2176430.773143593,-14076913.680374825,0.0001000140163735247,-0.8911434782500001,0.17465558575,0.61613988225,1.0973921937758753,3.9071264753097966e-09
2025-09-06 22:30:00,MEO01,MEO,23754310.30676402,-1509424.9235420004,-11784398.25956992,0.00010001795500000001,23754311.154323332,-1509425.0569275639,-11784398.926485082,0.00010001539774144983,-0.8475593115,0.1333855635,0.6669151615,1.086703422143842,2.5572585501800717e-09
2025-09-06 22:45:00,MEO01,MEO,24862878.908084966,-983654.4689049022,-9289097.931322886,0.0001000179865,24862879.712060113,-983654.5610204434,-9289098.649013326,0.00010001677910937496,-0.80397514475,0.09211554125,0.71769044075,1.0816380517804896,1.2073906250503473e-09
2025-09-06 23:00:00,MEO01,MEO,25711458.828718774,-573795.6896926928,-6633951.122490246,0.000100018018,25711459.589109752,-573795.7405382119,-6633951.890955966,0.00010001816047730009,-0.760390978,0.050845519,0.76846572,1.0822750431573733,-1.4247730007937692e-10
2025-09-06 23:15:00,MEO01,MEO,26275843.888969332,-249382.5270220996,-3864647.508858864,0.00010001804950000001,26275844.582888216,-249382.5144129431,-3864648.28514794,0.00010001876574005049,-0.6939188844999999,-0.012609156500000003,0.7762890757500001,1.0413006953911799,-7.162400504751857e-10
2025-09-06 23:30:00,MEO01,MEO,26539754.75949016,23816.751261093887,-1028841.1726204045,0.000100018081,26539755.386936948,23816.827324925885,-1028841.956732836,0.00010001937100280087,-0.627446791,-0.076063832,0.7841124315,1.0071283370591675,-1.2900028008709945e-09
2025-09-06 23:45:00,MEO01,MEO,26495444.25537157,282275.1867112785,1824669.4274483742,0.0001000181125,26495444.81634627,282275.32622978603,1824668.635512587,0.00010001997626555126,-0.5609746975000001,-0.13951850749999997,0.7919357872499999,0.9804694366973002,-1.863765551266803e-09
2025-09-07 00:00:00,MEO01,MEO,26143986.16832161,563095.020849993,4646781.1782030845,0.00010001814400000001,26143986.662824214,563095.223823176,4646780.3784439415,0.00010002058152830168,-0.494502604,-0.202973183,0.799759143,0.9619488682835625,-2.437528301662612e-09
2025-09-07 00:15:00,MEO01,MEO,25495236.52038157,902371.0135601638,7388931.276828099,0.00010001817550000001,25495237.005663466,902371.2904036983,7388930.495306792,0.00010001980955170121,-0.48528189525,-0.2768435345,0.7815213074999999,0.9606853879019884,-1.6340517011938972e-09
2025-09-07 00:30:00,MEO01,MEO,24567468.724695537,1333593.3134187385,10003932.897891276,0.000100018207,24567469.200756725,1333593.6641326246,10003932.134607803,0.00010001903757510072,-0.4760611865,-0.350713886,0.7632834719999999,0.9655237655041865,-8.305751007251821e-10
2025-09-07 00:45:00,MEO01,MEO,23386696.68356854,1886152.472916713,12446787.182629684,0.0001000182385,23386697.15040902,1886152.8975009504,12446786.437584048,0.00010001826559850026,-0.46684047775000004,-0.4245842375,0.7450456365,0.9763732927866242,-2.7098500256467067e-11
2025-09-07 01:00:00,MEO01,MEO,21985711.856863286,2584005.2476537637,14675457.577775175,0.00010001827000000001,21985712.314483054,2584005.7461083527,14675456.850967374,0.0001000174936218998,-0.457619769,-0.498454589,0.726807801,0.9930369629924296,7.763781002122475e-10
2025-09-07 01:15:00,MEO01,MEO,20402871.331075273,3444553.5949094975,16651593.19913211,0.0001000183015,20402871.76502713,3444554.166330581,16651592.548376268,0.00010001749775042486,-0.43395185375,-0.57142108375,0.6507558435,0.9686688981155958,8.03749575147751e-10
2025-09-07 01:30:00,MEO01,MEO,18680683.48645951,4477781.033965824,18341188.772284497,0.000100018333,18680683.896743447,4477781.678353403,18341188.19758061,0.00010001750187894991,-0.4102839385,-0.6443875785,0.574703886,0.9559564938320501,8.311210500832545e-10
2025-09-07 01:45:00,MEO01,MEO,16864245.62685581,5685680.567266433,19715169.794198666,0.00010001836450000001,16864246.01347183,5685681.284620506,19715169.295546737,0.00010001750600747499,-0.38661602325,-0.71735407325,0.4986519285,0.9553651457106753,8.584925250187582e-10
2025-09-07 02:00:00,MEO01,MEO,14999593.604448818,7061997.073010393,20749892.846281655,0.00010001839600000001,14999594.37033215,7061996.40146665,20749892.412030254,0.00010001900971979878,-0.765883333,0.671543743,0.434251402,1.1073041852483916,-6.137197987815957e-10
2025-09-07 02:15:00,MEO01,MEO,13132026.820818616,8592294.902429365,21427552.449521314,0.0001000184275,13132027.537277639,8592294.30072384,21427551.96437187,0.00010001902073364883,-0.7164590225,0.60170552575,0.4851494415,1.053913208583848,-5.932336488264824e-10
2025-09-07 02:30:00,MEO01,MEO,11304472.887048354,10254348.81953853,21736487.46056311,0.000100018459,11304473.554083066,10254348.287671221,21736486.924515627,0.00010001903174749887,-0.667034712,0.5318673085,0.536047481,1.0075539899927957,-5.727474988713692e-10
2025-09-07 02:45:00,MEO01,MEO,9555954.644787632,12018843.894391695,21671381.73626696,0.00010001849050000001,9555955.262398034,12018843.432362603,21671381.14932144,0.00010001904276134892,-0.6176104014999999,0.46202909125,0.5869455205,0.9692360565090983,-5.522613489162559e-10
2025-09-07 03:00:00,MEO01,MEO,7920218.24827074,13850357.987112511,21233355.61371748,0.000100018522,7920218.816456831,13850357.594921637,21233354.97587392,0.00010001905377519897,-0.568186091,0.392190874,0.63784356,0.9399433614256859,-5.317751989611426e-10
2025-09-07 03:15:00,MEO01,MEO,6424574.739262427,15708589.502041113,20429946.631501388,0.0001000185535,6424575.2993675275,15708589.164318142,20429945.972287998,0.0001000189225098493,-0.5601051002499999,0.3377229705,0.65921339175,0.9286209258852319,-3.6900984930714965e-10
2025-09-07 03:30:00,MEO01,MEO,5088999.255129964,17549783.57290052,19274979.824000794,0.00010001858500000001,5088999.807154073,17549783.289645452,19274979.14341757,0.00010001879124449967,-0.5520241095,0.283255067,0.6805832235,0.9209547082023597,-2.0624449965315672e-10
2025-09-07 03:45:00,MEO01,MEO,3925522.0153548894,19328302.128949415,17788329.820672136,0.0001000186165,3925522.559298008,19328301.90016225,17788329.118719082,0.00010001865997915,-0.54394311875,0.2287871635,0.70195305525,0.9170364084335266,-4.347914999916373e-11
2025-09-07 04:00:00,MEO01,MEO,2937933.920231594,20998277.686812915,15995578.84410087,0.000100018648,2937934.4560937216,20998277.512493655,15995578.120777983,0.00010001852871380035,-0.535862128,0.17431926,0.723322887,0.9169140763941029,1.1928619965482923e-10
2025-09-07 04:15:00,MEO01,MEO,2121817.404517077,22515287.429916654,13927576.491986163,0.0001000186795,2121817.9667136166,22515287.350484446,13927575.769945249,0.00010001865472529986,-0.5621965394999999,0.07943220625,0.72204091425,0.9185409660251923,2.4774700136052112e-11
2025-09-07 04:30:00,MEO01,MEO,1464900.5897052782,23837983.304212734,11619908.878315529,0.00010001871100000001,1464901.178236229,23837983.31966758,11619908.157556588,0.00010001878073679939,-0.588530951,-0.015454847500000007,0.7207589415,0.9306454665168756,-6.9736799382725e-11
2025-09-07 04:45:00,MEO01,MEO,947720.258380766,24929615.507636387,9112286.26872916,0.0001000187425,947720.8732461286,24929615.61797829,9112285.549252192,0.00010001890674829891,-0.6148653625,-0.11034190125000001,0.71947696875,0.952828346416819,-1.6424829890150208e-10
2025-09-07 05:00:00,MEO01,MEO,544567.216761129,25759390.81794141,6447859.74762051,0.000100018774,544567.857960903,25759391.023170363,6447859.029425514,0.00010001903275979842,-0.641199774,-0.205228955,0.718194996,0.9844085160275093,-2.5875979842027914e-10
2025-09-07 05:15:00,MEO01,MEO,224676.67923626304,26303613.532288224,3672478.675748993,0.00010001880550000001,224677.31985813152,26303613.785292275,3672478.018146458,0.00010001886519064857,-0.6406218685,-0.253004053,0.65760253525,0.9522859463428438,-5.969064855527488e-11
2025-09-07 05:30:00,MEO01,MEO,-46383.17597247241,26546565.137867413,833901.7160008283,0.000100018837,-46382.53592850941,26546565.438646566,833901.1189907538,0.0001000186976214987,-0.640043963,-0.30077915099999997,0.5970100745,0.9254973804952241,1.393785013097294e-10
2025-09-07 05:45:00,MEO01,MEO,-305179.00135903154,26481088.873617746,-2019024.9960532265,0.0001000188685,-305178.36189297406,26481089.222171996,-2019025.5324708403,0.00010001853005234883,-0.6394660575,-0.348554249,0.5364176137500001,0.9045168652555858,3.384476511747336e-10
2025-09-07 06:00:00,MEO01,MEO,-588796.5059690396,26108856.690975644,-4837208.394792919,0.0001000189,-588795.8670808877,26108857.08730499,-4837208.870618072,0.00010001836248319896,-0.638888152,-0.396329347,0.475825153,0.8897553586727618,5.375168010397379e-10
2025-09-07 06:15:00,MEO01,MEO,-933204.4277507402,25440308.33825488,-7572153.276350507,0.00010001893150000001,-933203.7549939686,25440308.754025564,-7572153.685162978,0.00010001841275937429,-0.6727567715,-0.4157706825,0.4088124715,0.8902778054515104,5.187406257231461e-10
2025-09-07 06:30:00,MEO01,MEO,-1371662.351190553,24494264.906841114,-10176796.802423561,0.000100018963,-1371661.644565162,24494265.342053134,-10176797.144223351,0.0001000184630355496,-0.706625391,-0.435212018,0.34179979,0.897527737878657,4.999644504065543e-10
2025-09-07 06:45:00,MEO01,MEO,-1933234.7716570608,23297231.70067581,-12606318.355994426,0.0001000189945,-1933234.0311630503,23297232.155329164,-12606318.630781535,0.00010001851331172492,-0.7404940105000001,-0.4546533535,0.2747871085,0.9113446145300694,4.811882750899624e-10
2025-09-07 07:00:00,MEO01,MEO,-2641469.6952414615,21882417.239786122,-14818910.812979203,0.00010001902600000001,-2641468.9208788313,21882417.71388081,-14818911.02075363,0.00010001856358790024,-0.77436263,-0.474094689,0.207774427,0.9314362401118512,4.624120997733706e-10
2025-09-07 07:15:00,MEO01,MEO,-3513293.693939521,20288506.122341402,-16776499.957793351,0.0001000190575,-3513292.9037672053,20288506.62413966,-16776500.05944642,0.00010001876109322549,-0.79017231575,-0.5017982587500001,0.1016530685,0.9415450745438135,2.964067745159887e-10
2025-09-07 07:30:00,MEO01,MEO,-4558166.956922644,18558232.92636489,-18445399.66315733,0.000100019089,-4558166.150940643,18558233.45586672,-18445399.65868904,0.00010001895859855075,-0.8059820015000001,-0.5295018285,-0.004468290000000014,0.9643646295578835,1.3040144925860676e-10
2025-09-07 07:45:00,MEO01,MEO,-5777531.813279206,16736811.966592625,-19796891.559824955,0.0001000191205,-5777530.991487519,16736812.523798022,-19796891.449235305,0.00010001915610387599,-0.8217916872500001,-0.55720539825,-0.1105896485,0.9990242756947884,-3.5603875998775165e-11
2025-09-07 08:00:00,MEO01,MEO,-7164576.839045438,14870283.239225626,-20807719.221303884,0.00010001915200000001,-7164576.001444065,14870283.824134594,-20807719.004592877,0.00010001935360920127,-0.837601373,-0.584908968,-0.216711007,1.0443458342202858,-2.0160920125615704e-10
2025-09-07 08:15:00,MEO01,MEO,-8704326.440743279,13003838.074519979,-21460488.359649274,0.0001000191835,-8704325.609120999,13003838.645264853,-21460488.15354629,0.00010001938409026433,-0.8316222810714287,-0.5707448733809524,-0.20610298714285716,1.0294774257720731,-2.005902643249856e-10
2025-09-07 08:30:00,MEO01,MEO,-10374053.201442134,11180188.751309866,-21743966.145777833,0.000100019215,-10374052.375798944,11180189.307890644,-21743965.950282864,0.0001000194145713274,-0.8256431891428572,-0.5565807787619048,-0.1954949672857143,1.0147350005293199,-1.995713273938142e-10
2025-09-07 08:45:00,MEO01,MEO,-12143997.770799847,9438044.580536759,-21653274.5036082,0.00010001924650000001,-12143996.95113575,9438045.122953443,-21653274.318721253,0.00010001944505239047,-0.8196640972142858,-0.5424166841428572,-0.18488694742857142,1.0001241297099563,-1.9855239046264276e-10
2025-09-07 09:00:00,MEO01,MEO,-13978369.16101842,7810752.8043819275,-21189974.051827647,0.000100019278,-13978368.347333414,7810753.332634517,-21189973.87754872,0.00010001947553345354,-0.8136850052857143,-0.5282525895238095,-0.1742789275714286,0.9856506636536448,-1.9753345353147134e-10
2025-09-07 09:15:00,MEO01,MEO,-15836587.436971584,6325156.244620707,-20362037.248818927,0.0001000193095,-15836586.629265672,6325156.758709202,-20362037.085148018,0.0001000195060145166,-0.8077059133571429,-0.5140884949047619,-0.16367090771428572,0.9713207447066897,-1.9651451660029994e-10
2025-09-07 09:30:00,MEO01,MEO,-17674721.381255828,5000711.216410531,-19183711.202868022,0.000100019341,-17674720.579529006,5000711.716334931,-19183711.049805135,0.00010001953649557967,-0.8017268214285714,-0.4999244002857143,-0.15306288785714287,0.9571408202757626,-1.954955796691285e-10
2025-09-07 09:45:00,MEO01,MEO,-19447066.137370493,3848899.127302654,-17675272.508410916,0.00010001937250000001,-19447065.341622762,3848899.6130629596,-17675272.36595605,0.00010001956697664275,-0.7957477295000001,-0.48576030566666667,-0.142454868,0.9431176559595712,-1.9447664273795708e-10
2025-09-07 10:00:00,MEO01,MEO,-21107800.379627354,2872953.7962134276,-15862678.327086708,0.000100019404,-21107799.58985872,2872954.2678096388,-15862678.195239859,0.0001000195974577058,-0.7897686375714286,-0.47159621104761906,-0.13184684814285716,0.929258348647515,-1.9345770580678566e-10
2025-09-07 10:15:00,MEO01,MEO,-22612659.437720936,2067914.2935428414,-13777119.717786131,0.0001000194355,-22612658.65393139,2067914.7509749578,-13777119.596547304,0.00010001962793876887,-0.7837895456428572,-0.45743211642857146,-0.12123882828571429,0.9155703394515637,-1.9243876887561423e-10
2025-09-07 10:30:00,MEO01,MEO,-23920560.137991652,1421000.4944473049,-11454484.901972039,0.00010001946700000001,-23920559.360181198,1421000.9377153267,-11454484.79134123,0.00010001965841983195,-0.7778104537142858,-0.44326802180952385,-0.11063080842857144,0.9020614263118177,-1.914198319444428e-10
2025-09-07 10:45:00,MEO01,MEO,-24995114.93818012,912296.0399507387,-8934741.700388167,0.0001000194985,-24995114.166348755,912296.4690546659,-8934741.600365378,0.00010001968890089502,-0.7718313617857143,-0.4291039271904762,-0.10002278857142859,0.8887397760874014,-1.904008950132714e-10
2025-09-07 11:00:00,MEO01,MEO,-25805977.158042144,515711.49811265664,-6261249.768163018,0.00010001953,-25805976.392189875,515711.9130524892,-6261249.678748249,0.00010001971938195809,-0.7658522698571429,-0.4149398325714286,-0.08941476871428572,0.8756139359123817,-1.8938195808209998e-10
2025-09-07 11:15:00,MEO01,MEO,-26329965.581461992,200189.66998517886,-3480014.46334036,0.0001000195615,-26329964.821588814,200190.0707609168,-3480014.384533611,0.00010001974986302114,-0.7598731779285715,-0.400775737952381,-0.07880674885714287,0.862692843561354,-1.8836302115092855e-10
2025-09-07 11:30:00,MEO01,MEO,-26551925.176749755,-68894.38812795153,-638895.1882483771,0.00010001959300000001,-26551924.422855668,-68894.0015163082,-638895.1200496481,0.00010001978034408422,-0.7538940860000001,-0.3866116433333333,-0.06819872900000001,0.8499858365313456,-1.8734408421975715e-10
2025-09-07 11:45:00,MEO01,MEO,-26465290.823515765,-328193.5912999066,2213218.1734663798,0.0001000196245,-26465290.075600773,-328193.2188523579,2213218.231057089,0.00010001981082514729,-0.7479149940714286,-0.37244754871428576,-0.05759070914285716,0.8375026595060594,-1.863251472885857e-10
2025-09-07 12:00:00,MEO01,MEO,-26072332.355172988,-614769.6754826847,5027246.552289491,0.000100019656,-26072331.613237087,-614769.3171992307,5027246.599272179,0.00010001984130621036,-0.7419359021428572,-0.3582834540952381,-0.04698268928571431,0.8252534698257669,-1.8530621035741427e-10
2025-09-07 12:15:00,MEO01,MEO,-25384071.48463456,-964458.1157777822,7754766.243793108,0.00010001968750000001,-25384070.74867775,-964457.7716584227,7754766.280167777,0.00010001987178727344,-0.7359568102142857,-0.3441193594761905,-0.03637466942857143,0.8132488405421354,-1.8428727342624287e-10
2025-09-07 12:30:00,MEO01,MEO,-24419873.803642925,-1410281.1756099174,10348842.182093335,0.000100019719,-24419873.073665205,-1410280.8456546525,10348842.207859986,0.00010001990226833651,-0.7299777182857143,-0.3299552648571429,-0.025766649571428574,0.8014997605930408,-1.8326833649507145e-10
2025-09-07 12:45:00,MEO01,MEO,-23206731.545832943,-1980971.2856906084,12764835.59686186,0.0001000197505,-23206730.82183432,-1980970.969899438,12764835.612020489,0.00010001993274939956,-0.723998626357143,-0.3157911702380952,-0.01515862971428572,0.7900176315894414,-1.8224939956390002e-10
2025-09-07 13:00:00,MEO01,MEO,-21778264.697271284,-2699662.680986656,14961172.155766245,0.000100019782,-21778263.97925175,-2699662.37935958,14961172.160316855,0.00010001996323046263,-0.7180195344285715,-0.3016270756190476,-0.004550609857142868,0.7788142606665552,-1.8123046263272862e-10
2025-09-07 13:15:00,MEO01,MEO,-20173478.866455138,-3582802.7108251983,16900057.37416272,0.00010001981350000001,-20173478.154414695,-3582802.4233622174,16900057.368105307,0.00010001999371152571,-0.7120404425,-0.287462981,0.006057409999999985,0.7679018488172237,-1.802115257015572e-10
2025-09-07 13:30:00,MEO01,MEO,-18435327.67035894,-4639325.7335629575,18548126.981299177,0.000100019845,-18435326.96429759,-4639325.460264071,18548126.964633748,0.00010002002419258878,-0.7060613505714286,-0.2732988863809524,0.01666542985714284,0.757292974099286,-1.7919258877038574e-10
2025-09-07 13:45:00,MEO01,MEO,-16609134.893208314,-5870122.34160668,19877021.05155046,0.0001000198765,-16609134.193126054,-5870122.0824718885,19877021.02427701,0.00010002005467365184,-0.7000822586428572,-0.25913479176190474,0.02727344971428572,0.7470005690943534,-1.7817365183921434e-10
2025-09-07 14:00:00,MEO01,MEO,-14740937.040636707,-7267825.227893987,20863872.021050464,0.00010001990800000001,-14740936.34653354,-7267824.98292329,20863871.983168993,0.00010002008515471491,-0.6941031667142857,-0.24497069714285713,0.03788146957142857,0.7370378919962989,-1.7715471490804292e-10
2025-09-07 14:15:00,MEO01,MEO,-12875809.936570251,-8816920.743282858,21491698.1919528,0.0001000199395,-12875809.248446176,-8816920.512476256,21491698.14346331,0.00010002011563577798,-0.6881240747857144,-0.23080660252380952,0.0484894894285714,0.7274184907282208,-1.761357779768715e-10
2025-09-07 14:30:00,MEO01,MEO,-11056243.576964397,-10494182.579548305,21749695.9529079,0.000100019971,-11056242.894819414,-10494182.362905797,21749695.89381039,0.00010002014611684105,-0.6821449828571429,-0.21664250790476192,0.05909750928571428,0.7181561595309279,-1.751168410457001e-10
2025-09-07 14:45:00,MEO01,MEO,-9320627.541654151,-12269411.532525342,21633425.687239,0.00010002000250000001,-9320626.86548826,-12269411.33004693,21633425.617533468,0.00010002017659790413,-0.6761658909285715,-0.2024784132857143,0.06970552914285716,0.7092648875385099,-1.7409790411452867e-10
2025-09-07 15:00:00,MEO01,MEO,-7701904.947229084,-14106453.43678238,21144888.169714656,0.00010002003400000001,-7701904.277042285,-14106453.248468062,21144888.089401107,0.0001000202070789672,-0.6701867990000001,-0.18831431866666665,0.08031354899999998,0.7007587989613351,-1.7307896718335724e-10
2025-09-07 15:15:00,MEO01,MEO,-6226446.367092965,-15964456.575653072,20292490.13728483,0.0001000200655,-6226445.702885258,-15964456.401502848,20292490.04636326,0.00010002023756003026,-0.6642077070714286,-0.17415022404761904,0.09092156885714286,0.6926520846372765,-1.7206003025218581e-10
2025-09-07 15:30:00,MEO01,MEO,-4913186.603261392,-17799320.575585134,19090899.626237746,0.000100020097,-4913185.945032776,-17799320.415599003,19090899.52470816,0.00010002026804109332,-0.6582286151428571,-0.15998612942857143,0.10152958871428569,0.684958924890326,-1.7104109332101439e-10
2025-09-07 15:45:00,MEO01,MEO,-3773056.9982997654,-19565281.350913964,17560793.56513137,0.00010002012850000001,-3773056.346050242,-19565281.20509193,17560793.45299376,0.0001000202985221564,-0.6522495232142858,-0.14582203480952383,0.11213760857142857,0.677693403852636,-1.7002215638984296e-10
2025-09-07 16:00:00,MEO01,MEO,-2808734.519273566,-21216571.36219422,15728501.966912208,0.00010002016,-2808733.873003135,-21216571.230536282,15728501.84416658,0.00010002032900321947,-0.6462704312857144,-0.13165794019047616,0.1227456284285714,0.6708694156598192,-1.6900321945867156e-10
2025-09-07 16:15:00,MEO01,MEO,-2014716.5715823546,-22709091.493232105,13625554.842948768,0.0001000201915,-2014715.9312910154,-22709091.37573826,13625554.70959512,0.00010002035948428253,-0.6402913393571429,-0.11749384557142856,0.13335364828571428,0.6645005632157407,-1.6798428252750013e-10
2025-09-07 16:30:00,MEO01,MEO,-1377717.8835608354,-24002030.353469756,11288139.635672169,0.00010002022300000001,-1377717.249248588,-24002030.250140004,11288139.4917105,0.00010002038996534561,-0.6343122474285715,-0.10332975095238095,0.14396166814285716,0.6586000505346478,-1.669653455963287e-10
2025-09-07 16:45:00,MEO01,MEO,-877373.3304424882,-25059368.792883765,8756478.506298723,0.00010002025450000001,-877372.7021093327,-25059368.703718107,8756478.351729035,0.00010002042044640867,-0.6283331555,-0.08916565633333334,0.15456968799999998,0.6531805699945143,-1.659464086651573e-10
2025-09-07 17:00:00,MEO01,MEO,-487218.7208308908,-25851211.799718536,6074136.193251268,0.000100020286,-487218.09847682726,-25851211.724716976,6074136.02807356,0.00010002045092747173,-0.6223540635714286,-0.07500156171428574,0.16517770785714286,0.6482541861618722,-1.6492747173398586e-10
2025-09-07 17:15:00,MEO01,MEO,-175910.80806108005,-26354896.56805593,3287270.351626246,0.0001000203175,-175910.19168610842,-26354896.507218465,3287270.175840518,0.0001000204814085348,-0.6163749716428573,-0.060837467095238074,0.1757857277142857,0.6438322181580681,-1.6390853480281443e-10
2025-09-07 17:30:00,MEO01,MEO,91361.47130566515,-26555834.116930213,443837.2738360297,0.00010002034900000001,91362.08170154487,-26555834.07025684,443837.0874422821,0.00010002051188959788,-0.6103958797142858,-0.04667337247619041,0.18639374757142857,0.6399251228106297,-1.6288959787164303e-10
2025-09-07 17:45:00,MEO01,MEO,351329.9311810867,-26448052.083531532,-2407233.340633954,0.0001000203805,351330.5355978745,-26448052.051022254,-2407233.5376357213,0.00010002054237066095,-0.6044167877857143,-0.03250927785714286,0.19700176742857145,0.6365423810509203,-1.618706609404716e-10
2025-09-07 18:00:00,MEO01,MEO,641024.898112637,-26034417.804487858,-5216880.365828337,0.000100020412,641025.4965503329,-26034417.786142673,-5216880.573438125,0.000100020572851724,-0.5984376958571429,-0.018345183238095197,0.20760978728571428,0.6336923901607664,-1.6085172400930018e-10
2025-09-07 18:15:00,MEO01,MEO,996141.3672737004,-25326533.097415563,-7936755.491504071,0.00010002044350000001,996141.9597323043,-25326533.093234476,-7936755.709721878,0.00010002060333278709,-0.5924586039285715,-0.004181088619047646,0.21821780714285716,0.6313823645187356,-1.5983278707812878e-10
2025-09-07 18:30:00,MEO01,MEO,1449457.5664806487,-24344304.784870457,-10520055.1992043,0.00010002047500000001,1449458.1529601607,-24344304.794853464,-10520055.428030126,0.00010002063381385015,-0.586479512,0.009983006000000016,0.22882582699999998,0.6296182474379123,-1.5881385014695735e-10
2025-09-07 18:45:00,MEO01,MEO,2029367.9136361135,-23115207.476661865,-12922326.155610673,0.0001000205065,2029368.4941365337,-23115207.500808965,-12922326.39504452,0.00010002066429491322,-0.5805004200714285,0.02414710061904768,0.23943384685714286,0.6284046365139433,-1.577949132157859e-10
2025-09-07 19:00:00,MEO01,MEO,2758587.925004513,-21673266.962412912,-15102230.163985722,0.000100020538,2758588.4995258413,-21673267.000724107,-15102230.414027588,0.00010002069477597629,-0.5745213281428572,0.03831119523809523,0.2500418667142857,0.6277447246146866,-1.567759762846145e-10
2025-09-07 19:15:00,MEO01,MEO,3653081.975683105,-20057803.30708521,-17022255.510455154,0.00010002056950000001,3653082.544225341,-20057803.359560497,-17022255.77110504,0.00010002072525703937,-0.5685422362142858,0.05247528985714289,0.26064988657142857,0.6276402582489674,-1.5575703935344307e-10
2025-09-07 19:30:00,MEO01,MEO,4721256.1868047835,-18311981.973114997,-18649362.46430073,0.000100020601,4721256.749367928,-18311982.039754383,-18649362.735558636,0.00010002075573810242,-0.5625631442857144,0.06663938447619056,0.27125790642857145,0.6280915145677473,-1.5473810242227165e-10
2025-09-07 19:45:00,MEO01,MEO,5963448.449868401,-16481228.657313813,-19955551.82451991,0.0001000206325,5963449.006452453,-16481228.738117293,-19955552.106385835,0.00010002078621916549,-0.5565840523571429,0.0808034790952381,0.2818659262857143,0.6290972976997256,-1.5371916549110025e-10
2025-09-07 20:00:00,MEO01,MEO,7371736.093857169,-14611568.744412463,-20918346.72912351,0.00010002066400000001,7371736.64446213,-14611568.839380037,-20918347.021597456,0.00010002081670022857,-0.5506049604285714,0.09496757371428577,0.29247394614285716,0.6306549545338576,-1.5270022855992882e-10
2025-09-07 20:15:00,MEO01,MEO,8930069.400182938,-12747955.140821116,-21521179.43620955,0.00010002069550000001,8930069.944808807,-12747955.249952784,-21521179.739291515,0.00010002084718129164,-0.5446258685,0.10913166833333332,0.30308196600000004,0.6327604094655584,-1.516812916287574e-10
2025-09-07 20:30:00,MEO01,MEO,10614726.549475765,-10932648.651440475,-21753676.421102043,0.000100020727,10614727.088122541,-10932648.774736239,-21753676.734792028,0.0001000208776623547,-0.5386467765714287,0.12329576295238098,0.3136899858571428,0.6354082170540879,-1.5066235469758597e-10
2025-09-07 20:45:00,MEO01,MEO,12395073.13064253,-9203712.984023253,-21611836.883609537,0.0001000207585,12395073.663310215,-9203713.12148311,-21611837.207907543,0.00010002090814341776,-0.5326676846428572,0.13745985757142865,0.3242980057142857,0.6385916310261219,-1.4964341776641454e-10
2025-09-07 21:00:00,MEO01,MEO,14234597.537920084,-7593681.990121637,-21098101.593658656,0.00010002079000000001,14234598.064608676,-7593682.141745589,-21098101.928564683,0.00010002093862448084,-0.5266885927142857,0.1516239521904762,0.33490602557142857,0.6423026876304232,-1.4862448083524312e-10
2025-09-07 21:15:00,MEO01,MEO,16092182.882143317,-6128450.052258182,-20221310.89060821,0.0001000208215,16092183.402852818,-6128450.218046229,-20221311.236122254,0.00010002096910554391,-0.5207095007857143,0.16578804680952386,0.34551404542857145,0.6465323010197106,-1.4760554390407172e-10
2025-09-07 21:30:00,MEO01,MEO,17923566.86180547,-4826427.862702524,-18996552.558991265,0.000100020853,17923567.376535878,-4826428.042654666,-18996552.91511333,0.00010002099958660698,-0.5147304088571429,0.1799521414285714,0.35612206528571433,0.6512703681193646,-1.465866069729003e-10
2025-09-07 21:45:00,MEO01,MEO,19682933.732690737,-3697995.545106451,-17444902.19843258,0.00010002088450000001,19682934.241442055,-3697995.739222687,-17444902.565162666,0.00010002103006767006,-0.5087513169285716,0.19411623604761907,0.3667300851428571,0.656505880341325,-1.4556767004172886e-10
2025-09-07 22:00:00,MEO01,MEO,21324577.36442027,-2745273.54428701,-15593060.555448774,0.00010002091600000001,21324577.867192492,-2745273.7525673406,-15593060.93278688,0.00010002106054873311,-0.5027722250000001,0.20828033066666674,0.377338105,0.6622270395106634,-1.4454873311055746e-10
2025-09-07 22:15:00,MEO01,MEO,22804571.577463597,-1962219.39715965,-13472894.057913091,0.0001000209475,22804572.07425673,-1962219.6196040753,-13472894.445859216,0.00010002109102979618,-0.49679313307142864,0.2224444252857143,0.38794612485714286,0.668421375480536,-1.43529796179386e-10
2025-09-07 22:30:00,MEO01,MEO,24082383.62319829,-1335045.8752202485,-11120886.45864925,0.000100020979,24082384.11401233,-1335046.1118287684,-11120886.857203394,0.00010002112151085925,-0.4908140411428572,0.23660851990476195,0.39855414471428574,0.6750758631023926,-1.4251085924821459e-10
2025-09-07 22:45:00,MEO01,MEO,25122368.81546849,-842943.543960616,-8577511.024258224,0.00010002101050000001,25122369.30030344,-842943.7947332305,-8577511.433420388,0.00010002115199192233,-0.48483494921428577,0.2507726145238096,0.4091621645714286,0.6821770364733066,-1.4149192231704319e-10
2025-09-07 23:00:00,MEO01,MEO,25895088.862106804,-459078.9982145084,-5886534.0725243725,0.000100021042,25895089.34096266,-459079.26315121754,-5886534.492294556,0.0001000211824729854,-0.47885585728571434,0.26493670914285716,0.4197701844285714,0.6897110986808028,-1.4047298538587176e-10
2025-09-07 23:15:00,MEO01,MEO,26378403.203788012,-151829.36030534515,-3094261.843111455,0.0001000210735,26378403.676664777,-151829.63940614893,-3094262.273489659,0.00010002121295404846,-0.4728767653571429,0.2791008037619048,0.43037820428571427,0.6976640255877979,-1.3945404845470033e-10
2025-09-07 23:30:00,MEO01,MEO,26558291.38444553,113795.51755033163,-248743.66136982018,0.00010002110500000001,26558291.851343203,113795.22428543324,-248744.1023560443,0.00010002124343511153,-0.46689767342857147,0.2932648983809524,0.44098622414285715,0.7060216625282666,-1.3843511152352893e-10
2025-09-07 23:45:00,MEO01,MEO,26429374.815647703,374598.97030224185,2601054.8928186,0.00010002113650000001,26429375.276566286,374598.66287324886,2601054.4412243557,0.0001000212739161746,-0.46091858150000004,0.30742899300000004,0.45159424400000003,0.7147698131027204,-1.374161745923575e-10
2025-09-08 00:00:00,MEO01,MEO,25995117.857531928,667572.4844189095,5406094.583067482,0.000100021168,25995118.312471416,667572.1628258219,5406094.120865218,0.00010002130439723766,-0.45493948957142866,0.3215930876190477,0.4622022638571428,0.7238943195595144,-1.3639723766118606e-10
2025-09-08 00:15:00,MEO01,MEO,25267700.474625614,1028263.3831816874,8118106.381996504,0.0001000211995,25267700.92358601,1028263.0474245052,8118105.909186221,0.00010002133487830073,-0.4489603976428572,0.33575718223809525,0.4728102837142857,0.7333811345147088,-1.3537830073001466e-10
2025-09-08 00:30:00,MEO01,MEO,24267567.359666217,1489199.1878829561,10690422.083008299,0.00010002123100000001,24267567.802647524,1489198.8379616793,10690421.599589994,0.00010002136535936381,-0.4429813057142858,0.3499212768571429,0.48341830357142856,0.7432163839942878,-1.3435936379884323e-10
2025-09-08 00:45:00,MEO01,MEO,23022670.864342645,2078430.415910474,13078777.365196126,0.0001000212625,23022671.30134486,2078430.0518251027,13078776.871169802,0.00010002139584042687,-0.43700221378571436,0.3640853714761906,0.49402632342857145,0.7533864219754178,-1.333404268676718e-10
2025-09-08 01:00:00,MEO01,MEO,21567436.85198354,2818248.9921769947,15242073.492271176,0.000100021294,21567437.28300666,2818248.6139275287,15242072.987636833,0.00010002142632148993,-0.4310231218571429,0.37824946609523813,0.5046343432857143,0.7638778767579372,-1.323214899365004e-10
2025-09-08 01:15:00,MEO01,MEO,19941493.2387793,3724132.652494545,17143084.538213752,0.00010002132550000001,19941493.66382333,3724132.2600809843,17143084.022971388,0.00010002145680255302,-0.4250440299285715,0.3924135607142858,0.5152423631428571,0.7746776896151203,-1.3130255300532898e-10
2025-09-08 01:30:00,MEO01,MEO,18188210.105729274,4803956.969093128,18749097.969741084,0.000100021357,18188210.524794213,4803956.562515473,18749097.443890702,0.00010002148728361608,-0.41906493800000005,0.40657765533333334,0.525850383,0.7857731462569469,-1.3028361607415755e-10
2025-09-08 01:45:00,MEO01,MEO,16353107.491145378,6057506.267633104,20032477.56246417,0.0001000213885,16353107.904231224,6057505.846891354,20032477.026005767,0.00010002151776467915,-0.4130858460714286,0.420741749952381,0.5364584028571429,0.7971519016935081,-1.2926467914298613e-10
2025-09-08 02:00:00,MEO01,MEO,14482192.03410839,7476303.132285949,20971138.96409489,0.00010002142,14482192.441215143,7476302.697380104,20971138.417028464,0.0001000215482457422,-0.4071067541428572,0.43490584457142856,0.5470664227142857,0.8088019991150651,-1.282457422118147e-10
2025-09-08 02:15:00,MEO01,MEO,12620286.337437255,9043763.858077053,21548929.72122824,0.00010002145150000001,12620286.738564918,9043763.409007113,21548929.163553797,0.00010002157872680528,-0.40112766221428575,0.44906993919047633,0.5576744425714286,0.8207118834130465,-1.2722680528064327e-10
2025-09-08 02:30:00,MEO01,MEO,10809415.150457188,10735674.584561355,21755907.23020922,0.000100021483,10809415.545605758,10735674.121327322,21755906.661926758,0.00010002160920786835,-0.3951485702857144,0.4632340338095239,0.5682824624285714,0.8328704099571361,-1.2620786834947187e-10
2025-09-08 02:45:00,MEO01,MEO,9087310.228358874,12520970.420124512,21588509.82911816,0.0001000215145,9087310.617528353,12520969.942726383,21588509.250227675,0.00010002163968893142,-0.38916947835714294,0.47739812842857143,0.5788904822857143,0.8452668492215109,-1.2518893141830045e-10
2025-09-08 03:00:00,MEO01,MEO,7486091.0931875,14362788.12199861,21049618.086727235,0.00010002154600000001,7486091.476377886,14362787.630436387,21049617.497228734,0.0001000216701699945,-0.3831903864285715,0.4915622230476192,0.5894985021428572,0.8578908878216783,-1.2416999448712902e-10
2025-09-08 03:15:00,MEO01,MEO,6031172.080632512,16219752.287518945,20148505.233771633,0.0001000215775,6031172.457843807,16219751.781792628,20148504.63366511,0.00010002170065105757,-0.37721129450000007,0.5057263176666668,0.600106522,0.8707326264852998,-1.2315105755595762e-10
2025-09-08 03:30:00,MEO01,MEO,4740437.271380465,18047445.947376586,18900677.58951058,0.000100021609,4740437.642612667,18047445.427486174,18900676.978796035,0.00010002173113212062,-0.37123220257142864,0.5198904122857143,0.6107145418571429,0.8837825754383395,-1.2213212062478617e-10
2025-09-08 03:45:00,MEO01,MEO,3623714.515552924,19800009.282114703,17327607.72951485,0.0001000216405,3623714.8808060344,19800008.748060197,17327607.108192287,0.00010002176161318369,-0.3652531106428572,0.5340545069047619,0.6213225617142857,0.8970316476439245,-1.2111318369361474e-10
2025-09-08 04:00:00,MEO01,MEO,2682568.165326317,21431805.186174117,15456364.986317389,0.00010002167200000001,2682568.5246003354,21431804.637955517,15456364.354386806,0.00010002179209424677,-0.35927401871428577,0.5482186015238096,0.6319305815714286,0.9104711502870579,-1.2009424676244334e-10
2025-09-08 04:15:00,MEO01,MEO,1910417.7824669937,22899087.77266257,13319149.641261993,0.0001000217035,1910418.1357619204,22899087.210279875,13319148.998723391,0.00010002182257530984,-0.35329492678571434,0.5623826961428572,0.6425386014285714,0.9240927748550019,-1.190753098312719e-10
2025-09-08 04:30:00,MEO01,MEO,1292977.4615074135,24161609.748641968,10952738.823160315,0.000100021735,1292977.8088232484,24161609.172095176,10952738.170013694,0.0001000218530563729,-0.3473158348571429,0.5765467907619047,0.6531466212857143,0.9378885861216726,-1.180563729001005e-10
2025-09-08 04:45:00,MEO01,MEO,808997.99372051,25184106.9015954,8397853.648711143,0.00010002176650000001,808998.335057253,25184106.310884513,8397852.984956501,0.00010002188353743597,-0.34133674292857147,0.5907108853809525,0.6637546411428571,0.951851010305351,-1.170374359689291e-10
2025-09-08 05:00:00,MEO01,MEO,431282.37184067536,25937602.63377244,5698458.494914241,0.000100021798,431282.70719832636,25937602.02889746,5698457.82055158,0.00010002191401849904,-0.335357651,0.60487498,0.674362661,0.9659728226328311,-1.1601849903775765e-10
2025-09-08 05:15:00,MEO01,MEO,127934.55382722663,26400482.381083567,2901004.461567275,0.0001000218295,127934.90847947863,26400481.8507,2901003.775889308,0.00010002216871914907,-0.354652252,0.5303835685,0.6856779669999999,0.9366104974922707,-3.3921914906878683e-10
2025-09-08 05:30:00,MEO01,MEO,-136207.62509317073,26559296.590674736,53630.04232606756,0.000100021861,-136207.25114631772,26559296.13478258,53629.34533279456,0.0001000224234197991,-0.37394685299999997,0.45589215699999996,0.6969932729999999,0.9129477149815145,-5.624197990998159e-10
2025-09-08 05:45:00,MEO01,MEO,-398011.6303603691,26409261.36500199,-2794667.240855519,0.00010002189250000001,-398011.23711891513,26409260.983601246,-2794667.949164098,0.00010002267812044914,-0.393241454,0.3814007455,0.708308579,0.895436437105945,-7.856204491308451e-10
2025-09-08 06:00:00,MEO01,MEO,-694422.6846580477,25954437.50714679,-5594873.985412391,0.000100021924,-694422.2721219928,25954437.200237457,-5594874.705036276,0.00010002293282109917,-0.412536055,0.306909334,0.719623885,0.884442124637774,-1.0088210991618741e-09
2025-09-08 06:15:00,MEO01,MEO,-1060833.2738155443,25207581.0732012,-8298804.329128049,0.0001000219555,-1060832.788902337,25207580.82422291,-8298805.037869749,0.00010002297414259958,-0.48491320725,0.24897828899999996,0.7087416995,0.8941173321041245,-1.0186425995746696e-09
2025-09-08 06:30:00,MEO01,MEO,-1529513.5865065,24189671.174954988,-10859929.130811293,0.00010002198700000001,-1529513.0292161405,24189670.983907744,-10859929.828670807,0.0001000230154641,-0.5572903595,0.19104724399999998,0.6978595139999999,0.9132795275883233,-1.0284640999874654e-09
2025-09-08 06:45:00,MEO01,MEO,-2128164.4134040754,22929133.19171428,-13234176.642169584,0.0001000220185,-2128163.7837365638,22929133.05859808,-13234177.329146912,0.0001000230567856004,-0.62966751175,0.133116199,0.6869773284999999,0.9413495353282121,-1.0382856004002609e-09
2025-09-08 07:00:00,MEO01,MEO,-2878649.2912223767,21460787.264300514,-15380690.89295347,0.00010002205,-2878648.589177713,21460787.18911536,-15380691.569048613,0.00010002309810710081,-0.702044664,0.075185154,0.676095143,0.9775603101707162,-1.0481071008130564e-09
2025-09-08 07:15:00,MEO01,MEO,-3795955.738603562,19824562.504679862,-17262534.739099123,0.0001000220815,-3795955.018096871,19824562.457559463,-17262535.353843372,0.0001000224707604755,-0.720506691,0.04712039900000001,0.61474424875,0.9482935806747247,-3.8926047549201525e-10
2025-09-08 07:30:00,MEO01,MEO,-4887426.5623543495,18064026.35336869,-18847325.475843903,0.00010002211300000001,-4887425.823385632,18064026.334313046,-18847326.029237255,0.00010002184341385018,-0.738968718,0.01905564400000001,0.5533933545,0.9234078668473541,2.69586149829026e-10
2025-09-08 07:45:00,MEO01,MEO,-6152291.756824454,16224785.606241021,-20107792.078207493,0.0001000221445,-6152290.999393709,16224785.615250133,-20107792.570249952,0.00010002121606722486,-0.757430745,-0.009009110999999986,0.49204246025000004,0.9032653432082614,9.284327751500672e-10
2025-09-08 08:00:00,MEO01,MEO,-7581519.880430794,14352820.538893238,-21022244.47985888,0.000100022176,-7581519.104538023,14352820.575967103,-21022244.910550445,0.00010002058872059953,-0.775892772,-0.037073866,0.430691566,0.8881887694660198,1.5872794004711085e-09
2025-09-08 08:15:00,MEO01,MEO,-9157995.421356559,12492816.090883147,-21574946.815039508,0.00010002220750000001,-9157994.616847211,12492816.13123287,-21574947.176679973,0.00010002093023742457,-0.8045093464999999,-0.040349724499999996,0.36164046325,0.8829763380367321,1.277262575431434e-09
2025-09-08 08:30:00,MEO01,MEO,-10857016.037478937,10686554.136288607,-21756388.200804334,0.000100022239,-10857015.204353016,10686554.179914191,-21756388.493393693,0.00010002127175424962,-0.8331259209999999,-0.043625582999999996,0.2925893605,0.8840873970439727,9.672457503917594e-10
2025-09-08 08:45:00,MEO01,MEO,-12647091.161766084,8971428.45880944,-21563446.399971467,0.0001000222705,-12647090.30002359,8971428.505710881,-21563446.623509724,0.00010002161327107465,-0.8617424955,-0.0469014415,0.22353825775000002,0.8914983042290383,6.572289253520847e-10
2025-09-08 09:00:00,MEO01,MEO,-14491011.78278292,7379139.262373593,-20999441.548473213,0.000100022302,-14491010.89242385,7379139.312550893,-20999441.70296037,0.00010002195478789969,-0.89035907,-0.0501773,0.154487155,0.905054316616715,3.472121003124101e-10
2025-09-08 09:15:00,MEO01,MEO,-16347150.692169566,5934617.06709903,-20074079.0225703,0.00010002233350000001,-16347149.759816164,5934617.154913489,-20074079.048916634,0.0001000220660955495,-0.932353402,-0.0878144585,0.026346335,0.9368502413462646,2.674044505148959e-10
2025-09-08 09:30:00,MEO01,MEO,-18170943.543652777,4655216.935449907,-18803282.429067638,0.000100022365,-18170942.569305044,4655217.060901524,-18803282.327273153,0.00010002217740319928,-0.974347734,-0.125451617,-0.10179448499999999,0.987650612380342,1.875968007173816e-10
2025-09-08 09:45:00,MEO01,MEO,-19916494.03722013,3550213.4888781374,-17208919.592431206,0.0001000223965,-19916493.020878065,3550213.651966913,-17208919.362495903,0.00010002228871084908,-1.016342066,-0.1630887755,-0.22993530499999998,1.054712941183847,1.0778915091986735e-10
2025-09-08 10:00:00,MEO01,MEO,-21538241.699485116,2620615.5164382514,-15318426.25401068,0.00010002242800000001,-21538240.641148716,2620615.7171641854,-15318425.895934554,0.00010002240001849889,-1.058336398,-0.200725934,-0.358076125,1.1351587304015252,2.7981501122353115e-11
2025-09-08 10:15:00,MEO01,MEO,-22992628.26430057,1859306.594554348,-13164333.958736133,0.0001000224595,-22992627.26074026,1859306.808792032,-13164333.521413114,0.00010002252278999945,-1.00356030675,-0.21423768425,-0.43732301900000004,1.1154741133635648,-6.328999944354837e-11
2025-09-08 10:30:00,MEO01,MEO,-24239698.661888897,1251505.5099618938,-10783710.253403353,0.000100022491,-24239697.71310468,1251505.7377113283,-10783709.73683344,0.00010002264556150001,-0.9487842155,-0.2277494345,-0.516569913,1.1040406548283663,-1.5456150000944986e-10
2025-09-08 10:45:00,MEO01,MEO,-25244575.10022763,775527.8938984051,-8217520.82959044,0.0001000225225,-25244574.206219506,775528.1351595899,-8217520.233773633,0.00010002276833300057,-0.89400812425,-0.24126118474999997,-0.5958168070000001,1.1011154131132905,-2.458330005753514e-10
2025-09-08 11:00:00,MEO01,MEO,-25978747.57367136,403818.81364553,-5509924.587434053,0.00010002255400000001,-25978746.73443933,403819.06841846503,-5509923.912370352,0.00010002289110450115,-0.839232033,-0.254772935,-0.675063701,1.1067658532994433,-3.3710450114125286e-10
2025-09-08 11:15:00,MEO01,MEO,-26421131.17360007,104215.57822679472,-2707513.750781978,0.0001000225855,-26421130.34443545,104215.82118726325,-2707513.093382791,0.00010002293311034111,-0.8291646198375,-0.24296046852499997,-0.6573991869875,1.0856875458012676,-3.476103411097153e-10
2025-09-08 11:30:00,MEO01,MEO,-26558849.532406557,-158608.89606877376,141487.8902088428,0.000100022617,-26558848.71330935,-158608.6649207717,141488.52994351575,0.00010002297511618108,-0.8190972066750001,-0.23114800204999997,-0.639734672975,1.0647112682041666,-3.5811618107817776e-10
2025-09-08 11:45:00,MEO01,MEO,-26387714.259494722,-421578.8032014675,2988054.8124072272,0.00010002264850000001,-26387713.450464927,-421578.5838659319,2988055.434477386,0.00010002301712202106,-0.8090297935125,-0.21933553557499996,-0.6220701589625001,1.0438431714718839,-3.6862202104664023e-10
2025-09-08 12:00:00,MEO01,MEO,-25912381.91956673,-721585.6866539428,5783203.38924091,0.00010002268,-25912381.120604347,-721585.4791308737,5783203.993646556,0.00010002305912786101,-0.79896238035,-0.20752306909999998,-0.60440564495,1.0230898753631799,-3.7912786101510265e-10
2025-09-08 12:15:00,MEO01,MEO,-25146182.50773863,-1093860.0569326328,8478834.799272057,0.0001000227115,-25146181.718843665,-1093859.8612220301,8478835.386013187,0.00010002310113370098,-0.7888949671875001,-0.19571060262499998,-0.5867411309375,1.0024585098483747,-3.896337009835651e-10
2025-09-08 12:30:00,MEO01,MEO,-24110626.01382921,-1570408.1900048126,11028562.709076282,0.00010002274300000001,-24110625.235001653,-1570408.0061066763,11028563.278152898,0.00010002314313954097,-0.778827554025,-0.18389813614999997,-0.569076616925,0.9819567604119905,-4.0013954095202754e-10
2025-09-08 12:45:00,MEO01,MEO,-22834606.051358767,-2178575.3861791017,13388511.487689143,0.00010002277450000001,-22834605.282598626,-2178575.214093432,13388512.039101247,0.00010002318514538093,-0.7687601408625,-0.172085669675,-0.5514121029125001,0.9615929175720928,-4.1064538092048997e-10
2025-09-08 13:00:00,MEO01,MEO,-21353331.177079543,-2939792.073792111,15518071.2169661,0.000100022806,-21353330.418386817,-2939791.913518908,15518071.75071369,0.00010002322715122089,-0.7586927277000001,-0.1602732032,-0.5337475889000001,0.9413759309571381,-4.211512208889525e-10
2025-09-08 13:15:00,MEO01,MEO,-19707024.99423083,-3868552.0642479844,17380596.505671605,0.0001000228375,-19707024.245605513,-3868551.915787248,17380597.021754682,0.00010002326915706086,-0.7486253145375,-0.148460736725,-0.5160830748875,0.92131546828469,-4.3165706085741486e-10
2025-09-08 13:30:00,MEO01,MEO,-17939445.012920912,-4971663.277977609,18944037.08212154,0.00010002286900000001,-17939444.27436301,-4971663.141329339,18944037.580540102,0.00010002331116290084,-0.738557901375,-0.13664827024999998,-0.498418560875,0.9014219795803003,-4.4216290082587733e-10
2025-09-08 13:45:00,MEO01,MEO,-16096277.19111929,-6247800.712160624,20181489.314165547,0.0001000229005,-16096276.462628802,-6247800.5873248195,20181489.794919595,0.0001000233531687408,-0.7284904882125001,-0.12483580377499998,-0.4807540468625,0.8817067669553794,-4.526687407943398e-10
2025-09-08 14:00:00,MEO01,MEO,-14223467.831350343,-7687379.718317611,21071659.165973168,0.000100022932,-14223467.112927267,-7687379.605294274,21071659.6290627,0.00010002339517458076,-0.71842307505,-0.11302333729999997,-0.46308953285000004,0.8621820602250773,-4.6317458076280223e-10
2025-09-08 14:15:00,MEO01,MEO,-12365556.877926398,-9272755.25345536,21599228.625075553,0.00010002296350000001,-12365556.169570737,-9272755.152244488,21599229.07050057,0.00010002343718042074,-0.7083556618875,-0.10121087082499997,-0.4454250188375001,0.8428610985848263,-4.736804207312648e-10
2025-09-08 14:30:00,MEO01,MEO,-10564076.556047346,-10978740.141882457,21755119.294202674,0.00010002299500000001,-10564075.857759098,-10978740.052484052,21755119.72196318,0.00010002347918626071,-0.6982882487250001,-0.08939840434999999,-0.42776050482500005,0.8237582184694078,-4.841862606997271e-10
2025-09-08 14:45:00,MEO01,MEO,-8856076.721588321,-12773423.024120448,21536648.61203365,0.0001000230265,-8856076.033367485,-12773422.94653451,21536649.02212964,0.00010002352119210067,-0.6882208355625,-0.07758593787499998,-0.41009599081250003,0.8048889475814506,-4.946921006681896e-10
2025-09-08 15:00:00,MEO01,MEO,-7272833.348471034,-14619255.052397586,20947576.014620766,0.000100023058,-7272832.670317612,-14619254.986624114,20947576.40705224,0.00010002356319794064,-0.6781534224,-0.06577347139999998,-0.39243147680000007,0.7862701048852541,-5.051979406366521e-10
2025-09-08 15:15:00,MEO01,MEO,-5838789.460369322,-16474363.968096605,19998038.243141763,0.00010002308950000001,-5838788.792283313,-16474363.9141356,19998038.617908727,0.00010002360520378062,-0.6680860092375001,-0.05396100492499997,-0.37476696278750005,0.7679199061024348,-5.157037806051144e-10
2025-09-08 15:30:00,MEO01,MEO,-4570768.790485969,-18294045.368235376,18704374.911203668,0.000100023121,-4570768.132467372,-18294045.326086838,18704375.268306118,0.00010002364720962057,-0.658018596075,-0.04214853844999997,-0.3571024487750001,0.7498580739013795,-5.262096205735769e-10
2025-09-08 15:45:00,MEO01,MEO,-3477491.87609779,-20032374.076975428,17088847.333328154,0.0001000231525,-3477491.228146607,-20032374.046639357,17088847.67276609,0.00010002368921546054,-0.6479511829125,-0.030336071974999962,-0.33943793476250006,0.7321059515236927,-5.367154605420394e-10
2025-09-08 16:00:00,MEO01,MEO,-2559412.572453102,-21643873.85072806,15179255.453010172,0.00010002318400000001,-2559411.9345693323,-21643873.832204457,15179255.774783593,0.00010002373122130052,-0.63788376975,-0.018523605499999984,-0.32177342075000004,0.7146866180168391,-5.472213005105019e-10
2025-09-08 16:15:00,MEO01,MEO,-1808880.556543583,-23085181.3430489,13008459.462238621,0.00010002321550000001,-1808879.9287272266,-23085181.33633776,13008459.766347528,0.00010002377322714049,-0.6278163565875,-0.006711139024999979,-0.3041089067375001,0.6976250025213355,-5.577271404789643e-10
2025-09-08 16:30:00,MEO01,MEO,-1210622.7651546681,-24316640.427337762,10613814.344431128,0.000100023247,-1210622.1474057247,-24316640.43243909,10613814.63087552,0.00010002381523298045,-0.617748943425,0.005101327450000026,-0.28644439272500005,0.6809479941728663,-5.682329804474268e-10
2025-09-08 16:45:00,MEO01,MEO,-742524.361499208,-25303765.614966907,8036527.071154479,0.0001000232785,-742523.7538176777,-25303765.6318807,8036527.339934357,0.00010002385723882042,-0.6076815302625,0.01691379392500003,-0.2687798787125001,0.6646845431088475,-5.787388204158892e-10
2025-09-08 17:00:00,MEO01,MEO,-376678.2280130908,-26018518.312083345,5320947.513960688,0.00010002331000000001,-376677.6303989737,-26018518.340809606,5320947.765076053,0.0001000238992446604,-0.5976141171,0.028726260400000037,-0.25111536470000007,0.6488657468091494,-5.892446603843515e-10
2025-09-08 17:15:00,MEO01,MEO,-80661.58782476955,-26440346.83672152,2513805.273309702,0.0001000233415,-80661.0002780656,-26440346.87726025,2513805.5067605525,0.00010002394125050035,-0.5875467039375,0.04053872687500004,-0.23345085068750004,0.6335249145623111,-5.99750500352814e-10
2025-09-08 17:30:00,MEO01,MEO,181010.4342334239,-26556950.19187583,-336594.4428015892,0.000100023373,181011.01171271468,-26556950.244227022,-336594.2270152525,0.00010002398325634032,-0.5774792907749999,0.05235119335000005,-0.21578633667500008,0.6186976012680043,-6.102563403212766e-10
2025-09-08 17:45:00,MEO01,MEO,445311.3485737317,-26364736.209366046,-3181202.0532142054,0.00010002340450000001,445311.91598560935,-26364736.273529705,-3181201.855092383,0.0001000240252621803,-0.5674118776125,0.06416365982500005,-0.19812182266250006,0.6044216001376789,-6.207621802897391e-10
2025-09-08 18:00:00,MEO01,MEO,749071.6136798412,-25868956.43355239,-5971067.647125386,0.00010002343600000001,749072.1710243056,-25868956.509528518,-5971067.466668077,0.00010002406726802026,-0.5573444644500001,0.0759761263,-0.1804573086500001,0.5907368822630025,-6.312680202582014e-10
2025-09-08 18:15:00,MEO01,MEO,1127352.655824718,-25083512.549217865,-8658183.312487382,0.0001000234675,1127353.2031017693,-25083512.637006458,-8658183.149694588,0.00010002410927386023,-0.5472770512875,0.08778859277500001,-0.16279279463750007,0.577685469674669,-6.417738602266638e-10
2025-09-08 18:30:00,MEO01,MEO,1611890.3053719793,-24030441.793911796,-11196309.254520666,0.000100023499,1611890.8425816174,-24030441.893512856,-11196309.109392386,0.0001000241512797002,-0.537209638125,0.09960105925000001,-0.14512828062500005,0.5653112276748837,-6.522797001951263e-10
2025-09-08 18:45:00,MEO01,MEO,2229668.672195377,-22739101.14366586,-13541769.488525657,0.00010002353050000001,2229669.1993376017,-22739101.25507939,-13541769.36106189,0.00010002419328554018,-0.5271422249625,0.11141352572500002,-0.12746376661250003,0.5536595622329086,-6.627855401635887e-10
2025-09-08 19:00:00,MEO01,MEO,3001680.433595245,-21245081.645277224,-15654203.414740592,0.000100023562,3001680.9506700565,-21245081.768503215,-15654203.30494134,0.00010002423529138013,-0.5170748117999999,0.12322599220000002,-0.10979925260000012,0.5427770094828984,-6.732913801320512e-10
2025-09-08 19:15:00,MEO01,MEO,3941922.292120373,-19588894.640877504,-17497260.342164572,0.0001000235935,3941922.7991277715,-19588894.77591596,-17497260.250029832,0.0001000242772972201,-0.5070073986375,0.13503845867500003,-0.0921347385875001,0.5327107072784172,-6.837972201005137e-10
2025-09-08 19:30:00,MEO01,MEO,5056665.256829005,-17814480.390641574,-19039225.010010917,0.00010002362500000001,5056665.75376899,-17814480.5374925,-19039224.93554069,0.00010002431930306008,-0.496939985475,0.14685092515000003,-0.07447022457500008,0.5235077437149857,-6.943030600689761e-10
2025-09-08 19:45:00,MEO01,MEO,6344028.7616230445,-15967596.408963745,-20253563.342832975,0.00010002365650000001,6344029.248495617,-15967596.567627138,-20253563.286027264,0.00010002436130890004,-0.4868725723125,0.15866339162500004,-0.056805710562500056,0.5152143847609936,-7.048089000374385e-10
2025-09-08 20:00:00,MEO01,MEO,7793875.86965467,-14094147.425287796,-21119379.047989737,0.000100023688,7793876.346459829,-14094147.595763654,-21119379.00884854,0.00010002440331474,-0.47680515915,0.17047585810000004,-0.039141196550000146,0.507875192595931,-7.15314740005901e-10
2025-09-08 20:15:00,MEO01,MEO,9388034.378158927,-12238521.085659415,-21621773.1983382,0.0001000237195,9388034.844896672,-12238521.267947739,-21621773.176861517,0.00010002444532057998,-0.4667377459875,0.18228832457500005,-0.021476682537500125,0.5015320574984905,-7.258205799743635e-10
2025-09-08 20:30:00,MEO01,MEO,11100836.014071474,-10441993.23998913,-21752100.612463042,0.00010002375100000001,11100836.470741807,-10441993.434089921,-21752100.608650874,0.00010002448732641996,-0.45667033282499997,0.19410079105000005,-0.0038121685250001036,0.49622317821479783,-7.363264199428259e-10
2025-09-08 20:45:00,MEO01,MEO,12899953.585456029,-8741263.923627704,-21508118.620664265,0.0001000237825,12899954.032058949,-8741264.129540961,-21508118.63451661,0.00010002452933225991,-0.4466029196625,0.20591325752500006,0.013852345487499917,0.49198203722405504,-7.468322599112883e-10
2025-09-08 21:00:00,MEO01,MEO,14747504.403500088,-7167180.046169601,-20894025.656740583,0.000100023814,14747504.840035593,-7167180.263895325,-20894025.688257445,0.00010002457133809988,-0.4365355065,0.217725724,0.03151685949999994,0.48883642638338487,-7.573380998797508e-10
2025-09-08 21:15:00,MEO01,MEO,16601377.961220518,-5743693.542472908,-19920389.011484105,0.00010002384550000001,16601378.38768861,-5743693.772011098,-19920389.060665477,0.00010002461334393986,-0.42646809333749996,0.22953819047500001,0.04918137351249985,0.4868075831599545,-7.678439398482133e-10
2025-09-08 21:30:00,MEO01,MEO,18416737.147323288,-4487094.601430214,-18603962.991100002,0.00010002387700000001,18416737.563723966,-4487094.842780871,-18603963.05794589,0.00010002465534977982,-0.416400680175,0.24135065695000002,0.06684588752499987,0.4859094964490858,-7.783497798166756e-10
2025-09-08 21:45:00,MEO01,MEO,20147635.523591213,-3405548.9204018945,-16967400.60967722,0.0001000239085,20147635.92992448,-3405549.173565018,-16967400.694187623,0.00010002469735561979,-0.4063332670125,0.253163123425,0.08451040153749989,0.48614843300311367,-7.888556197851381e-10
2025-09-08 22:00:00,MEO01,MEO,21748688.662798107,-2498956.149820096,-15038863.7768933,0.00010002394,21748689.05906396,-2498956.4147956856,-15038863.879068214,0.00010002473936145975,-0.39626585384999996,0.26497558990000003,0.10217491554999991,0.4875227210479242,-7.993614597536006e-10
2025-09-08 22:15:00,MEO01,MEO,23176735.406737033,-1759134.2488668673,-12851538.688832767,0.00010002397150000001,23176735.792935476,-1759134.5256549236,-12851538.808672197,0.00010002478136729974,-0.3861984406875,0.27678805637500004,0.11983942956249993,0.4900228082642399,-8.098672997220631e-10
2025-09-08 22:30:00,MEO01,MEO,24392425.243364446,-1170321.8502820237,-10443064.761056941,0.000100024003,24392425.619495474,-1170322.1388825465,-10443064.898560885,0.00010002482337313969,-0.376131027525,0.28860052285000004,0.13750394357499984,0.49363158950272057,-8.203731396905255e-10
2025-09-08 22:45:00,MEO01,MEO,25361670.80536351,-709978.4182435293,-7854886.930822164,0.0001000240345,25361671.171427123,-709978.7186565186,-7854887.085990622,0.00010002486537897966,-0.36606361436249996,0.30041298932500005,0.15516845758749986,0.49832497844820445,-8.308789796589879e-10
2025-09-08 23:00:00,MEO01,MEO,26056909.6515168,-349850.4538780856,-5131542.474014191,0.00010002406600000001,26056910.007513,-349850.7661035414,-5131542.646847162,0.00010002490738481964,-0.3559962012,0.31222545580000005,0.17283297159999989,0.5040726798691187,-8.413848196274503e-10
2025-09-08 23:15:00,MEO01,MEO,26458126.808022033,-57261.70390083664,-2319894.6092208973,0.0001000240975,26458127.15395082,-57262.02793875892,-2319894.799718383,0.0001000249493906596,-0.3459287880375,0.32403792227500006,0.1904974856124999,0.5108391072442253,-8.51890659595913e-10
2025-09-08 23:30:00,MEO01,MEO,26553598.73676867,203423.34268219315,531673.9229350719,0.000100024129,26553599.072630044,203423.0068318044,531673.7147730723,0.00010002499139649957,-0.335861374875,0.33585038875000006,0.20816199962499993,0.5185843854613538,-8.623964995643752e-10
2025-09-08 23:45:00,MEO01,MEO,26340330.106742278,469220.09188939515,3374093.428346858,0.0001000241605,26340330.43253624,469219.7442265399,3374093.2025203444,0.00010002503340233953,-0.32579396171249997,0.34766285522500007,0.22582651363749984,0.5272653797218182,-8.729023395328377e-10
2025-09-01 00:00:00,MEO02,MEO,25510000.0,0.0,0.0,0.0001,25510000.026799936,-0.073631655,-0.078432899,9.999997151530077e-05,-0.026799934,0.073631655,0.078432899,0.11086738350835011,2.8484699238164288e-11
2025-09-01 00:15:00,MEO02,MEO,25306966.561403602,-150159.19346887898,3208581.567705062,0.00010000003600000001,25306966.65295616,-150159.23251013347,3208581.4690829543,0.00010000002809914915,-0.0915525595,0.0390412545,0.098622108,0.14011570536630957,7.900850861298182e-12
2025-09-01 00:30:00,MEO02,MEO,24704569.597334407,-245108.69990000548,6354861.346693079,0.000100000072,24704569.705147453,-245108.7545877405,6354861.214175774,0.00010000009320299838,-0.107813045,0.054687735,0.132517305,0.17937457221151853,-2.1202998375629583e-11
2025-09-01 00:45:00,MEO02,MEO,23722648.042888142,-232219.38959853724,9377747.27684372,0.00010000010800000001,23722648.10766949,-232219.42572857073,9377747.181549367,0.00010000012920299839,-0.064781349,0.0361300335,0.095294353,0.12076015987344309,-2.1202998375629583e-11
2025-09-01 01:00:00,MEO02,MEO,22393374.366381556,-63913.634618829004,12218543.265643222,0.000100000144,22393374.5053768,-63913.685038152966,12218543.050757572,0.00010000016995374867,-0.1389952435357143,0.05041932396428571,0.2148856497142857,0.2608402354079961,-2.595374866682889e-11
2025-09-01 01:15:00,MEO02,MEO,20759955.045467235,300078.37049969286,14822088.904123394,0.00010000018,20759955.292381488,300078.32214960846,14822088.544026073,0.0001000002130798741,-0.24691425183928573,0.048350084410714284,0.3600973207857142,0.43928858266625476,-3.307987410362786e-11
2025-09-01 01:30:00,MEO02,MEO,18874887.77079267,890772.9109339314,17137830.52959527,0.00010000021600000001,18874888.12562593,890772.8646530865,17137830.024286278,0.00010000025620599955,-0.35483326014285715,0.04628084485714286,0.5053089918571427,0.6191815051792013,-4.020599954042683e-11
2025-09-01 01:45:00,MEO02,MEO,16797848.053065855,1728380.6330422712,19120802.838098515,0.000100000252,16797848.515818123,1728380.588830666,19120802.18757785,0.00010000029933212498,-0.4627522684464286,0.04421160530357143,0.6505206629285714,0.7995445334019001,-4.733212497722579e-11
2025-09-01 02:00:00,MEO02,MEO,14593293.339881128,2821214.433813139,20732501.986364927,0.000100000288,14593293.386881286,2821214.4457678227,20732501.863701947,0.00010000025099529991,-0.047000158,-0.011954684,0.122662981,0.13190199478920395,3.7004700098225953e-11
2025-09-01 02:15:00,MEO02,MEO,12327884.488862457,4165104.467648033,21941633.230068427,0.00010000032400000001,12327884.624049064,4165104.49839924,21941633.10109151,0.00010000031786048153,-0.13518660671186442,-0.03075120708474576,0.12897691627118646,0.18935707090642764,6.139518489764845e-12
2025-09-01 02:30:00,MEO02,MEO,10067832.0020665,5743346.078657871,22724718.581292287,0.00010000036,10067832.258531086,5743346.132649719,22724718.38093866,0.00010000027183293091,-0.2564645848474576,-0.053991847338983046,0.20035362508474577,0.3298951014256709,8.816706908594812e-11
2025-09-01 02:45:00,MEO02,MEO,7876277.486881356,7527184.076738893,23066552.686184697,0.00010000039600000001,7876277.864623919,7527184.153971381,23066552.414454363,0.00010000022580538033,-0.37774256298305087,-0.07723248759322034,0.2717303338983051,0.47169023245062586,1.7019461968213144e-10
2025-09-01 03:00:00,MEO02,MEO,5810819.243098917,9476814.235775571,22960498.07091808,0.000100000432,5810819.7421194585,9476814.3362487,22960497.72781104,0.00010000017977782973,-0.499020541118644,-0.10047312784745763,0.34310704271186443,0.6138719676253974,2.522221702783147e-10
2025-09-01 03:15:00,MEO02,MEO,3921284.7505332045,11542861.147451486,22408614.02309145,0.000100000468,3921284.86393165,11542861.23687847,22408613.890080046,0.00010000045229530039,-0.1133984455,-0.089426983,0.133011403,0.19633753094690576,1.5704699615892263e-11
2025-09-01 03:30:00,MEO02,MEO,2247842.403697755,13668271.526104683,21421616.60605507,0.00010000050400000001,2247842.5698522963,13668271.577405622,21421616.54220118,0.00010000042582769989,-0.166154541,-0.051300939,0.06385389,0.18524696247262598,7.817230011837055e-11
2025-09-01 03:45:00,MEO02,MEO,819530.5471463203,15790544.56910502,20018670.582568713,0.00010000054,819530.7279965598,15790544.628739707,20018670.539094754,0.0001000005782430001,-0.1808502395,-0.059634687500000005,0.043473959,0.1953281602625789,-3.824300009575291e-11
2025-09-01 04:00:00,MEO02,MEO,-346735.69340619165,17844206.766893137,18227017.28806124,0.00010000057600000001,-346735.5195969177,17844206.903807674,18227017.201911308,0.00010000061424300011,-0.173809274,-0.136914536,0.086149931,0.23743854890856947,-3.824300009575291e-11
2025-09-01 04:15:00,MEO02,MEO,-1246639.376819536,19763428.22316628,16081445.67916447,0.000100000612,-1246639.013435166,19763428.402971033,16081445.660546297,0.00010000066120995978,-0.36338437,-0.1798047548,0.018618172400000008,0.40586276812797345,-4.920995977824099e-11
2025-09-01 04:30:00,MEO02,MEO,-1888399.8764883904,21484671.5223251,13623616.828297526,0.000100000648,-1888399.3235289245,21484671.745020073,13623616.877211113,0.00010000070817691947,-0.5529594659999999,-0.22269497359999998,-0.048913586199999984,0.5981218615137341,-6.017691946072906e-11
2025-09-01 04:45:00,MEO02,MEO,-2292178.09064384,22949262.72117347,10901254.980750157,0.00010000068400000001,-2292177.348109278,22949262.98675866,10901255.0971955,0.00010000075514387915,-0.7425345619999999,-0.2655851924,-0.1164453448,0.7971528012321525,-7.114387914321713e-11
2025-09-01 05:00:00,MEO02,MEO,-2488975.0265139276,24105777.206710596,7967220.881701602,0.00010000072,-2488974.0944042695,24105777.515186008,7967221.065678705,0.00010000080211083883,-0.9321096579999999,-0.3084754112,-0.18397710339999995,0.9989159466278131,-8.211083882570521e-11
2025-09-01 05:15:00,MEO02,MEO,-2519071.3197732856,24912140.81956284,4878485.366603712,0.000100000756,-2519070.198088532,24912141.17092847,4878485.618112573,0.00010000084907779851,-1.121684754,-0.35136563,-0.251508862,1.202036272733012,-9.30777985081933e-11
2025-09-01 05:30:00,MEO02,MEO,-2430074.517532994,25337358.472762357,1695023.1449671541,0.00010000079200000001,-2430074.350735833,25337358.560997777,1695023.2096749402,0.00010000088845059851,-0.166797161,-0.088235419,-0.064707786,0.19948403357859817,-9.645059850037989e-11
2025-09-01 05:45:00,MEO02,MEO,-2274657.411168698,25362798.00291235,-1521351.7427867795,0.000100000828,-2274657.2339024134,25362798.083760254,-1521351.6220437246,0.00010000098179917853,-0.1772662848470437,-0.08084790426670951,-0.12074305486696658,0.22921301155562607,-1.5379917852153632e-10
2025-09-01 06:00:00,MEO02,MEO,-2108083.664640134,24982975.525889914,-4708186.18319867,0.00010000086400000001,-2108083.483869466,24982975.60199146,-4708186.06787436,0.00010000101522181317,-0.18077066838817482,-0.07610154506683806,-0.11532431046786633,0.22752840766804544,-1.5122181315651622e-10
2025-09-01 06:15:00,MEO02,MEO,-1985625.9013880938,24205809.35583153,-7803600.656676098,0.0001000009,-1985625.7171130418,24205809.427186716,-7803600.546770532,0.0001000010486444478,-0.18427505192930593,-0.07135518586696658,-0.10990556606876607,0.22611521569004076,-1.4864444779149612e-10
2025-09-01 06:30:00,MEO02,MEO,-1959985.9146309635,23052331.713564217,-10747490.766790628,0.000100000936,-1959985.726851528,23052331.780173045,-10747490.662303807,0.00010000108206708243,-0.18777943547043702,-0.06660882666709513,-0.1044868216696658,0.22497855026244543,-1.4606708242647602e-10
2025-09-01 06:45:00,MEO02,MEO,-2078826.5632682098,21555870.070349377,-13482694.30158773,0.00010000097200000001,-2078826.3719843908,21555870.132211845,-13482694.202519653,0.00010000111548971707,-0.19128381901156813,-0.06186246746722365,-0.09906807727056555,0.22412261873998884,-1.4348971706145592e-10
2025-09-01 07:00:00,MEO02,MEO,-2382520.213008018,19760732.097299796,-15956101.16580344,0.000100001008,-2382520.0182198156,19760732.154415905,-15956101.072154107,0.0001000011489123517,-0.19478820255269924,-0.057116108267352195,-0.09364933287146529,0.22355064577090755,-1.409123516964358e-10
2025-09-01 07:15:00,MEO02,MEO,-2902209.476990547,17720448.89336431,-18119684.63217089,0.00010000104400000001,-2902209.278697961,17720448.945734058,-18119684.543940302,0.00010000118233498634,-0.19829258609383035,-0.05236974906748072,-0.08823058847236503,0.2232648137511817,-1.383349863314157e-10
2025-09-01 07:30:00,MEO02,MEO,-3658262.8838752666,15495649.578190777,-19931433.887765743,0.00010000108,-3658262.682078297,15495649.625814168,-19931433.8049539,0.00010000121575762096,-0.20179696963496147,-0.04762338986760926,-0.08281184407326478,0.22326622166183263,-1.357576209663956e-10
2025-09-01 07:45:00,MEO02,MEO,-4659191.504472713,13151655.689248921,-21356169.76791709,0.000100001116,-4659191.29917136,13151655.732125953,-21356169.69052399,0.0001000012491802556,-0.20530135317609255,-0.04287703066773779,-0.07739309967416452,0.2235548640758952,-1.331802556013755e-10
2025-09-01 08:00:00,MEO02,MEO,-5901073.196406145,10755895.472349199,-22366227.838385154,0.00010000115200000001,-5901072.987600408,10755895.51047987,-22366227.766410798,0.00010000128260289025,-0.20880573671722366,-0.03813067146786633,-0.07197435527506427,0.22412963126252194,-1.3060289023635538e-10
2025-09-01 08:15:00,MEO02,MEO,-7367509.792201123,8375245.613360171,-22941995.56223721,0.000100001188,-7367509.579891003,8375245.646744483,-22941995.4956816,0.00010000131602552487,-0.21231012025835477,-0.03338431226799486,-0.06655561087596401,0.22498833038359298,-1.2802552487133528e-10
2025-09-01 08:30:00,MEO02,MEO,-9030120.15412976,6073410.9143753275,-23072293.121125307,0.000100001224,-9030119.938315257,6073410.943013281,-23072293.05998844,0.00010000134944815952,-0.21581450379948589,-0.028637953068123397,-0.061136866476863755,0.2261277268464887,-1.2544815950631518e-10
2025-09-01 08:45:00,MEO02,MEO,-10849549.488385929,3908450.746406026,-22754590.49646868,0.00010000126,-10849549.269067042,3908450.77029762,-22754590.440750558,0.00010000138287079414,-0.219318887340617,-0.02389159386825193,-0.0557181220777635,0.22754360401857993,-1.2287079414129505e-10
2025-09-01 09:00:00,MEO02,MEO,-12776953.596472465,1930554.8833634201,-21995056.595424145,0.000100001296,-12776953.373649193,1930554.9025086549,-21995056.54512477,0.00010000141629342879,-0.22282327088174808,-0.019145234668380473,-0.05029937767866324,0.22923083878878306,-1.2029342877627498e-10
2025-09-01 09:15:00,MEO02,MEO,-14755896.75360151,180160.80006104987,-20808439.467753794,0.00010000133200000001,-14755896.527273856,180160.81445992534,-20808439.42287316,0.00010000144971606341,-0.2263276544228792,-0.014398875468509001,-0.04488063327956299,0.23118348992714527,-1.1771606341125486e-10
2025-09-01 09:30:00,MEO02,MEO,-16724584.480664916,-1313509.8583820974,-19217779.939447623,0.000100001368,-16724584.250832878,-1313509.848729581,-19217779.899985734,0.00010000148313869804,-0.2298320379640103,-0.009652516268637543,-0.03946188888046273,0.23339489587182616,-1.1513869804623474e-10
2025-09-01 09:45:00,MEO02,MEO,-18618338.348669823,-2533435.554161883,-17253964.223544657,0.000100001404,-18618338.1153334,-2533435.549255726,-17253964.189501513,0.00010000151656133268,-0.23333642150514142,-0.0049061570687660705,-0.034043144481362475,0.2358577784686936,-1.1256133268121466e-10
2025-09-01 10:00:00,MEO02,MEO,-20372209.715093117,-3475259.937036842,-14955124.195214571,0.00010000144000000001,-20372209.47825231,-3475259.9368770444,-14955124.166590171,0.00010000154998396732,-0.23684080504627253,-0.00015979786889461223,-0.02862440008226222,0.238564349286298,-1.0998396731619455e-10
2025-09-01 10:15:00,MEO02,MEO,-21923623.370079547,-4147219.58706946,-12365896.976100413,0.000100001476,-21923623.12973436,-4147219.5916560213,-12365896.952894757,0.00010000158340660195,-0.2403451885874036,0.00458656133097686,-0.023205655683161963,0.24150641539645046,-1.0740660195117442e-10
2025-09-01 10:30:00,MEO02,MEO,-23214940.71552098,-4569538.836937701,-9536558.20474894,0.00010000151200000001,-23214940.47167141,-4569538.846270622,-9536558.186962029,0.0001000016168292366,-0.24384957212853473,0.009332920530848318,-0.017786911284061707,0.2446754819059966,-1.0482923658615433e-10
2025-09-01 10:45:00,MEO02,MEO,-24195835.36914839,-4773318.455402826,-6522045.822621821,0.000100001548,-24195835.121794432,-4773318.469482105,-6522045.810253655,0.00010000165025187122,-0.24735395566966584,0.01407927973071979,-0.012368166884961451,0.2480628490025484,-1.0225187122113422e-10
2025-09-01 11:00:00,MEO02,MEO,-24825381.84238851,-4798966.20779494,-3380893.3310663807,0.000100001584,-24825381.59153017,-4798966.226620579,-3380893.3241169583,0.00010000168367450586,-0.2508583392107969,0.01882563893059125,-0.006949422485861195,0.2516597017911911,-9.967450585611412e-11
2025-09-01 11:15:00,MEO02,MEO,-25073769.860348407,-4694236.523301724,-174093.2324477269,0.00010000162000000001,-25073769.605985686,-4694236.546873722,-174093.23091704882,0.0001000017170971405,-0.25436272275192806,0.02357199813046272,-0.0015306780867609393,0.2554571917113356,-9.709714049109402e-11
2025-09-01 11:30:00,MEO02,MEO,-24923572.475877427,-4511962.887022525,3036087.275724543,0.000100001656,-24923572.21801032,-4511962.915340883,3036087.2718364764,0.00010000175051977513,-0.25786710629305915,0.02831835733033418,0.0038880663123393167,0.2594465088018983,-9.45197751260739e-11
2025-09-01 11:45:00,MEO02,MEO,-24370514.724635452,-4307579.45026643,6187315.357727369,0.000100001692,-24370514.463263962,-4307579.483331147,6187315.3484205585,0.00010000178394240977,-0.26137148983419023,0.03306471653020565,0.009306810711439573,0.2636189445070017,-9.19424097610538e-11
2025-09-01 12:00:00,MEO02,MEO,-23423710.39566576,-4136537.175786393,9218402.871068105,0.000100001728,-23423710.130789887,-4136537.213597469,9218402.85634255,0.00010000181736504439,-0.26487587337532137,0.03781107573007711,0.014725555110539829,0.2679659450704855,-8.93650443960337e-11
2025-09-01 12:15:00,MEO02,MEO,-22105356.679750875,-4051724.235799929,12070494.47114843,0.000100001764,-22105356.411370616,-4051724.2783573642,12070494.45100413,0.00010000185078767903,-0.26838025691645245,0.04255743492994858,0.020144299509640085,0.2724791558506667,-8.678767903101359e-11
2025-09-01 12:30:00,MEO02,MEO,-20449899.07641989,-4101000.1753873783,14688210.419438913,0.00010000180000000001,-20449898.80453525,-4101000.2226911723,14688210.393875869,0.00010000188421031367,-0.2718846404575836,0.04730379412982004,0.02556304390874034,0.2771504570981366,-8.421031366599349e-11
2025-09-01 12:45:00,MEO02,MEO,-18502701.042413183,-4324948.5509295445,17020721.904986713,0.000100001836,-18502700.76702416,-4324948.602979698,17020721.874004927,0.0001000019176329483,-0.2753890239987147,0.0520501533296915,0.030981788307840596,0.28197199188458577,-8.163294830097338e-11
2025-09-01 13:00:00,MEO02,MEO,-16318273.523870625,-4754943.554147551,19022737.999484032,0.000100001872,-16318273.244977217,-4754943.610944063,19022737.9630835,0.00010000195105558294,-0.2788934075398458,0.056796512529562984,0.03640053270694085,0.2869361869581047,-7.905558293595327e-11
2025-09-01 13:15:00,MEO02,MEO,-13958137.866115618,-5411612.922834417,20655385.081956737,0.00010000190800000001,-13958137.583717827,-5411612.984377288,20655385.04013746,0.00010000198447821758,-0.2823977910809769,0.06154287172943444,0.04181927710604111,0.29203576733988007,-7.647821757093317e-11
2025-09-01 13:30:00,MEO02,MEO,-11488410.869993411,-6303762.773448413,21886961.657075733,0.000100001944,-11488410.584091237,-6303762.839737644,21886961.60983771,0.00010000201790085221,-0.285902174622108,0.0662892309293059,0.047238021505141364,0.2972637654786896,-7.390085220591307e-11
2025-09-01 13:45:00,MEO02,MEO,-8977212.322549904,-7427810.56720845,22693553.910604764,0.00010000198000000001,-8977212.033143345,-7427810.63824404,22693553.857947998,0.00010000205132348685,-0.2894065581632391,0.07103559012917736,0.05265676590424162,0.30261352575254613,-7.132348684089296e-11
2025-09-01 14:00:00,MEO02,MEO,-6492002.688406312,-8767751.054647462,23059500.049598943,0.000100002016,-6492002.39549537,-8767751.130429411,23059499.991523433,0.00010000208474612148,-0.2929109417043702,0.07578194932904884,0.058075510303341876,0.3080787050596731,-6.874612147587286e-11
2025-09-01 14:15:00,MEO02,MEO,-4096961.498519448,-10295657.6296733,22977694.411150116,0.000100002052,-4096961.202104123,-10295657.710201608,22977694.347655863,0.00010000211816875612,-0.2964153252455013,0.0805283085289203,0.06349425470244213,0.31365327018085415,-6.616875611085274e-11
2025-09-01 14:30:00,MEO02,MEO,-1850515.1960660536,-11972699.002918078,22449725.434727553,0.00010000208800000001,-1850514.8961463447,-11972699.088192746,22449725.365814555,0.00010000215159139076,-0.29991970878663243,0.08527466772879176,0.06891299910154239,0.3193314925278799,-6.359139074583264e-11
2025-09-01 14:45:00,MEO02,MEO,196883.13017983362,-13750629.419913635,21485844.81907231,0.000100002124,196883.43360392595,-13750629.509934662,21485844.744740568,0.00010000218501402538,-0.3034240923277636,0.09002102692866322,0.07433174350064264,0.32510794082283445,-6.101402538081253e-11
2025-09-01 15:00:00,MEO02,MEO,2004630.3107532104,-15573690.71174654,20104768.462533187,0.00010000216000000001,2004630.6176816863,-15573690.806513926,20104768.382782698,0.00010000221843666002,-0.3069284758688946,0.0947673861285347,0.0797504878997429,0.3309774721836585,-5.843666001579243e-11
2025-09-01 15:15:00,MEO02,MEO,3543428.602105106,-17380847.110481746,18333313.05203295,0.000100002196,3543428.9125379655,-17380847.209995493,18333312.966863718,0.00010000225185929465,-0.31043285941002574,0.09951374532840616,0.08516923229884316,0.3369352220251632,-5.585929465077233e-11
2025-09-01 15:30:00,MEO02,MEO,4796260.471205157,-19108259.71674035,16205875.35710283,0.000100002232,4796260.7851424,-19108259.821000457,16205875.266514853,0.00010000228528192929,-0.3139372429511569,0.10426010452827762,0.09058797669794341,0.342976593122983,-5.3281929285752216e-11
2025-09-01 15:45:00,MEO02,MEO,5758843.1807310255,-20691897.36157946,13763764.339656822,0.00010000226800000001,5758843.498172652,-20691897.470585924,13763764.243650101,0.00010000231870456393,-0.31744162649228796,0.10900646372814908,0.0960067210970437,0.3490972441317621,-5.070456392073211e-11
2025-09-01 16:00:00,MEO02,MEO,6439545.530864986,-22070174.78502482,11054399.04808811,0.000100002304,6439545.8518109955,-22070174.898777645,11054398.946662644,0.00010000235212719856,-0.32094601003341905,0.11375282292802057,0.10142546549614395,0.3552930777985614,-4.8127198555712e-11
2025-09-01 16:15:00,MEO02,MEO,6858771.67899158,-23186507.803738575,8130387.8703683745,0.00010000234,6858772.003441974,-23186507.922237758,8130387.763524164,0.0001000023855498332,-0.3244503935745502,0.11849918212789202,0.10684420989524421,0.3615602290681303,-4.5549833190691906e-11
2025-09-01 16:30:00,MEO02,MEO,7047839.30979584,-23991678.513325475,5048507.024510634,0.00010000237600000001,7047839.637750617,-23991678.636571016,5048506.91224768,0.00010000241897246784,-0.3279547771156813,0.12324554132776348,0.11226295429434446,0.367895053238099,-4.2972467825671794e-11
2025-09-01 16:45:00,MEO02,MEO,7047400.628494169,-24445911.425893236,1868598.1212884223,0.000100002412,7047400.9599533295,-24445911.553885136,1868598.0036067236,0.00010000245239510247,-0.33145916065681236,0.12799190052763493,0.11768169869344472,0.3742941142889763,-4.039510246065168e-11
2025-09-01 17:00:00,MEO02,MEO,6905473.810573494,-24520573.452032097,-1347593.7945027507,0.00010000244800000001,6905474.145537038,-24520573.584770355,-1347593.9176031938,0.00010000248581773711,-0.3349635441979435,0.1327382597275064,0.12310044309254498,0.38075417348561724,-3.781773709563159e-11
2025-09-01 17:15:00,MEO02,MEO,6675168.859381084,-24199426.295626566,-4537619.162213439,0.000100002484,6675169.197849012,-24199426.433111183,-4537619.290732627,0.00010000251924037174,-0.33846792773907464,0.1374846189273779,0.1285191874916452,0.38727217832307864,-3.5240371730611477e-11
2025-09-01 17:30:00,MEO02,MEO,6412204.614300376,-23479378.484101936,-7639536.50325961,0.00010000252,6412204.956272687,-23479378.626332913,-7639536.637197542,0.00010000255266300636,-0.34197231128020567,0.14223097812724933,0.1339379318907455,0.3938452518699825,-3.2663006365591365e-11
2025-09-01 17:45:00,MEO02,MEO,6172322.381025136,-22370705.12454965,-10593115.153492112,0.00010000255600000001,6172322.726501831,-22370705.27152699,-10593115.292848788,0.000100002586085641,-0.3454766948213368,0.14697733732712082,0.13935667628984572,0.40047068254617363,-3.008564100057127e-11
2025-09-01 18:00:00,MEO02,MEO,6008705.955884932,-20896725.683586728,-13341004.77627678,0.000100002592,6008706.30486601,-20896725.835310426,-13341004.9210522,0.00010000261950827563,-0.34898107836246794,0.1517236965269923,0.144775420688946,0.40714591435811703,-2.750827563555116e-11
2025-09-01 18:15:00,MEO02,MEO,5969517.508208633,-19092952.705546137,-15829848.947572721,0.00010000262800000001,5969517.8606940955,-19092952.862016194,-15829849.097766886,0.00010000265293091028,-0.35248546190359903,0.15647005572686373,0.15019416508804623,0.41386853760470443,-2.493091027053107e-11
2025-09-01 18:30:00,MEO02,MEO,6095653.881465152,-17005746.462256975,-18011321.190262895,0.000100002664,6095654.237454997,-17005746.62347339,-18011321.345875803,0.0001000026863535449,-0.3559898454447301,0.16121641492673522,0.1556129094871465,0.420636280057542,-2.2353544905510955e-11
2025-09-01 18:45:00,MEO02,MEO,6418818.581163376,-14690531.143378465,-19843063.34081357,0.0001000027,6418818.9406576045,-14690531.309341239,-19843063.501845222,0.00010000271977617955,-0.35949422898586125,0.16596277412660665,0.16103165388624674,0.42744699861301855,-1.9776179540490843e-11
2025-09-01 19:00:00,MEO02,MEO,6959991.42501436,-12209646.48542544,-21289508.027774263,0.00010000273600000001,6959991.788012972,-12209646.656134574,-21289508.194224663,0.00010000275319881419,-0.36299861252699234,0.17070913332647814,0.16645039828534702,0.43429867140822503,-1.7198814175470754e-11
2025-09-01 19:15:00,MEO02,MEO,7728361.096129933,-9629923.934175245,-22322569.2918585,0.000100002772,7728361.462632929,-9629924.109630737,-22322569.463727646,0.00010000278662144881,-0.3665029960681234,0.17545549252634962,0.17186914268444725,0.4411893903888235,-1.462144881045064e-11
2025-09-01 19:30:00,MEO02,MEO,8720766.364832336,-7020087.902589042,-22922187.937671483,0.000100002808,8720766.734839715,-7020088.0827908935,-22922188.11495937,0.00010000282004408346,-0.37000737960925456,0.1802018517262211,0.17728788708354754,0.4481173543140398,-1.2044083445430525e-11
2025-09-01 19:45:00,MEO02,MEO,9921670.345659489,-4448089.94449741,-23076721.027861,0.00010000284400000001,9921670.719171252,-4448090.129445621,-23076721.21056763,0.0001000028534667181,-0.3735117631503857,0.18494821092609254,0.18270663148264776,0.45508086218188554,-9.466718080410435e-12
2025-09-01 20:00:00,MEO02,MEO,11303669.73070971,-1978486.4092720742,-22783167.95679132,0.00010000288,11303670.107725857,-1978486.5989666444,-22783168.144916695,0.00010000288688935271,-0.37701614669151673,0.18969457012596402,0.18812537588174805,0.4620783070563284,-6.889352715390321e-12
2025-09-01 20:15:00,MEO02,MEO,12828518.428971052,330031.74015526567,-22047228.71401393,0.00010000291600000001,12828518.809491582,330031.54571433633,-22047228.90755805,0.00010000292031198735,-0.38052053023264787,0.19444092932583545,0.19354412028084828,0.4691081702773013,-4.311987350370207e-12
2025-09-01 20:30:00,MEO02,MEO,14448623.387748696,2426854.695013037,-20883193.206219558,0.000100002952,14448623.77177361,2426854.4958257484,-20883193.40518242,0.00010000295373462198,-0.384024913773779,0.19918728852570694,0.19896286467994856,0.47616901603404765,-1.734621985350117e-12
2025-09-01 20:45:00,MEO02,MEO,16108950.484825473,4271323.613409103,-19313663.786733344,0.000100002988,16108950.87235477,4271323.409475455,-19313663.99111495,0.00010000298715725662,-0.3875292973149101,0.20393364772557843,0.2043816090790488,0.4832594862822554,8.427433796699965e-13
2025-09-01 21:00:00,MEO02,MEO,17749261.09265132,5834177.477052971,-17369116.38026362,0.00010000302400000001,17749261.483684998,5834177.268372964,-17369116.590063974,0.00010000302057989126,-0.3910336808560412,0.20868000692544986,0.20980035347814907,0.49037829598564653,3.42010874469011e-12
2025-09-01 21:15:00,MEO02,MEO,19306585.953777738,7098517.750665517,-15087308.7246493,0.00010000306,19306586.3483158,7098517.53723915,-15087308.939868398,0.00010000305400252589,-0.3945380643971723,0.21342636612532134,0.2152190978772493,0.49752422866311147,5.997474109710201e-12
2025-09-01 21:30:00,MEO02,MEO,20717832.955695268,8060251.837832574,-12512547.219915839,0.00010000309600000001,20717833.353737716,8060251.6196598485,-12512547.440553682,0.00010000308742516053,-0.3980424479383034,0.21817272532519283,0.22063784227634958,0.504696132223046,8.574839474730314e-12
2025-09-01 21:45:00,MEO02,MEO,21922419.675040863,8727998.18925607,-9694826.620405547,0.000100003132,21922420.076587696,8727997.966336986,-9694826.846462134,0.00010000312084779516,-0.4015468314794345,0.22291908452506426,0.22605658667544987,0.5118929150672251,1.1152204839750427e-11
2025-09-01 22:00:00,MEO02,MEO,22864820.416067567,9122458.492265958,-6688859.2747840425,0.000100003168,22864820.821118783,9122458.264600515,-6688859.506259373,0.0001000031542704298,-0.4050512150205656,0.22766544372493575,0.2314753310745501,0.5191135424472963,1.3729570204770518e-11
2025-09-01 22:15:00,MEO02,MEO,23496920.944887478,9275284.70791205,-3553012.763399672,0.00010000320400000001,23496921.353443075,9275284.475500247,-3553013.0002937475,0.00010000318769306444,-0.40855559856169676,0.23241180292480718,0.23689407547365038,0.5263570330577728,1.6306935569790632e-11
2025-09-01 22:30:00,MEO02,MEO,23780082.07417595,9227489.887706518,-348176.56114307547,0.00010000324,23780082.48623593,9227489.650548356,-348176.80345589534,0.00010000322111569907,-0.4120599821028278,0.23715816212467866,0.2423128198727506,0.533622455850222,1.8884300934810744e-11
2025-09-01 22:45:00,MEO02,MEO,23686825.34999709,9027470.809037037,2863420.267917245,0.000100003276,23686825.765561454,9027470.567132516,2863420.020185681,0.0001000032545383337,-0.41556436564395893,0.24190452132455015,0.2477315642718509,0.5409089270541797,2.1461666299830837e-11
2025-09-01 23:00:00,MEO02,MEO,23202069.826725647,8728726.715655023,6019417.387019909,0.00010000331200000001,23202070.245794397,8728726.469004143,6019417.1338696005,0.00010000328796096834,-0.4190687491850901,0.24665088052442158,0.2531503086709511,0.5482156073911306,2.403903166485095e-11
2025-09-01 23:15:00,MEO02,MEO,22323867.62878557,8387371.156597496,9058534.052148622,0.000100003348,22323868.051358704,8387370.905200256,9058533.79357957,0.00010000332138360297,-0.42257313272622116,0.25139723972429306,0.2585690530700514,0.5555416994687161,2.6616397029871064e-11
2025-09-01 23:30:00,MEO02,MEO,21063606.905339204,8059542.550994422,11921759.014761915,0.00010000338400000001,21063607.33141672,8059542.2948508235,11921758.750774117,0.00010000335480623761,-0.42607751626735224,0.25614359892416455,0.26398779746915163,0.562886445343102,2.919376239489115e-11
2025-09-01 23:45:00,MEO02,MEO,19445673.01038107,7798823.305765349,14553496.357191578,0.00010000342,19445673.43996297,7798823.044875392,14553496.087785035,0.00010000338822887224,-0.4295818998084834,0.260889958124036,0.2694065418682519,0.5702491242382028,3.177112775991127e-11
2025-09-02 00:00:00,MEO02,MEO,17506581.35485849,7653776.902446597,16902645.01175174,0.000100003456,17506581.787944775,7653776.636810279,16902644.736926455,0.00010000342165150688,-0.4330862833496145,0.26563631732390747,0.27482528626735214,0.5776290504111806,3.4348493124931355e-11
2025-09-02 00:15:00,MEO02,MEO,15293617.432120929,7665707.365815494,18923591.002280965,0.00010000349200000001,15293617.868711596,7665707.095432818,18923590.722036935,0.00010000345507414152,-0.43659066689074555,0.2703826765237789,0.2802440306664524,0.5850255711543282,3.6925858489951474e-11
2025-09-02 00:30:00,MEO02,MEO,12863040.08928654,7866736.140630719,20577093.141527593,0.000100003528,12863040.52938159,7866735.865501683,20577092.85586482,0.00010000348849677615,-0.4400950504318767,0.2751290357236504,0.28566277506555265,0.5924380649241019,3.9503223854971586e-11
2025-09-02 00:45:00,MEO02,MEO,10277922.343248773,8278278.027461688,21831044.98658259,0.00010000356400000001,10277922.786848208,8278277.747586293,21831044.69550107,0.00010000352191941079,-0.44359943397300783,0.27987539492352187,0.29108151946465294,0.5998659395886896,4.208058921999167e-11
2025-09-02 01:00:00,MEO02,MEO,7605719.15753722,8909981.025237655,22661098.257290542,0.0001000036,7605719.604641038,8909980.7406159,22661097.960790277,0.00010000355534204542,-0.44710381751413886,0.2846217541233933,0.29650026386375317,0.6073086307860847,4.465795458501179e-11
2025-09-02 01:15:00,MEO02,MEO,4915662.9718706235,9759175.40151917,23051135.612575863,0.000100003636,4915663.422478825,9759175.112151057,23051135.310656853,0.00010000358876468006,-0.45060820105527,0.2893681133232648,0.30191900826285345,0.6147656003851854,4.72353199500319e-11
2025-09-02 01:30:00,MEO02,MEO,2276094.933572433,10810855.88046684,22993583.604674183,0.00010000367200000001,2276095.3876850177,10810855.586352367,22993583.29733643,0.00010000362218731469,-0.45411258459640114,0.29411447252313627,0.3073377526619537,0.6222363350429533,4.9812685315051995e-11
2025-09-02 01:45:00,MEO02,MEO,-248157.58059042972,12038198.401785152,22489559.734562457,0.000100003708,-248157.12297346158,12038198.10292432,22489559.42180596,0.00010000365560994932,-0.45761696813753217,0.2988608317230077,0.31275649706105396,0.6297203448511538,5.239005068007211e-11
2025-09-02 02:00:00,MEO02,MEO,-2598248.552461316,13403590.402459648,21548850.753177635,0.000100003744,-2598248.0913399644,13403590.098852457,21548850.435002394,0.00010000368903258396,-0.4611213516786633,0.3036071909228792,0.3181752414601542,0.6372171620666431,5.496741604509222e-11
2025-09-02 02:15:00,MEO02,MEO,-4723523.954272024,14860131.950524636,20189722.629754357,0.00010000378,-4723523.4896462895,14860131.642171085,20189722.30616037,0.00010000372245521859,-0.46462573521979444,0.3083535501227506,0.3235939858592545,0.6447263399195954,5.754478141011231e-11
2025-09-02 02:30:00,MEO02,MEO,-6583384.162063581,16353545.223220084,18438565.877171308,0.000100003816,-6583383.693933462,16353544.910120174,18438565.54815858,0.00010000375587785323,-0.4681301187609256,0.3130999093226221,0.3290127302583547,0.6522474514944534,6.012214677513245e-11
2025-09-02 02:45:00,MEO02,MEO,-8148721.510296902,17824412.602711137,16329383.121108308,0.00010000385200000001,-8148721.038662399,17824412.28486487,16329382.786676833,0.00010000378930048787,-0.4716345023020566,0.3178462685224936,0.334431474657455,0.6597800886787519,6.269951214015254e-11
2025-09-02 03:00:00,MEO02,MEO,-9402874.173383862,19210649.783341188,13903128.863005046,0.000100003888,-9402873.698244976,19210649.46074856,13903128.523154827,0.0001000038227231225,-0.47513888584318775,0.322592627722365,0.3398502190565552,0.6673238611753027,6.527687750517262e-11
2025-09-02 03:15:00,MEO02,MEO,-10342057.84333738,20450110.327472173,11206914.256800566,0.000100003924,-10342057.36469411,20450110.000133187,11206913.911531603,0.00010000385614575714,-0.4786432693843189,0.3273389869222365,0.3452689634556555,0.6748783955735496,6.785424287019272e-11
2025-09-02 03:30:00,MEO02,MEO,-10975258.563280229,21483212.490249537,8293092.340492194,0.00010000396000000001,-10975258.081132576,21483212.158164192,8293091.989804486,0.00010000388956839178,-0.4821476529254499,0.332085346122108,0.3506877078547557,0.6824433344761914,7.043160823521286e-11
2025-09-02 03:45:00,MEO02,MEO,-11323592.656632615,22255478.093114056,5218241.48478932,0.000100003996,-11323592.170980578,22255477.756282352,5218241.128682868,0.00010000392299102641,-0.48565203646658106,0.3368317053219794,0.356106452253856,0.69001833567745,7.300897360023295e-11
2025-09-02 04:00:00,MEO02,MEO,-11419162.015028758,22719876.805765294,2042066.7974805715,0.00010000403200000001,-11419161.525872339,22719876.464187227,2042066.435955375,0.00010000395641366105,-0.4891564200077122,0.3415780645218509,0.36152519665295624,0.6976030713896074,7.558633896525303e-11
2025-09-02 04:15:00,MEO02,MEO,-11303454.138812447,22838877.247095045,-1173759.1847939226,0.000100004068,-11303453.646151643,22838876.90077062,-1173759.5517378636,0.00010000398983629566,-0.49266080354884323,0.34632442372172234,0.3669439410520565,0.7051972275146791,7.816370433027317e-11
2025-09-02 04:30:00,MEO02,MEO,-11025355.376771046,22586118.500487402,-4366794.006802534,0.000100004104,-11025354.88060586,22586118.149416618,-4366794.379165219,0.0001000040232589303,-0.49616518708997437,0.3510707829215938,0.37236268545115675,0.7128005029583012,8.074106969529326e-11
2025-09-02 04:45:00,MEO02,MEO,-10638861.98816603,21947631.447674617,-7475037.754673904,0.00010000414000000001,-10638861.48849646,21947631.091857474,-7475038.132455334,0.00010000405668156495,-0.4996695706311055,0.3558171421214653,0.377781429850257,0.7204126089831194,8.331843506031336e-11
2025-09-02 05:00:00,MEO02,MEO,-10200586.272287749,20922558.095988784,-10438136.922918228,0.000100004176,-10200585.769113794,20922557.735425282,-10438137.306118403,0.00010000409010419957,-0.5031739541722366,0.36056350132133674,0.38320017424935726,0.728033268599151,8.589580042533349e-11
2025-09-02 05:15:00,MEO02,MEO,-9767163.54989513,19523338.020145293,-13198556.312746832,0.000100004212,-9767163.043216793,19523337.654835433,-13198556.70136575,0.00010000412352683422,-0.5066783377133677,0.36530986052120823,0.38861891864845755,0.7356622159887666,8.847316579035358e-11
2025-09-02 05:30:00,MEO02,MEO,-9392669.879364867,17775353.284211744,-15702696.206662565,0.000100004248,-9392669.369182145,17775352.914155524,-15702696.60070023,0.00010000415694946884,-0.5101827212544988,0.3700562197210797,0.39403766304755783,0.7432991959641033,9.105053115537367e-11
2025-09-02 05:45:00,MEO02,MEO,-9126159.876699118,15716045.82029907,-17901933.12687731,0.000100004284,-9126159.363012014,15716045.445496492,-17901933.52633372,0.00010000419037210348,-0.51368710479563,0.37480257892095115,0.399456407446658,0.7509439634548658,9.36278965203938e-11
2025-09-02 06:00:00,MEO02,MEO,-9009428.904602135,13393543.270522129,-19753563.96890371,0.00010000432000000001,-9009428.387410646,13393542.89097319,-19753564.37377886,0.00010000422379473813,-0.517191488336761,0.37954893812082263,0.4048751518457583,0.7585962830246163,9.62052618854139e-11
2025-09-02 06:15:00,MEO02,MEO,-9075094.415942732,10864849.82499693,-21221635.177855387,0.000100004356,-9075093.89524686,10864849.440701632,-21221635.588149283,0.00010000425721737275,-0.5206958718778921,0.38429529732069406,0.41029389624485857,0.7662559284137811,9.878262725043399e-11
2025-09-02 06:30:00,MEO02,MEO,-9345077.77882001,8193676.751154281,-22277640.867142964,0.000100004392,-9345077.254619755,8193676.362112625,-22277641.282855604,0.0001000042906400074,-0.5242002554190233,0.38904165652056555,0.41571264064395885,0.7739226821077207,1.0135999261545413e-10
2025-09-02 06:45:00,MEO02,MEO,-9829551.03866725,5448002.347576249,-22901076.324029822,0.00010000442800000001,-9829550.510962611,5448001.953788234,-22901076.745161206,0.00010000432406264204,-0.5277046389601543,0.39378801572043703,0.421131385043059,0.7815963349283255,1.0393735798047421e-10
2025-09-02 07:00:00,MEO02,MEO,-10526393.494991584,2697462.338957944,-23079836.154498637,0.000100004464,-10526392.963782562,2697461.940423569,-23079836.581048768,0.00010000435748527665,-0.5312090225012854,0.39853437492030847,0.4265501294421593,0.7892766856476979,1.065147233454943e-10
2025-09-02 07:15:00,MEO02,MEO,-11421181.507530617,10678.785039525479,-22810449.336556062,0.00010000450000000001,-11421180.97281721,10678.381758791358,-22810449.768524937,0.00010000439090791129,-0.5347134060424166,0.40328073412017995,0.4319688738412596,0.7969635406225806,1.0909208871051444e-10
2025-09-02 07:30:00,MEO02,MEO,-12487712.498912886,-2547361.8900268115,-22098146.617889334,0.000100004536,-12487711.960695095,-2547362.298053905,-22098147.055276953,0.00010000442433054592,-0.5382177895835477,0.40802709332005144,0.4373876182403599,0.8046567134482784,1.1166945407553454e-10
2025-09-02 07:45:00,MEO02,MEO,-13689041.629739627,-4917773.23637753,-20956758.949198812,0.000100004572,-13689041.451476285,-4917773.356293538,-20956759.03250155,0.00010000463082680011,-0.178263342,0.119916008,0.0833027345,0.23042789251920548,-5.88268001058252e-11
2025-09-02 08:00:00,MEO02,MEO,-14978988.030600574,-7049973.609255116,-19408448.9253503,0.00010000460800000001,-14978987.834917933,-7049973.795329573,-19408448.982564114,0.00010000463772299925,-0.195682641,0.186074456,0.057213813,0.27602322286798586,-2.972299923569125e-11
2025-09-02 08:15:00,MEO02,MEO,-16304047.689436527,-8903540.513838176,-17483280.44901819,0.000100004644,-16304047.375431083,-8903540.791315198,-17483280.492681026,0.00010000464034251499,-0.314005444125,0.277477021625,0.043662836437500005,0.4213067288280441,3.657485012097939e-12
2025-09-02 08:30:00,MEO02,MEO,-17605632.941749424,-10449638.189248797,-15218634.972762197,0.00010000468000000001,-17605632.509421177,-10449638.558128383,-15218635.002874058,0.00010000464296203074,-0.43232824724999996,0.36887958725000003,0.030111859875000004,0.5691103472659051,3.7037969259887126e-11
2025-09-02 08:45:00,MEO02,MEO,-18822544.714876324,-11671960.049246326,-12658485.654503826,0.000100004716,-18822544.164225273,-11671960.509528479,-12658485.67106471,0.00010000464558154649,-0.550651050375,0.460282152875,0.016560883312500004,0.7178791697705302,7.041845350767629e-11
2025-09-02 09:00:00,MEO02,MEO,-19893573.814725284,-12567147.92857626,-9852543.520297587,0.000100004752,-19893573.14575143,-12567148.48026098,-9852543.523307493,0.00010000464820106224,-0.6689738535,0.5516847185,0.0030099067500000062,0.8671165462795111,1.037989377554655e-10
2025-09-02 09:15:00,MEO02,MEO,-20760122.027989067,-13144672.002364676,-6855292.213556859,0.00010000478800000001,-20760121.879030466,-13144672.052273374,-6855292.194851368,0.00010000496882400842,-0.1489585999189189,0.049908697108108115,-0.018705490824324322,0.15820694650934994,-1.8082400840766298e-10
2025-09-02 09:30:00,MEO02,MEO,-21368732.876662016,-13426177.832702633,-3724930.0732373837,0.000100004824,-21368732.638051733,-13426177.987892935,-3724929.9640151076,0.00010000495981833264,-0.23861028167567566,0.15519030143243245,-0.10922227629729729,0.30487440335258986,-1.358183326405889e-10
2025-09-02 09:45:00,MEO02,MEO,-21673425.544496883,-13444329.305062622,-522240.0828970684,0.00010000486,-21673425.21623492,-13444329.565534528,-522239.88315800665,0.00010000495081265688,-0.3282619634324324,0.26047190575675677,-0.1997390617702703,0.46421678461893234,-9.081265687351488e-11
2025-09-02 10:00:00,MEO02,MEO,-21637733.643063053,-13241197.312531698,2690590.3669010056,0.00010000489600000001,-21637733.225149408,-13241197.67828521,2690590.657156853,0.00010000494180698112,-0.41791364518918916,0.3657535100810811,-0.29025584724324327,0.6266385735261116,-4.580698110644085e-11
2025-09-02 10:15:00,MEO02,MEO,-21236362.75734006,-12866263.044041201,5851176.98588923,0.000100004932,-21236362.24977473,-12866263.515076315,5851177.3666618625,0.00010000493280130534,-0.5075653269459459,0.4710351144054054,-0.3807726327162162,0.790243277697632,-8.013053393668146e-13
2025-09-02 10:30:00,MEO02,MEO,-20456396.59346848,-12374120.837750293,8898149.914644346,0.00010000496800000001,-20456396.405858807,-12374120.949839037,8898150.104385532,0.00010000503883070116,-0.187609674,0.112088744,-0.189741187,0.2894183725233296,-7.083070115126112e-11
2025-09-02 10:45:00,MEO02,MEO,-19298000.37919665,-11821978.09775289,11772345.357692193,0.000100005004,-19298000.23886949,-11821978.134566985,11772345.501408838,0.00010000519640786453,-0.14032716205882353,0.03681409583823529,-0.14371664495588235,0.2042093634024778,-1.924078645335995e-10
2025-09-02 11:00:00,MEO02,MEO,-17774591.152063012,-11267058.216143418,14417954.380945943,0.00010000504,-17774590.93032492,-11267058.272031324,14417954.620966041,0.00010000524789375425,-0.22173809323529411,0.05588790635294118,-0.24002009782352945,0.33151302753791706,-2.0789375424593003e-10
2025-09-02 11:15:00,MEO02,MEO,-15912466.832372624,-10764016.439629052,16783606.56700569,0.00010000507600000001,-15912466.5292236,-10764016.514590768,16783606.903329242,0.00010000529937964396,-0.3031490244117647,0.07496171686764706,-0.3363235506911765,0.45894675153776865,-2.2337964395826048e-10
2025-09-02 11:30:00,MEO02,MEO,-13749908.584932856,-10362478.003141696,18823367.486727614,0.000100005112,-13749908.2003729,-10362478.097177222,18823367.919354618,0.00010000535086553368,-0.3845599555882353,0.09403552738235295,-0.43262700355882355,0.5864257532376874,-2.38865533670591e-10
2025-09-02 11:45:00,MEO02,MEO,-11335792.978183916,-10104802.648544557,20497630.61892089,0.00010000514800000001,-11335792.512213029,-10104802.761653895,20497631.147851344,0.0001000054023514234,-0.4659708867647059,0.11310933789705883,-0.5289304564264706,0.7139257786123933,-2.543514233829215e-10
2025-09-02 12:00:00,MEO02,MEO,-8727770.929892262,-10024170.073105855,21773886.399556156,0.000100005184,-8727770.738674238,-10024170.092746021,21773886.641838506,0.00010000506316760067,-0.191218025,0.019640166,-0.242282348,0.3092746438972993,1.2083239932606977e-10
2025-09-02 12:15:00,MEO02,MEO,-5990088.526904624,-10143067.31165391,22627353.467674993,0.00010000522,-5990088.38079256,-10143067.32600139,22627353.668329746,0.00010000515051010426,-0.14611206360869566,0.014347480536231878,-0.2006547524057971,0.24863007660530698,6.948989574705683e-11
2025-09-02 12:30:00,MEO02,MEO,-3191139.7643494466,-10472242.116257433,23041459.850948505,0.00010000525600000001,-3191139.5327818203,-10472242.073505996,23041460.17407848,0.00010000514035451699,-0.2315676264347826,-0.04275143685507248,-0.32312997262318843,0.3998302516984861,1.156454830117696e-10
2025-09-02 12:45:00,MEO02,MEO,-400852.44045350794,-11010166.768431075,23008164.747591637,0.000100005292,-400852.12343031866,-11010166.66858072,23008165.19319683,0.00010000513019892972,-0.31702318926086953,-0.09985035424637684,-0.44560519284057976,0.5559116689355876,1.618010702764824e-10
2025-09-02 13:00:00,MEO02,MEO,2311984.601970559,-11743035.264490752,22528114.656517036,0.000100005328,2311985.004449311,-11743035.10754148,22528115.22459745,0.00010000512004334247,-0.4024787520869565,-0.1569492716376812,-0.5680804130579711,0.7136789022026555,2.0795665754119514e-10
2025-09-02 13:15:00,MEO02,MEO,4882342.268627445,-12645294.356237628,21610630.82411244,0.00010000536400000001,4882342.75656176,-12645294.14218944,21610631.514668074,0.0001000051098877552,-0.48793431491304345,-0.21404818902898554,-0.6905556332753624,0.8722176365704756,2.5411224480590795e-10
2025-09-02 13:30:00,MEO02,MEO,7251411.623792146,-13680686.448508514,20273528.251390472,0.0001000054,7251411.773115984,-13680686.362302056,20273528.424361777,0.00010000535441530087,-0.149323838,-0.086206459,-0.172971306,0.24422988119334324,4.5584699132090906e-11
2025-09-02 13:45:00,MEO02,MEO,9368802.237174854,-14803760.795114718,18542769.775891945,0.00010000543600000001,9368802.48042931,-14803760.676420623,18542769.94405455,0.00010000539223438526,-0.24325445665505227,-0.1186940951184669,-0.168162606087108,0.3186529161714109,4.376561474242356e-11
2025-09-02 14:00:00,MEO02,MEO,11194387.778886983,-15961789.69954036,16451961.945116246,0.000100005472,11194388.017772434,-15961789.591901453,16451962.114115829,0.00010000543369133822,-0.23888545062020908,-0.10763890647386759,-0.16899958234843204,0.3117903968034532,3.830866178110718e-11
2025-09-02 14:15:00,MEO02,MEO,12699722.958418123,-17097009.344243035,14041702.470223976,0.000100005508,12699723.192934567,-17097009.24765932,14041702.640060535,0.00010000547514829118,-0.23451644458536586,-0.09658371782926829,-0.16983655860975608,0.3052389784596486,3.285170881979081e-11
2025-09-02 14:30:00,MEO02,MEO,13868973.861672755,-18149091.159070715,11358791.930657908,0.00010000554400000001,13868974.091820193,-18149091.073542185,11358792.101331443,0.00010000551660524415,-0.23014743855052266,-0.085528529184669,-0.1706735348710801,0.29901911022750566,2.7394755858474435e-11
2025-09-02 14:45:00,MEO02,MEO,14699324.119121559,-19057739.87054113,8455325.036200453,0.00010000558,14699324.344899992,-19057739.79606779,8455325.207710965,0.00010000555806219711,-0.22577843251567944,-0.07447334054006968,-0.17151051113240418,0.2931518965815042,2.1937802897158058e-11
2025-09-02 15:00:00,MEO02,MEO,15200841.283929298,-19765308.95954357,5387679.091647633,0.00010000561600000001,15200841.505338725,-19765308.896125417,5387679.26399512,0.00010000559951915007,-0.22140942648083625,-0.06341815189547038,-0.1723474873937282,0.28765891700995655,1.6480849935841685e-11
2025-09-02 15:15:00,MEO02,MEO,15395810.391821912,-20219323.422920972,2215419.3053207523,0.000100005652,15395810.608862331,-20219323.37055801,2215419.478505216,0.00010000564097610302,-0.21704042044599303,-0.05236296325087107,-0.17318446365505225,0.28256199758508505,1.1023896974525314e-11
2025-09-02 15:30:00,MEO02,MEO,15317563.967676537,-20374803.51980153,-999857.8027002371,0.000100005688,15317564.180347951,-20374803.478493758,-999857.6286787973,0.00010000568243305599,-0.21267141441114984,-0.041307774606271774,-0.1740214399163763,0.27788293272730974,5.566944013208937e-12
2025-09-02 15:45:00,MEO02,MEO,15008858.803172568,-20196291.42836347,-4195720.434805169,0.00010000572400000001,15008859.011474976,-20196291.39811088,-4195720.259946752,0.00010000572389000896,-0.20830240837630665,-0.030252585961672476,-0.17485841617770034,0.27364315814745277,1.0999105189256609e-13
2025-09-02 16:00:00,MEO02,MEO,14519868.772913314,-19659495.097881936,-7310113.768863864,0.00010000576,14519868.976846717,-19659495.07868454,-7310113.593168472,0.00010000576534696192,-0.20393340234146343,-0.019197397317073164,-0.17569539243902438,0.26986337946934846,-5.3469619094238106e-12
2025-09-02 16:15:00,MEO02,MEO,13905878.98952461,-18752479.536918733,-10282564.891414106,0.000100005796,13905879.189089006,-18752479.528776526,-10282564.714881737,0.00010000580680391487,-0.1995643963066202,-0.008142208672473866,-0.1765323687003484,0.2665631651865044,-1.0803914870740183e-11
2025-09-02 16:30:00,MEO02,MEO,13224779.049686706,-17476354.663072646,-13055357.014554089,0.000100005832,13224779.244882096,-17476354.665985625,-13055356.837184744,0.00010000584826086783,-0.19519539027177701,0.002912979972125432,-0.17736934496167245,0.26376051707524784,-1.6260867832056558e-11
2025-09-02 16:45:00,MEO02,MEO,12534461.47132647,-15845429.861753188,-15574650.176491693,0.000100005868,12534461.662152855,-15845429.875721356,-15574649.998285372,0.0001000058897178208,-0.19082638423693382,0.013968168616724744,-0.1782063212229965,0.261471435493977,-2.1717820793372935e-11
2025-09-02 17:00:00,MEO02,MEO,11890235.317784531,-13886827.680284372,-17791526.66484237,0.00010000590400000001,11890235.50424191,-13886827.70530773,-17791526.485799074,0.00010000593117477377,-0.1864573782020906,0.025023357261324056,-0.17904329748432055,0.25970950053604935,-2.7174773754689312e-11
2025-09-02 17:15:00,MEO02,MEO,11342364.284815546,-11639571.68590208,-19662940.863443784,0.00010000594,11342364.466903917,-11639571.721980626,-19662940.68356351,0.00010000597263172672,-0.18208837216724738,0.03607854590592334,-0.17988027374564458,0.2584854921190198,-3.263172671600568e-11
2025-09-02 17:30:00,MEO02,MEO,10933833.221417813,-9153185.49489615,-21152555.079286356,0.000100005976,10933833.399137178,-9153185.542029884,-21152554.898569107,0.00010000601408867968,-0.1777193661324042,0.04713373455052265,-0.18071725000696864,0.2578070722095573,-3.8088679677322053e-11
2025-09-02 17:45:00,MEO02,MEO,10698437.388540773,-6485860.414393087,-22231445.120110426,0.00010000601200000001,10698437.561891133,-6485860.472582011,-22231444.938556198,0.00010000605554563265,-0.173350360097561,0.058188923195121964,-0.18155422626829268,0.25767855014424523,-4.3545632638638434e-11
2025-09-02 18:00:00,MEO02,MEO,10659275.13637356,-3702267.1718956153,-22878661.922302023,0.000100006048,10659275.305354916,-3702267.241139727,-22878661.73991082,0.0001000060970025856,-0.16898135406271778,0.06924411183972125,-0.1823912025296167,0.2581007473943868,-4.900258559995481e-11
2025-09-02 18:15:00,MEO02,MEO,10827707.672699505,-871102.0850911603,-23081638.323826022,0.00010000608400000001,10827707.837311853,-871102.1653904608,-23081638.140597843,0.00010000613845953857,-0.16461234802787458,0.08029930048432056,-0.18322817879094075,0.25907097152048175,-5.445953856127118e-11
2025-09-02 18:30:00,MEO02,MEO,11202829.915134566,1937530.8777311605,-22836433.08378969,0.00010000612,11202830.075377908,1937530.7863766714,-22836432.899724536,0.00010000617991649153,-0.16024334199303136,0.09135448912891987,-0.18406515505226478,0.2605831012201594,-5.991649152258755e-11
2025-09-02 18:45:00,MEO02,MEO,11771474.89435434,4654793.843034256,-22147807.41045117,0.000100006156,11771475.050228676,4654793.740624579,-22147807.22554904,0.00010000622137344448,-0.15587433595818817,0.10240967777351918,-0.18490213131358885,0.2626277762849729,-6.537344448390394e-11
2025-09-02 19:00:00,MEO02,MEO,12508751.706449103,7215733.957909923,-21029132.511710327,0.00010000619200000001,12508751.857954433,7215733.844445056,-21029132.32597122,0.00010000626283039745,-0.15150532992334498,0.11346486641811847,-0.18573910757491288,0.26519267898867066,-7.083039744522032e-11
2025-09-02 19:15:00,MEO02,MEO,13379094.542662654,9561739.17847087,-19502129.963196065,0.000100006228,13379094.689798977,9561739.053950815,-19502129.776619982,0.00010000630428735041,-0.14713632388850176,0.12452005506271778,-0.18657608383623692,0.2682628878169898,-7.628735040653669e-11
2025-09-02 19:30:00,MEO02,MEO,14337778.796350362,11642729.442100529,-17596449.935284436,0.000100006264,14337778.93911768,11642729.306525284,-17596449.747871377,0.00010000634574430338,-0.14276731785365854,0.1355752437073171,-0.18741306009756098,0.2718212810810772,-8.174430336785306e-11
2025-09-02 19:45:00,MEO02,MEO,15332840.56295393,13418992.829693025,-15349095.46871352,0.0001000063,15332840.701352242,13418992.683062593,-15349095.280463483,0.00010000638720125633,-0.13839831181881534,0.14663043235191642,-0.18825003635888501,0.27584896700029443,-8.720125632916945e-11
2025-09-02 20:00:00,MEO02,MEO,16307318.834753439,14862591.189670943,-12803703.97777189,0.000100006336,16307318.968782745,14862591.031985322,-12803703.788684877,0.00010000642865820929,-0.13402930578397215,0.15768562099651573,-0.18908701262020905,0.28032571808456214,-9.26582092904858e-11
2025-09-02 20:15:00,MEO02,MEO,17201726.061819527,15958277.719094949,-10009699.932283517,0.00010000637200000001,17201726.19147983,15958277.55035414,-10009699.742359528,0.00010000647011516226,-0.12966029974912893,0.16874080964111499,-0.18992398888153308,0.2852303906003806,-9.811516225180217e-11
2025-09-02 20:30:00,MEO02,MEO,17956643.0758251,16703889.423257329,-7021335.170963886,0.000100006408,17956643.201116394,16703889.24346133,-7021334.980202921,0.00010000651157211521,-0.1252912937142857,0.1797959982857143,-0.19076096514285712,0.29054131393381966,-1.0357211521311855e-10
2025-09-02 20:45:00,MEO02,MEO,18515329.060248952,17110199.347814456,-3896635.48061023,0.000100006444,18515329.18117124,17110199.15696327,-3896635.2890122887,0.00010000655302906818,-0.12092228767944252,0.1908511869303136,-0.19159794140418118,0.2962366391259856,-1.0902906817443493e-10
2025-09-02 21:00:00,MEO02,MEO,18826236.522260837,17200236.076000005,-696273.8956474984,0.00010000648000000001,18826236.638814118,17200235.87409363,-696273.7032125808,0.00010000659448602115,-0.11655328164459933,0.20190637557491292,-0.19243491766550522,0.3022946402053018,-1.144860211357513e-10
2025-09-02 21:15:00,MEO02,MEO,18845325.109266706,17008100.26083293,2517607.4045602633,0.000100006516,18845325.22145098,17008100.047871366,2517607.5978321573,0.0001000066359429741,-0.1121842756097561,0.21296156421951223,-0.19327189392682925,0.3086939657832182,-1.1994297409706768e-10
2025-09-02 21:30:00,MEO02,MEO,18538076.45428639,16577328.985036336,5682603.725133996,0.00010000655200000001,18538076.56210166,16577328.761019584,5682603.919242866,0.00010000667739992706,-0.10781526957491291,0.22401675286411155,-0.19410887018815332,0.3154138414892614,-1.2539992705838405e-10
2025-09-02 21:45:00,MEO02,MEO,17881124.67990569,15958877.628796723,8737259.582429677,0.000100006588,17881124.783351954,15958877.39372478,8737259.777375523,0.00010000671885688002,-0.1034462635400697,0.2350719415087108,-0.19494584644947735,0.32243422611903266,-1.3085688001970043e-10
2025-09-02 22:00:00,MEO02,MEO,16863433.219322827,15208804.886219626,11622261.999728864,0.000100006624,16863433.318400085,15208804.640092496,11622262.195511688,0.00010000676031383299,-0.0990772575052265,0.24612713015331011,-0.19578282271080139,0.32973592588747513,-1.363138329810168e-10
2025-09-02 22:15:00,MEO02,MEO,15486967.553599931,14385758.936798153,14281592.201364493,0.00010000666000000001,15486967.648308182,14385758.679615835,14281592.397984292,0.00010000680177078596,-0.09470825147038328,0.2571823187979094,-0.19661979897212542,0.3373006720222862,-1.4177078594233317e-10
2025-09-02 22:30:00,MEO02,MEO,13766834.523177529,13548371.030532222,16663613.342564166,0.000100006696,13766834.613516774,13548370.762294715,16663613.54002094,0.0001000068432277389,-0.09033924543554009,0.26823750744250874,-0.19745677523344946,0.34511116723517604,-1.4722773890364955e-10
2025-09-02 22:45:00,MEO02,MEO,11730881.166723631,12752666.53908682,18722073.15430276,0.00010000673200000001,11730881.252693871,12752666.259794125,18722073.352596514,0.00010000688468469187,-0.08597023940069687,0.27929269608710805,-0.19829375149477352,0.3531511065140386,-1.5268469186496592e-10
2025-09-02 23:00:00,MEO02,MEO,9418768.637350308,12049602.702013288,20417002.034571584,0.000100006768,9418768.718951542,12049602.411665402,20417002.233702313,0.00010000692614164482,-0.08160123336585368,0.29034788473170736,-0.19913072775609755,0.36140517731720223,-1.581416448262823e-10
2025-09-02 23:15:00,MEO02,MEO,6880558.698314952,11482836.891593032,21715489.147613335,0.000100006804,6880558.775547179,11482836.590189958,21715489.34758104,0.0001000069675985978,-0.07723222733101046,0.3014030733763067,-0.1999677040174216,0.3698590437304343,-1.6359859778759867e-10
2025-09-02 23:30:00,MEO02,MEO,4174870.687714534,11086819.459373767,22592321.461419437,0.00010000684000000001,4174870.760577755,11086819.146915505,22592321.662224118,0.00010000700905555076,-0.07286322129616726,0.31245826202090593,-0.20080468027874565,0.3784993185523966,-1.6905555074891502e-10
2025-09-02 23:45:00,MEO02,MEO,1366684.810084199,10885291.521596368,23030473.315148074,0.000100006876,1366684.8785784144,10885291.198082918,23030473.51678973,0.0001000070505125037,-0.06849421526132404,0.32351345066550524,-0.20164165654006969,0.38731352666540103,-1.7451250371023142e-10
2025-09-03 00:00:00,MEO02,MEO,-1475117.590691762,10890250.96446786,23021437.010415718,0.000100006912,-1475117.526566553,10890250.62989922,23021437.21289435,0.00010000709196945667,-0.06412520922648085,0.33456863931010455,-0.20247863280139372,0.39629006246596243,-1.799694566715478e-10
2025-09-03 00:15:00,MEO02,MEO,-4280375.118201322,11101430.219922295,22565388.007292923,0.00010000694800000001,-4280375.058445118,11101429.874298466,22565388.21060853,0.00010000713342640964,-0.05975620319163766,0.34562382795470387,-0.20331560906271776,0.4054181435980473,-1.854264096328642e-10
2025-09-03 00:30:00,MEO02,MEO,-6980320.359630448,11506307.805669049,21671181.517354522,0.000100006984,-6980320.304243251,11506307.448990032,21671181.721507106,0.0001000071748833626,-0.05538719715679444,0.3566790165993032,-0.2041525853240418,0.4146877627632889,-1.9088336259418054e-10
2025-09-03 00:45:00,MEO02,MEO,-9510196.245287761,12080653.144069724,20356180.559937876,0.00010000702000000001,-9510196.19426957,12080652.776335519,20356180.764927436,0.00010000721634031557,-0.051018191121951245,0.3677342052439025,-0.20498956158536585,0.42408963898058283,-1.9634031555549694e-10
2025-09-03 01:00:00,MEO02,MEO,-11811706.518978216,12789581.715482399,18645918.82028145,0.000100007056,-11811706.47232903,12789581.336693006,18645919.02610799,0.00010000725779726851,-0.046649185087108025,0.37878939388850175,-0.2058265378466899,0.4336151693306689,-2.0179726851681329e-10
2025-09-03 01:15:00,MEO02,MEO,-13835199.047731388,13589076.10508909,16573604.855907153,0.000100007092,-13835199.00545121,13589075.715244507,16573605.062570667,0.00010000729925422148,-0.04228017905226483,0.38984458253310106,-0.20666351410801392,0.4432563819445499,-2.0725422147812963e-10
2025-09-03 01:30:00,MEO02,MEO,-15541491.87728915,14427908.869461466,14179477.278188732,0.00010000712800000001,-15541491.839377977,14427908.468561694,14179477.485689223,0.00010000734071117445,-0.03791117301742161,0.40089977117770037,-0.207500490369338,0.4530058907711964,-2.1271117443944603e-10
2025-09-03 01:45:00,MEO02,MEO,-16903266.886095013,15249886.20368161,11510023.42969836,0.000100007164,-16903266.852552846,15249885.79172665,11510023.638035826,0.0001000073821681274,-0.03354216698257842,0.4119549598222997,-0.20833746663066202,0.4628568524826676,-2.181681274007624e-10
2025-09-03 02:00:00,MEO02,MEO,-17905973.97900207,15996317.842527293,8617076.728458663,0.00010000720000000001,-17905973.949828908,15996317.419517145,8617076.937633106,0.00010000742362508037,-0.0291731609477352,0.423010148466899,-0.20917444289198606,0.4728029257363401,-2.236250803620788e-10
2025-09-03 02:15:00,MEO02,MEO,-18548209.23455669,16608609.04843002,5556810.206180728,0.000100007236,-18548209.209752534,16608608.614364684,5556810.416192147,0.00010000746508203332,-0.024804154912892007,0.4340653371114983,-0.2100114191533101,0.48283823290771904,-2.2908203332339516e-10
2025-09-03 02:30:00,MEO02,MEO,-18841552.418673508,17030865.32671798,2388645.7831946583,0.000100007272,-18841552.398238357,17030864.881597456,2388645.9940430536,0.00010000750653898629,-0.020435148878048787,0.4451205257560976,-0.21084839541463413,0.4929573243273485,-2.3453898628471156e-10
2025-09-03 02:45:00,MEO02,MEO,-18809871.88099836,17212399.884051718,-825899.5410601599,0.00010000730800000001,-18809871.86493222,17212399.427876003,-825899.3293747882,0.00010000754799593926,-0.016066142843205594,0.45617571440069693,-0.2116853716759582,0.5031551449964842,-2.3999593924602793e-10
2025-09-03 03:00:00,MEO02,MEO,-18488127.11117703,17110037.835617397,-4024408.1781923766,0.000100007344,-18488127.099479895,17110037.368386492,-4024407.9656700287,0.00010000758945289221,-0.011697136808362374,0.46723090304529624,-0.21252234793728222,0.513427003714074,-2.454528922073443e-10
2025-09-03 03:15:00,MEO02,MEO,-17920720.21790635,16690119.603819283,-7144773.927965109,0.00010000738,-17920720.210578218,16690119.125533191,-7144773.714605785,0.00010000763090984518,-0.007328130773519181,0.47828609168989555,-0.21335932419860626,0.5237685445185831,-2.509098451686607e-10
2025-09-03 03:30:00,MEO02,MEO,-17159466.4248376,15930118.482713528,-10126407.90910479,0.00010000741600000001,-17159466.421878476,15930117.993372248,-10126407.69490849,0.00010000767236679814,-0.002959124738675961,0.48934128033449487,-0.21419630045993032,0.5341757203293149,-2.56366798129977e-10
2025-09-03 03:45:00,MEO02,MEO,-16261269.565245558,14819803.443432644,-12911415.027968096,0.000100007452,-16261269.566655438,14819802.943036174,-12911414.81293482,0.00010000771382375109,0.0014098812961672313,0.5003964689790941,-0.21503327672125436,0.5446447686607246,-2.618237510912934e-10
2025-09-03 04:00:00,MEO02,MEO,-15285600.836396929,13361897.251886787,-15445718.141296048,0.00010000748800000001,-15285600.842175817,13361896.740435129,-15445717.925425794,0.00010000775528070406,0.005778887331010452,0.5114516576236934,-0.2158702529825784,0.5551721892778587,-2.6728070405260975e-10
2025-09-03 04:15:00,MEO02,MEO,-14291887.230549015,11572201.065259462,-17680108.08492069,0.000100007524,-14291887.240696909,11572200.542752616,-17680107.86821346,0.00010000779673765702,0.010147893365853644,0.5225068462682927,-0.21670722924390243,0.565754723659972,-2.7273765701392617e-10
2025-09-03 04:30:00,MEO02,MEO,-13336919.751131909,9479178.984369751,-19571199.179767974,0.00010000756,-13336919.765648808,9479178.450807717,-19571198.96222377,0.00010000783819460999,0.014516899400696837,0.533562034912892,-0.21754420550522646,0.5763893361413762,-2.7819460997524255e-10
2025-09-03 04:45:00,MEO02,MEO,-12472390.59569242,7123018.630016757,-21082271.661870725,0.00010000759600000001,-12472390.614578325,7123018.085399534,-21082271.443489544,0.00010000787965156294,0.01888590543554003,0.5446172235574913,-0.21838118176655053,0.5870731966027284,-2.836515629365589e-10
2025-09-03 05:00:00,MEO02,MEO,-11742662.980996761,4554205.736317046,-22183984.678727698,0.000100007632,-11742663.004251674,4554205.180644634,-22183984.45950954,0.0001000079211085159,0.023254911470383277,0.5556724122020906,-0.21921815802787456,0.5978036645915777,-2.891085158978753e-10
2025-09-03 05:15:00,MEO02,MEO,-11182867.431629352,1831671.094037174,-22854946.007590402,0.00010000766800000001,-11182867.45925327,1831670.5273095733,-22854945.78753527,0.00010000796256546887,0.02762391750522647,0.5667276008466899,-0.2200551342891986,0.6085782747575023,-2.9456546885919167e-10
2025-09-03 05:30:00,MEO02,MEO,-10817404.565075148,-979413.9203498806,-23082127.433322,0.000100007704,-10817404.597068071,-979414.4981326701,-23082127.212429892,0.00010000800402242182,0.03199292354006966,0.5777827894912893,-0.22089211055052266,0.6193947234941872,-3.0002242182050804e-10
2025-09-03 05:45:00,MEO02,MEO,-10658917.262122056,-3810102.2789515187,-22861117.72033828,0.00010000774,-10658917.298483985,-3810102.8677894967,-22861117.498609193,0.00010000804547937479,0.036361929574912855,0.5888379781358886,-0.2217290868118467,0.6302508566880235,-3.0547937478182436e-10
2025-09-03 06:00:00,MEO02,MEO,-10707775.33062698,-6590294.838161343,-22196208.266614374,0.00010000777600000001,-10707775.371357916,-6590295.438054509,-22196208.04404831,0.00010000808693632775,0.0407309356097561,0.5998931667804879,-0.22256606307317073,0.641144658480018,-3.109363277431408e-10
2025-09-03 06:15:00,MEO02,MEO,-10952094.182923418,-9251413.96437201,-21100309.776593275,0.000100007812,-10952094.22802336,-9251414.575320367,-21100309.553190235,0.0001000081283932807,0.045099941644599295,0.6109483554250872,-0.22340303933449476,0.6520742409548583,-3.1639328070445716e-10
2025-09-03 06:30:00,MEO02,MEO,-11368286.557819301,-11729016.629011225,-19594701.57097788,0.000100007848,-11368286.607288249,-11729017.25101477,-19594701.346737865,0.00010000816985023367,0.04946894767944249,0.6220035440696865,-0.2242400155958188,0.6630378346777618,-3.2185023366577354e-10
2025-09-03 06:45:00,MEO02,MEO,-11922123.870435808,-13965238.871626046,-17708618.40111785,0.00010000788400000001,-11922123.924273761,-13965239.504684778,-17708618.176040858,0.00010000821130718664,0.05383795371428568,0.6330587327142858,-0.22507699185714286,0.67403378000618,-3.273071866270899e-10
2025-09-03 07:00:00,MEO02,MEO,-12570262.308515515,-15910970.572324425,-15478682.790914103,0.00010000792,-12570262.366722476,-15910971.216438346,-15478682.565000135,0.0001000082527641396,0.05820695974912893,0.644113921358885,-0.2259139681184669,0.6850605191095078,-3.327641395884063e-10
2025-09-03 07:15:00,MEO02,MEO,-13262169.212510992,-17527670.74560319,-12948193.928592967,0.00010000795600000001,-13262169.275086958,-17527671.4007723,-12948193.701842023,0.00010000829422109255,0.06257596578397212,0.6551691100034843,-0.22675094437979093,0.6961165886356119,-3.3822109254972266e-10
2025-09-03 07:30:00,MEO02,MEO,-13942368.40003845,-18788748.594225436,-10166286.916106636,0.000100007992,-13942368.46698342,-18788749.260449734,-10166286.688518714,0.00010000833567804551,0.06694497181881531,0.6662242986480836,-0.227587920641115,0.7072006129682719,-3.4367804551103903e-10
2025-09-03 07:45:00,MEO02,MEO,-14552909.631049477,-19680453.71475987,-7186978.701213862,0.000100008028,-14552909.702363454,-19680454.39203936,-7186978.472788965,0.00010000837713499848,0.0713139778536585,0.677279487292683,-0.22842489690243903,0.7183112980244996,-3.491349984723554e-10
2025-09-03 08:00:00,MEO02,MEO,-15035957.92320298,-20202239.36505639,-4068119.2176035554,0.00010000806400000001,-15035957.998885965,-20202240.05339107,-4068118.988341682,0.00010000841859195145,0.0756829838885017,0.6883346759372823,-0.22926187316376306,0.7294474255451917,-3.545919514336718e-10
2025-09-03 08:15:00,MEO02,MEO,-15336393.31553585,-20366584.72859432,-870268.099022233,0.0001000081,-15336393.395587841,-20366585.427984186,-870267.8689233836,0.0001000084600489044,0.08005198992334495,0.6993898645818816,-0.2300988494250871,0.7406078478366934,-3.6004890439498815e-10
2025-09-03 08:30:00,MEO02,MEO,-15404311.157358987,-20198284.718494326,2344481.221486755,0.00010000813600000001,-15404311.241779983,-20198285.42893938,2344481.4524225807,0.00010000850150585736,0.08442099595818814,0.7104450532264809,-0.23093582568641113,0.7517914829246299,-3.6550585735630453e-10
2025-09-03 08:45:00,MEO02,MEO,-15197317.090634828,-19733238.10782571,5513707.194488445,0.000100008172,-15197317.17942483,-19733238.82932595,5513707.426261247,0.00010000854296281031,0.08879000199303133,0.7215002418710802,-0.2317728019477352,0.7629973100848088,-3.709628103176209e-10
2025-09-03 09:00:00,MEO02,MEO,-14682519.426874215,-19016785.72073917,8575872.208175218,0.000100008208,-14682519.520033224,-19016786.4532946,8575872.440784996,0.00010000858441976328,0.09315900802787452,0.7325554305156795,-0.23260977820905923,0.7742243657191484,-3.7641976327893727e-10
2025-09-03 09:15:00,MEO02,MEO,-13838134.236568471,-18101669.193343204,11471517.478759348,0.00010000824400000001,-13838134.334096486,-18101669.936953824,11471517.712206103,0.00010000862587671625,0.09752801406271777,0.7436106191602788,-0.23344675447038327,0.7854717395474559,-3.818767162402536e-10
2025-09-03 09:30:00,MEO02,MEO,-12654634.641892847,-17045696.627667513,14144417.575769246,0.00010000828,-12654634.743789867,-17045697.38233332,14144417.810052976,0.00010000866733366921,0.10189702009756096,0.7546658078048781,-0.23428373073170733,0.7967385710884839,-3.8733366920157007e-10
2025-09-03 09:45:00,MEO02,MEO,-11135394.854337562,-15909213.654167552,16542672.164557979,0.000100008316,-11135394.960603587,-15909214.419888549,16542672.399678685,0.00010000870879062216,0.10626602613240416,0.7657209964494774,-0.23512070699303134,0.8080240464060808,-3.927906221628864e-10
2025-09-03 10:00:00,MEO02,MEO,-9296800.629845167,-14752486.477504369,18619713.767401505,0.000100008352,-9296800.7404802,-14752487.254280554,18619714.003359187,0.00010000875024757512,0.11063503216724735,0.7767761850940768,-0.2359576832543554,0.8193273950983928,-3.9824757512420277e-10
2025-09-03 10:15:00,MEO02,MEO,-7167820.139527528,-13633107.069522366,20335211.97524931,0.000100008388,-7167820.254531566,-13633107.85735374,20335212.212043967,0.00010000879170452809,0.1150040382020906,0.787831373738676,-0.23679465951567943,0.8306478875100471,-4.0370452808551914e-10
2025-09-03 10:30:00,MEO02,MEO,-4789051.838568294,-12603529.642544866,21655856.55283574,0.00010000842400000001,-4789051.957941338,-12603530.441431427,21655856.790467378,0.00010000883316148106,0.11937304423693379,0.7988865623832753,-0.23763163577700347,0.8419848321490204,-4.0916148104683546e-10
2025-09-03 10:45:00,MEO02,MEO,-2211287.8130658804,-11708841.929085745,22556004.231411867,0.00010000846,-2211287.936807931,-11708842.739027496,22556004.46988048,0.00010000887461843401,0.12374205027177698,0.8099417510278746,-0.23846861203832753,0.8533375732915133,-4.1461843400815194e-10
2025-09-03 11:00:00,MEO02,MEO,506348.6233451101,-10984864.84640625,23018176.630172614,0.000100008496,506348.4952340538,-10984865.66740319,23018176.869478203,0.00010000891607538697,0.12811105630662017,0.8209969396724739,-0.23930558829965157,0.864705488759617,-4.2007538696946826e-10
2025-09-03 11:15:00,MEO02,MEO,3298614.474639274,-10456660.25356136,23033399.63811878,0.00010000853200000001,3298614.3421592116,-10456661.08561349,23033399.878261346,0.00010000895753233994,0.13248006234146337,0.8320521283170732,-0.2401425645609756,0.876087987857893,-4.2553233993078464e-10
2025-09-03 11:30:00,MEO02,MEO,6096616.507300879,-10137509.296630187,22601377.6664973,0.000100008568,6096616.370451811,-10137510.139737504,22601377.907476842,0.0001000089989892929,0.13684906837630662,0.8431073169616725,-0.24097954082229966,0.8874845094561931,-4.30989292892101e-10
2025-09-03 11:45:00,MEO02,MEO,8830436.5357722,-10028404.006720373,21730499.388318125,0.00010000860400000001,8830436.394554127,-10028404.860882878,21730499.630134642,0.00010000904044624586,0.1412180744111498,0.8541625056062718,-0.24181651708362367,0.8988945202071441,-4.3644624585341744e-10
2025-09-03 12:00:00,MEO02,MEO,11431803.941887384,-10118073.196848055,20437674.853502125,0.00010000864,11431803.796300303,-10118074.06206575,20437675.096155617,0.00010000908190319882,0.145587080445993,0.8652176942508711,-0.24265349334494773,0.9103175128877223,-4.419031988147338e-10
2025-09-03 12:15:00,MEO02,MEO,13836704.818674421,-10383541.204622585,18748007.142434556,0.000100008676,13836704.668718334,-10383542.080895469,18748007.385925025,0.00010000912336015178,0.1499560864808362,0.8762728828954705,-0.24349046960627177,0.921753004855243,-4.4736015177605013e-10
2025-09-03 12:30:00,MEO02,MEO,15987819.754284268,-10791195.59139404,16694304.933503387,0.00010000871200000001,15987819.599959176,-10791196.478722112,16694305.177830834,0.00010000916481710475,0.15432509251567944,0.8873280715400698,-0.2443274458675958,0.9332005366089194,-4.528171047373665e-10
2025-09-03 12:45:00,MEO02,MEO,17836689.415695332,-11298318.476111293,14316445.449216241,0.000100008748,17836689.257001232,-11298319.374494553,14316445.694380663,0.0001000092062740577,0.15869409855052263,0.8983832601846691,-0.24516442212891987,0.9446596704488898,-4.5827405769868283e-10
2025-09-03 13:00:00,MEO02,MEO,19345518.455071677,-11855016.65243537,11660600.150719576,0.000100008784,19345518.29200857,-11855017.561873818,11660600.396720974,0.00010000924773101067,0.16306310458536583,0.9094384488292684,-0.2460013983902439,0.9561299892252931,-4.637310106599993e-10
2025-09-03 13:15:00,MEO02,MEO,20488543.368154738,-12406468.829762086,8778338.215595491,0.00010000882,20488543.200722627,-12406469.750255724,8778338.462433865,0.00010000928918796363,0.16743211062020902,0.9204936374738677,-0.24683837465156794,0.9676110951705948,-4.691879636213157e-10
2025-09-03 13:30:00,MEO02,MEO,21252908.150994483,-12895394.957707996,5725625.2069194615,0.000100008856,21252907.979193367,-12895395.889256822,5725625.454594812,0.00010000933064491658,0.17180111665505227,0.931548826118467,-0.247675350912892,0.9791026088089241,-4.746449165826321e-10
2025-09-03 13:45:00,MEO02,MEO,21639012.16543643,-13264643.200652013,2561736.376657529,0.00010000889200000001,21639012.14197343,-13264643.355790475,2561736.4276818247,0.00010000888167911858,0.02346300325,0.1551384622647059,-0.051024295705882364,0.16499070806457075,1.0320881427126182e-11
2025-09-03 14:00:00,MEO02,MEO,21660316.67352279,-13459785.118255833,-651894.2959478173,0.000100008928,21660316.622078992,-13459785.442646883,-651894.1196503774,0.00010000889996747142,0.051443797,0.32439105005882357,-0.17629743982352944,0.3727691039992107,2.803252858035149e-11
2025-09-03 14:15:00,MEO02,MEO,21342619.112553176,-13431609.189949581,-3852866.9825133956,0.000100008964,21342619.033128586,-13431609.68359322,-3852866.6809428115,0.00010000891825582428,0.07942459075,0.49364363785294124,-0.30157058394117653,0.5838982136529559,4.574417573357679e-11
2025-09-03 14:30:00,MEO02,MEO,20722826.408648938,-13138407.014103422,-6979027.637770188,0.00010000900000000001,20722826.301243555,-13138407.676999647,-6979027.21092646,0.00010000893654417713,0.1074053845,0.6628962256470589,-0.4268437280588236,0.7957153327540347,6.345582288680211e-11
2025-09-03 14:45:00,MEO02,MEO,19847279.536169097,-12547955.14062648,-9969674.859391795,0.000100009036,19847279.40078292,-12547955.972775294,-9969674.307274923,0.00010000895483252996,0.13538617825,0.8321488134411765,-0.5521168721764707,1.0077867361275539,8.11674700400274e-11
2025-09-03 15:00:00,MEO02,MEO,18769700.247297935,-11639108.197768267,-12766738.541508064,0.00010000907200000001,18769700.22775137,-11639108.259484097,-12766738.474099092,0.00010000900085530163,0.019546565,0.06171583,-0.067408971,0.0934605865975972,7.114469837663495e-11
2025-09-03 15:15:00,MEO02,MEO,17548846.636581942,-10402935.21782957,-15315907.435714277,0.000100009108,17548846.60071977,-10402935.284895636,-15315907.37781579,0.00010000901627149995,0.035862174,0.067066066,-0.057898486,0.09558340553576665,9.172850005452774e-11
2025-09-03 15:30:00,MEO02,MEO,16245976.309905322,-8843350.171767004,-17567683.725451782,0.000100009144,16245976.273983786,-8843350.257492622,-17567683.62320125,0.00010000908137529916,0.035921536,0.085725619,-0.102250531,0.13818252274189533,6.262470085221424e-11
2025-09-03 15:45:00,MEO02,MEO,14922223.889552234,-6977208.888714491,-19478344.13684388,0.00010000918000000001,14922223.900573771,-6977209.096296844,-19478343.863036025,0.00010000898975029195,-0.011021537923076925,0.20758235223076923,-0.2738078536923077,0.3437770323908174,1.9024970806765464e-10
2025-09-03 16:00:00,MEO02,MEO,13636003.07343831,-4833866.876314922,-21010788.92386591,0.000100009216,13636003.131402921,-4833867.205754008,-21010788.478500735,0.00010000889812528472,-0.05796461184615385,0.32943908546153844,-0.44536517638461537,0.5569920534373086,3.1787471528309504e-10
2025-09-03 16:15:00,MEO02,MEO,12440542.331740528,-2454215.1352119036,-22135262.242907103,0.00010000925200000001,12440542.436648214,-2454215.5865077223,-22135261.625984605,0.00010000880650027751,-0.10490768576923076,0.4512958186923077,-0.6169224990769231,0.7715354226281073,4.454997224985354e-10
2025-09-03 16:30:00,MEO02,MEO,11381657.616157519,110767.07007116964,-22829929.929037265,0.000100009288,11381657.768008279,110766.49691861772,-22829929.14055744,0.00010000871487527029,-0.15185075969230769,0.5731525519230769,-0.7884798217692308,0.9865408913635078,5.731247297139758e-10
2025-09-03 16:45:00,MEO02,MEO,10495855.415712887,2801883.2779335007,-23081303.4551623,0.000100009324,10495855.423077915,2801883.245121125,-23081303.374874577,0.00010000935372299924,-0.007365027500000003,0.032812375500000004,-0.080287725,0.08704604759381314,-2.972299923569125e-11
2025-09-03 17:00:00,MEO02,MEO,9808845.539832953,5553937.758152384,-22884501.841951214,0.00010000936000000001,9808845.65094215,5553937.661237778,-22884501.7089358,0.00010000938972299924,-0.111109197,0.096914606,-0.133015411,0.19857188642307594,-2.972299923569125e-11
2025-09-03 17:15:00,MEO02,MEO,9334525.72979165,8298208.774355983,-22243346.43296865,0.000100009396,9334525.71648963,8298208.753191119,-22243346.37214553,0.00010000939661915,0.0133020205,0.0211648645,-0.0608231195,0.0657597681291309,-6.191499987634813e-13
2025-09-03 17:30:00,MEO02,MEO,9074480.318365237,10965074.92970568,-21170286.69474134,0.000100009432,9074480.40723349,10965074.817430917,-21170286.56736657,0.00010000934530759896,-0.088868253,0.112274762,-0.12737477,0.19164425534302235,8.669240104766077e-11
2025-09-03 17:45:00,MEO02,MEO,9018013.508537317,13486685.899846137,-19686158.482515827,0.00010000946800000001,9018013.61828946,13486685.822030308,-19686158.348166488,0.00010000942319149953,-0.10975214249999998,0.077815829,-0.13434933799999998,0.19013306037440145,4.480850048602623e-11
2025-09-03 18:00:00,MEO02,MEO,9142715.333305756,15799566.9603436,-17819779.465519622,0.000100009504,9142715.504533652,15799566.863515634,-17819779.332882747,0.0001000094420164358,-0.1712278973296703,0.0968279644835165,-0.13263687332967034,0.2372492101074991,6.198356421437584e-11
2025-09-03 18:15:00,MEO02,MEO,9415535.934035573,17847049.447032172,-15607389.567447646,0.00010000954000000001,9415536.121881034,17847049.360653717,-15607389.479706109,0.00010000948951968847,-0.18784546032417582,0.08637845670879121,-0.08774153632417582,0.22460127324732757,5.048031154463342e-11
2025-09-03 18:30:00,MEO02,MEO,9794322.394816423,19581426.53265079,-13091947.287275378,0.000100009576,9794322.599279447,19581426.456721842,-13091947.244429179,0.00010000953702294113,-0.20446302331868133,0.07592894893406595,-0.04284619931868132,0.22227489733864186,3.897705887489099e-11
2025-09-03 18:45:00,MEO02,MEO,10229752.89238483,20965745.158523645,-10322295.563903729,0.000100009612,10229753.113465417,20965745.093044203,-10322295.565952865,0.0001000095845261938,-0.2210805863131868,0.06547944115934068,0.002049137686813196,0.23058270061819797,2.7473806205148572e-11
2025-09-03 19:00:00,MEO02,MEO,10667586.182244135,21975160.14597252,-7352213.3812379865,0.00010000964800000001,10667586.419942284,21975160.090942588,-7352213.428182461,0.00010000963202944648,-0.23769814930769229,0.0550299333846154,0.0469444746923077,0.2484602331496006,1.5970553535406148e-11
2025-09-03 19:15:00,MEO02,MEO,11051131.143725302,22597794.792501893,-4239371.528913089,0.000100009684,11051131.398041014,22597794.747921467,-4239371.620752901,0.00010000967953269914,-0.2543157123021978,0.044580425609890124,0.09183981169780217,0.27404095840589404,4.46730086566373e-12
2025-09-03 19:30:00,MEO02,MEO,11323831.807671815,22835072.866766203,-1044212.7949024243,0.00010000972000000001,11323832.078605091,22835072.832635287,-1044212.931637573,0.00010000972703595181,-0.2709332752967033,0.03413091783516485,0.1367351487032967,0.3053952522652942,-7.035951804078688e-12
2025-09-03 19:45:00,MEO02,MEO,11431858.380391268,22701508.990504306,2171221.666419626,0.000100009756,11431858.667942107,22701508.966822896,2171221.4847891405,0.00010000977453920447,-0.28755083829120875,0.02368141006043957,0.18163048570879123,0.34093390433226056,-1.8539204473821118e-11
2025-09-03 20:00:00,MEO02,MEO,11326594.462651692,22223967.010266628,5344497.00207688,0.000100009792,11326594.766820094,22223966.997034725,5344496.775551057,0.00010000982204245715,-0.3041684012857143,0.013231902285714303,0.2265258227142857,0.3794831326095931,-3.004245714356353e-11
2025-09-03 20:15:00,MEO02,MEO,10966914.956377637,21440418.16944898,8413996.972827036,0.00010000982800000001,10966915.2771636,21440418.166666586,8413996.701405875,0.00010000986954570982,-0.32078596428021977,0.0027823945109890225,0.2714211597197802,0.4202152097937861,-4.154570981330595e-11
2025-09-03 20:30:00,MEO02,MEO,10321157.87463313,20398251.761589803,11320120.370283036,0.000100009864,10321158.212036656,20398251.769256916,11320120.053966539,0.00010000991704896248,-0.3374035272747253,-0.007667113263736244,0.31631649672527473,0.4625538357248548,-5.304896248304838e-11
2025-09-03 20:45:00,MEO02,MEO,9368706.057155758,19152209.60482627,14006438.307700261,0.0001000099,9368706.41117685,19152209.62294289,14006437.946488427,0.00010000996455221516,-0.3540210902692308,-0.018116621038461525,0.36121183373076915,0.5060959722625846,-6.455221515279081e-11
2025-09-03 21:00:00,MEO02,MEO,8101111.108394801,17762031.343320034,16420789.91304496,0.00010000993600000001,8101111.479033454,17762031.371886164,16420789.506937789,0.00010001001205546783,-0.37063865326373624,-0.028566128813186792,0.4061071707362637,0.5505561453039468,-7.605546782253322e-11
2025-09-03 21:15:00,MEO02,MEO,6522711.034121352,16289909.598281996,18516295.149007313,0.000100009972,6522711.4213775685,16289909.637297632,18516294.698004805,0.00010001005955872049,-0.38725621625824175,-0.03901563658791207,0.4510025077417582,0.5957288468073078,-8.755872049227565e-11
2025-09-03 21:30:00,MEO02,MEO,4650714.253308812,14797861.855843758,20252265.09379715,0.00010001000800000001,4650714.657182591,14797861.905308902,20252264.597899307,0.00010001010706197316,-0.40387377925274726,-0.049465144362637326,0.49589784474725274,0.641463562877646,-9.906197316201807e-11
2025-09-03 21:45:00,MEO02,MEO,2514745.01567737,13345129.362379966,21594992.0075806,0.000100010044,2514745.4361687126,13345129.422294619,21594991.46678742,0.00010001015456522583,-0.42049134224725276,-0.059914652137362606,0.5407931817527473,0.6876481657620396,-1.1056522583176047e-10
2025-09-03 22:00:00,MEO02,MEO,155867.8251578901,11985712.05874749,22518403.843653653,0.00010001008,155868.26226679533,11985712.129111651,22518403.257965133,0.00010001020206847851,-0.4371089052417582,-0.07036415991208789,0.5856885187582417,0.7341977601756937,-1.2206847850150292e-10
2025-09-03 22:15:00,MEO02,MEO,-2374869.690365757,10766142.775803491,23004570.495551452,0.00010001011600000001,-2374869.2366392887,10766142.856617158,23004569.864967596,0.00010001024957173119,-0.4537264682362637,-0.08081366768681317,0.6305838557637362,0.7810470894978153,-1.3357173117124532e-10
2025-09-03 22:30:00,MEO02,MEO,-5018315.82778604,9723593.778548034,23044051.950175215,0.000100010152,-5018315.357442008,9723593.869811209,23044051.274696022,0.00010001029707498385,-0.47034403123076923,-0.09126317546153842,0.6754791927692307,0.828145286030118,-1.450749838409878e-10
2025-09-03 22:45:00,MEO02,MEO,-7709438.437515905,8884394.710701112,22636081.58676361,0.00010001018800000001,-7709437.950554311,8884394.812413795,22636080.86638908,0.00010001034457823652,-0.48696159422527474,-0.1017126832362637,0.7203745297747253,0.8754521844907911,-1.565782365107302e-10
2025-09-03 23:00:00,MEO02,MEO,-10379801.324412707,8263023.64430946,21788581.062549785,0.000100010224,-10379800.82083355,8263023.756471652,21788580.297279917,0.00010001039208148918,-0.5035791572197803,-0.11216219101098898,0.7652698667802197,0.9229356931446443,-1.680814891804726e-10
2025-09-03 23:15:00,MEO02,MEO,-12960190.984074984,7861613.007755449,20518006.49606564,0.00010001026,-12960190.463878263,7861613.130367148,20518005.685900435,0.00010001043958474186,-0.5201967202142856,-0.12261169878571426,0.8101652037857142,0.9705698912628428,-1.7958474185021504e-10
2025-09-03 23:30:00,MEO02,MEO,-15383284.894863402,7669990.486238838,18849028.934787944,0.00010001029600000001,-15383284.358049119,7669990.619300045,18849028.079727404,0.00010001048708799453,-0.5368142832087912,-0.13306120656043952,0.8550605407912086,1.0183336328367252,-1.9108799451995746e-10
2025-09-03 23:45:00,MEO02,MEO,-17586250.795327652,7666252.47063615,16814055.311563082,0.000100010332,-17586250.241895806,7666252.614146864,16814054.411607206,0.00010001053459124719,-0.5534318462032968,-0.1435107143351648,0.8999558777967032,1.06620950825896,-2.0259124718969986e-10
2025-09-04 00:00:00,MEO02,MEO,-19513169.213581122,7817845.217940882,14452599.191511149,0.000100010368,-19513169.12277974,7817845.20737882,14452599.079912413,0.0001000102727877015,-0.090801383,0.010562062,0.111598736,0.14425923258218945,9.521229850285293e-11
2025-09-04 00:15:00,MEO02,MEO,-21117178.860920195,8083107.51916126,11810513.527767701,0.000100010404,-21117178.777873322,8083107.527676292,11810513.454361936,0.00010001040461914999,-0.0830468735,-0.008515032,0.0734057645,0.11116517093908275,-6.191499987634756e-13
2025-09-04 00:30:00,MEO02,MEO,-22362256.04911641,8413209.244653638,8939100.323826287,0.00010001044,-22362255.877874885,8413209.357707843,8939100.104338279,0.00010001053645069857,-0.171241526,-0.113054205,0.219488008,0.30046613644602077,-9.645069856960844e-11
2025-09-04 00:45:00,MEO02,MEO,-23224554.555690203,8754403.467061209,5894114.490377338,0.00010001047600000001,-23224554.464579314,8754403.549887905,5894114.367064835,0.00010001056393060099,-0.09111089,-0.08282669649999999,0.12331250299999999,0.17426252989618915,-8.793060097595918e-11
2025-09-04 01:00:00,MEO02,MEO,-23693250.704702858,9050496.64743252,2734681.2389948284,0.000100010512,-23693250.496568456,9050496.836288335,2734681.0368990256,0.0001000106002432995,-0.20813440098630137,-0.18885581499999998,0.20209580297260274,0.3461634892827113,-8.82432994946599e-11
2025-09-04 01:15:00,MEO02,MEO,-23770859.083794866,9245432.16495863,-477851.96611044166,0.000100010548,-23770858.712546796,9245432.484033015,-477852.2182389006,0.00010001063671234727,-0.3712480714657534,-0.319074385,0.2521284589315068,0.5506381330178158,-8.871234727271097e-11
2025-09-04 01:30:00,MEO02,MEO,-23473006.416143388,9285877.66128989,-3681106.606341186,0.00010001058400000001,-23473005.881781645,9285878.110582845,-3681106.9085023007,0.00010001067318139507,-0.5343617419452055,-0.449292955,0.302161114890411,0.7607285784162197,-8.918139505076204e-11
2025-09-04 01:45:00,MEO02,MEO,-22827673.72301125,9123706.458453014,-6812884.327193906,0.00010001062,-22827673.02553584,9123707.03796454,-6812884.6793876765,0.00010001070965044283,-0.6974754124246575,-0.579511525,0.352193770849315,0.9728031716487316,-8.965044282881311e-11
2025-09-04 02:00:00,MEO02,MEO,-21873939.10114267,8718267.704180425,-9812374.658447675,0.00010001065600000001,-21873938.240553588,8718268.41391052,-9812375.060674103,0.00010001074611949061,-0.8605890829041095,-0.7097300950000001,0.4022264268082192,1.185797822474537,-9.011949060686418e-11
2025-09-04 02:15:00,MEO02,MEO,-20660274.269965313,8038348.716001031,-12621335.785477452,0.000100010692,-20660274.118411735,8038348.813067005,-12621335.811539466,0.00010001062589145066,-0.1515535785,-0.097065974,0.0260620135,0.18185026536246385,6.610854933515373e-11
2025-09-04 02:30:00,MEO02,MEO,-19242466.643827382,7063745.866382462,-15185225.444370436,0.000100010728,-19242466.524048675,7063746.044680783,-15185225.533759339,0.00010001074920299839,-0.119778709,-0.178298321,0.089388903,0.23265340397395678,-2.1202998375629583e-11
2025-09-04 02:45:00,MEO02,MEO,-17681254.275291935,5786376.736223584,-17454259.981991827,0.00010001076400000001,-17681254.112767234,5786376.880225801,-17454259.98119784,0.00010001078520299839,-0.16252470149999998,-0.144002217,-0.000793984499999999,0.21714407086072007,-2.1202998375629583e-11
2025-09-04 03:00:00,MEO02,MEO,-16039772.9439282,4210885.476471823,-19384381.016975176,0.0001000108,-16039772.672351558,4210885.740843746,-19384380.966167856,0.00010001085504094287,-0.2715766425277778,-0.26437192308333335,-0.05080731805555555,0.38239739806834294,-5.504094287640669e-11
2025-09-04 03:15:00,MEO02,MEO,-14380922.43169367,2354714.5523595503,-20938110.9317559,0.000100010836,-14380921.997850077,2354714.994185984,-20938110.782764744,0.00010001094179785963,-0.43384359231944447,-0.44182643370833335,-0.14899115763888887,0.6368902771864561,-1.0579785962757238e-10
2025-09-04 03:30:00,MEO02,MEO,-12764762.30595116,247638.41176203452,-22085280.584352747,0.000100010872,-12764761.709840618,247639.03104297887,-22085280.33717775,0.00010001102855477638,-0.5961105421111111,-0.6192809443333334,-0.2471749972222222,0.8944004392229431,-1.5655477637873804e-10
2025-09-04 03:45:00,MEO02,MEO,-11246046.187509552,-2069222.8190471958,-22803615.1097482,0.000100010908,-11246045.42913206,-2069222.0223117408,-22803614.764389362,0.00010001111531169314,-0.7583774919027778,-0.7967354549583334,-0.3453588368055555,1.1529078590989381,-2.0731169312990372e-10
2025-09-04 04:00:00,MEO02,MEO,-9871997.570731059,-4544869.698097672,-23079166.43622108,0.00010001094400000001,-9871996.650086617,-4544868.723907706,-23079165.992678404,0.0001000112020686099,-0.9206444416944445,-0.9741899655833333,-0.44354267638888883,1.4118648599792933,-2.580686098810694e-10
2025-09-04 04:15:00,MEO02,MEO,-8680420.03399517,-7120309.829063814,-22906584.11836109,0.00010001098,-8680419.100080924,-7120308.841278683,-22906583.6671754,0.00010001124320283836,-0.9339142458792614,-0.9877851305035511,-0.45118568709588064,1.4323001804581081,-2.63202838361787e-10
2025-09-04 04:30:00,MEO02,MEO,-7698220.560964169,-9730786.525445467,-22289219.22793523,0.000100011016,-7698219.636702756,-9730785.549274301,-22289218.78303589,0.00010001127731819173,-0.9242614122784091,-0.9761711653153409,-0.4448993395142045,1.4160172048814115,-2.613181917239741e-10
2025-09-04 04:45:00,MEO02,MEO,-6940407.278426923,-12308257.694883801,-21239059.28533306,0.00010001105200000001,-6940406.363818344,-12308256.7303266,-21239058.84672007,0.00010001131143354509,-0.9146085786775568,-0.9645572001271306,-0.4386129919325284,1.3997359755324124,-2.594335450861612e-10
2025-09-04 05:00:00,MEO02,MEO,-6409602.935482526,-14784022.32628236,-19776495.49504256,0.000100011088,-6409602.030526781,-14784021.373339124,-19776495.062715914,0.00010001134554889846,-0.9049557450767045,-0.9529432349389204,-0.4323266443508523,1.3834565540626333,-2.575488984483483e-10
2025-09-04 05:15:00,MEO02,MEO,-6096093.739450705,-17091385.721887983,-17929926.80479967,0.00010001112400000001,-6096092.844147794,-17091384.780558713,-17929926.378759373,0.00010001137966425182,-0.8953029114758523,-0.9413292697507102,-0.4260402967691761,1.367179005053,-2.556642518105354e-10
2025-09-04 05:30:00,MEO02,MEO,-5978410.636605037,-19168252.93190626,-15735208.476489749,0.00010001116,-5978409.75095496,-19168252.002190955,-15735208.056735799,0.00010001141377960517,-0.885650077875,-0.9297153045625,-0.4197539491875,1.3509033961894676,-2.5377960517272247e-10
2025-09-04 05:45:00,MEO02,MEO,-6024417.725291025,-20959542.791547842,-13234955.876030497,0.000100011196,-6024416.8492937805,-20959541.8734465,-13234955.462562896,0.00010001144789495854,-0.8759972442741477,-0.9181013393742897,-0.41346760160582385,1.3346297984514048,-2.518949585349096e-10
2025-09-04 06:00:00,MEO02,MEO,-6192861.154565428,-22419322.40664906,-10477717.00071146,0.00010001123200000001,-6192860.288221017,-22419321.500161685,-10477716.593530206,0.0001000114820103119,-0.8663444106732955,-0.9064873741860795,-0.40718125402414773,1.3183582863138195,-2.500103118970967e-10
2025-09-04 06:15:00,MEO02,MEO,-6435312.487817386,-23512573.5724799,-7517029.811226062,0.000100011268,-6435311.631125809,-23512572.67760649,-7517029.410331155,0.00010001151612566527,-0.8566915770724433,-0.8948734089978693,-0.40089490644247155,1.3020889379646292,-2.481256652592838e-10
2025-09-04 06:30:00,MEO02,MEO,-6698423.910311058,-24216517.953677226,-4410382.672399497,0.00010001130400000001,-6698423.063272315,-24216517.07041778,-4410382.277790938,0.00010001155024101863,-0.8470387434715909,-0.883259443809659,-0.39460855886079543,1.2858218355382964,-2.462410186214709e-10
2025-09-04 06:45:00,MEO02,MEO,-6926399.528400791,-24521446.258755106,-1218098.0879856693,0.00010001134,-6926398.691014881,-24521445.387109626,-1218097.699663458,0.00010001158435637198,-0.8373859098707387,-0.8716454786214488,-0.3883222112791193,1.2695570653672739,-2.4435637198365804e-10
2025-09-04 07:00:00,MEO02,MEO,-7063577.896996376,-24431017.339412075,1997838.595685564,0.000100011376,-7063577.0692633,-24431016.479380563,1997838.9777214276,0.00010001161847172535,-0.8277330762698863,-0.8600315134332386,-0.38203586369744313,1.2532947182528649,-2.4247172534584517e-10
2025-09-04 07:15:00,MEO02,MEO,-7057016.202902634,-23962015.265877567,5174982.773866994,0.00010001141200000001,-7057015.384822391,-23962014.41746002,5174983.149616511,0.00010001165258707871,-0.8180802426690341,-0.8484175482450284,-0.375749516115767,1.237034889757263,-2.4058707870803225e-10
2025-09-04 07:30:00,MEO02,MEO,-6858966.4225224275,-23143575.0481874,8251643.085084771,0.000100011448,-6858965.614095018,-23143574.21138382,8251643.454547939,0.00010001168670243208,-0.8084274090681818,-0.8368035830568181,-0.3694631685340909,1.2207776805187227,-2.387024320702194e-10
2025-09-04 07:45:00,MEO02,MEO,-6429138.267913317,-22015909.8420448,11168079.286923397,0.000100011484,-6429137.4691387415,-22015909.016855184,11168079.650100218,0.00010001172081778544,-0.7987745754673296,-0.8251896178686079,-0.36317682095241477,1.2045231965920185,-2.3681778543240647e-10
2025-09-04 08:00:00,MEO02,MEO,-5736652.647049105,-20628593.26820125,13867662.246472059,0.00010001152000000001,-5736651.857927363,-20628592.4546256,13867662.603362532,0.0001000117549331388,-0.7891217418664773,-0.8135756526803977,-0.35689047337073865,1.1882715498165848,-2.3493313879459355e-10
2025-09-04 08:15:00,MEO02,MEO,-4761602.318994685,-19038469.015243396,16297973.521618005,0.000100011556,-4761601.539525777,-19038468.21328171,16297973.872222131,0.00010001178904849216,-0.779468908265625,-0.8019616874921875,-0.35060412578906247,1.1720228582149903,-2.330484921567807e-10
2025-09-04 08:30:00,MEO02,MEO,-3496152.879627998,-17307275.410755526,18411823.182361003,0.00010001159200000001,-3496152.1098119235,-17307274.620407805,18411823.526678782,0.00010001182316384553,-0.7698160746647728,-0.7903477223039772,-0.34431777820738635,1.1557772464246883,-2.3116384551896776e-10
2025-09-04 08:45:00,MEO02,MEO,-1945136.4789283639,-15499084.485333055,20168166.10886697,0.000100011628,-1945135.7187651228,-15499083.706599299,20168166.4468984,0.00010001185727919888,-0.7601632410639205,-0.7787337571157671,-0.33803143062571017,1.1395348461663237,-2.2927919888115487e-10
2025-09-04 09:00:00,MEO02,MEO,-126111.93919007014,-13677662.722186705,21532898.97428811,0.000100011664,-126111.18867966268,-13677661.955066914,21532899.306033194,0.00010001189139455225,-0.7505104074630682,-0.7671197919275567,-0.33174508304403405,1.123295796752241,-2.2739455224334198e-10
2025-09-04 09:15:00,MEO02,MEO,1931112.676635947,-11903863.86129184,22479522.4371419,0.00010001170000000001,1931113.417493521,-11903863.105786014,22479522.762600634,0.00010001192550990561,-0.740857573862216,-0.7555058267393466,-0.32545873546235793,1.1070602456392649,-2.2550990560552908e-10
2025-09-04 09:30:00,MEO02,MEO,4185476.444047266,-10233162.678636014,22989655.685305435,0.000100011736,4185477.1752520064,-10233161.934744153,22989656.00447782,0.00010001195962525896,-0.7312047402613637,-0.7438918615511363,-0.3191723878806818,1.0908283490302952,-2.2362525896771617e-10
2025-09-04 09:45:00,MEO02,MEO,6586140.5199053,-8713432.649400156,23053393.340600185,0.00010001177200000001,6586141.241457206,-8713431.91712226,23053393.653486226,0.00010001199374061234,-0.7215519066605114,-0.7322778963629262,-0.3128860402990057,1.0746002725298012,-2.2174061232990327e-10
2025-09-04 10:00:00,MEO02,MEO,9074381.169448283,-7383060.081388007,22669497.793867808,0.000100011808,9074381.881347356,-7383059.360724076,22669498.1004675,0.0001000120278559657,-0.7118990730596592,-0.7206639311747158,-0.3065996927173295,1.0583761918589054,-2.1985596569209038e-10
2025-09-04 10:15:00,MEO02,MEO,11585822.829225656,-6269473.104918782,21845423.235920463,0.000100011844,11585823.531471895,-6269472.3958688155,21845423.53623381,0.00010001206197131906,-0.7022462394588068,-0.7090499659865057,-0.3003133451356534,1.042156293636452,-2.179713190542775e-10
2025-09-04 10:30:00,MEO02,MEO,14052918.85356418,-5388146.423408541,20597170.917751066,0.00010001188000000001,14052919.546157585,-5388145.72597254,20597171.211778063,0.00010001209608667242,-0.6925934058579546,-0.6974360007982954,-0.2940269975539772,1.0259407762332327,-2.1608667241646457e-10
2025-09-04 10:45:00,MEO02,MEO,16407577.152006567,-4742122.698254614,18948978.45045084,0.000100011916,16407577.834947139,-4742122.012432579,18948978.738191493,0.00010001213020202577,-0.6829405722571023,-0.6858220356100853,-0.2877406499723011,1.0097298507074561,-2.1420202577865168e-10
2025-09-04 11:00:00,MEO02,MEO,18583821.786979377,-4322069.702431485,16932849.177770242,0.000100011952,18583822.460267115,-4322069.028223415,16932849.459224544,0.00010001216431737915,-0.67328773865625,-0.6742080704218749,-0.28145430239062497,0.9935237418305756,-2.1231737914083878e-10
2025-09-04 11:15:00,MEO02,MEO,20520380.022345047,-4106869.8410592717,14587930.759608783,0.00010001198800000001,20520380.68597995,-4106869.1784651666,14587931.034776738,0.00010001219843273252,-0.6636349050553978,-0.6625941052336648,-0.27516795480894884,0.977322689213766,-2.1043273250302594e-10
2025-09-04 11:30:00,MEO02,MEO,22163087.36105519,-4064716.24911582,11959755.03262544,0.000100012024,22163088.015037265,-4064715.59813568,11959755.301507048,0.00010001223254808587,-0.6539820714545455,-0.6509801400454545,-0.2688816072272727,0.9611269485467042,-2.0854808586521303e-10
2025-09-04 11:45:00,MEO02,MEO,23467010.656517114,-4154668.375211142,9099353.90777458,0.00010001206000000001,23467011.300846353,-4154667.735844967,9099354.170369841,0.00010001226666343923,-0.6443292378536932,-0.6393661748572443,-0.2625952596455966,0.9449367929618593,-2.0666343922740013e-10
2025-09-04 12:00:00,MEO02,MEO,24398201.11166495,-4328600.639123856,6062268.471597706,0.000100012096,24398201.746341355,-4328600.011371646,6062268.727906618,0.00010001230077879258,-0.634676404252841,-0.6277522096690341,-0.2563089120639204,0.9287525145392937,-2.0477879258958724e-10
2025-09-04 12:15:00,MEO02,MEO,24935004.400956746,-4533461.219762101,2907470.5317819947,0.000100012132,24935005.025980316,-4533460.603623857,2907470.7818045593,0.00010001233489414596,-0.6250235706519887,-0.6161382444808239,-0.2500225644822443,0.9125744259690555,-2.0289414595177435e-10
2025-09-04 12:30:00,MEO02,MEO,25068873.617715057,-4713744.982563341,-303782.45240435464,0.00010001216800000001,25068874.233085793,-4713744.378039062,-303782.2086681377,0.00010001236900949933,-0.6153707370511363,-0.6045242792926137,-0.24373621690056815,0.8964028623906294,-2.0100949931396146e-10
2025-09-04 12:45:00,MEO02,MEO,24804651.48890334,-4814075.53820342,-3509136.820717691,0.000100012204,24804652.094621245,-4814074.945293106,-3509136.5832678215,0.00010001240312485268,-0.6057179034502842,-0.5929103141044034,-0.23744986931889203,0.8802381834317057,-1.9912485267614854e-10
2025-09-04 13:00:00,MEO02,MEO,24160310.442825176,-4781786.816042698,-6646353.447736066,0.00010001224000000001,24160311.038890246,-4781786.234746349,-6646353.216572545,0.00010001243724020604,-0.5960650698494319,-0.5812963489161932,-0.23116352173721588,0.8640807754717478,-1.9724020603833564e-10
2025-09-04 13:15:00,MEO02,MEO,23166161.73480299,-4569394.529311964,-9654516.254709177,0.000100012276,23166162.321215227,-4569393.95962958,-9654516.029832002,0.0001000124713555594,-0.5864122362485795,-0.569682383727983,-0.22487717415553976,0.847931054159616,-1.9535555940052275e-10
2025-09-04 13:30:00,MEO02,MEO,21863566.984121878,-4136852.505078828,-12475215.031495,0.000100012312,21863567.56088128,-4136851.9470104096,-12475214.812904174,0.00010001250547091277,-0.5767594026477273,-0.5580684185397727,-0.2185908265738636,0.8317894672188937,-1.9347091276270986e-10
2025-09-04 13:45:00,MEO02,MEO,20303206.224676546,-3453497.8579719113,-15053679.601454224,0.00010001234800000001,20303206.791783113,-3453497.311517458,-15053679.389149746,0.00010001253958626613,-0.5671065690468751,-0.5464544533515625,-0.2123044789921875,0.8156564975797209,-1.9158626612489694e-10
2025-09-04 14:00:00,MEO02,MEO,18542975.052741915,-2499602.0250912923,-17339843.306949187,0.000100012384,18542975.61019565,-2499601.490250804,-17339843.100931056,0.00010001257370161949,-0.5574537354460227,-0.5348404881633523,-0.20601813141051134,0.799532666881983,-1.8970161948708407e-10
2025-09-04 14:15:00,MEO02,MEO,16645598.894070739,-1267461.2040035874,-19289315.165501777,0.00010001242,16645599.441871641,-1267460.6807770643,-19289314.965769995,0.00010001260781697285,-0.5478009018451705,-0.523226522975142,-0.19973178382883522,0.7834185394018243,-1.8781697284927118e-10
2025-09-04 14:30:00,MEO02,MEO,14676064.162602128,238020.94640063308,-20864241.82001973,0.00010001245600000001,14676064.700750196,238021.45801319086,-20864241.626574293,0.00010001264193232623,-0.5381480682443183,-0.5116125577869318,-0.19344543624715904,0.7673147264618553,-1.859323262114583e-10
2025-09-04 14:45:00,MEO02,MEO,12698973.652517656,1999284.1808907706,-22034042.546403106,0.000100012492,12698974.181012891,1999284.6808893632,-22034042.35924402,0.00010001267604767958,-0.5284952346434659,-0.4999985925987216,-0.18715908866548292,0.7512218913953777,-1.8404767957364537e-10
2025-09-04 15:00:00,MEO02,MEO,10775936.577535285,3986599.5651868465,-22776003.04671101,0.00010001252800000001,10775937.096377686,3986600.053571474,-22776002.865838267,0.00010001271016303294,-0.5188424010426137,-0.48838462741051136,-0.1808727410838068,0.735140755146753,-1.821630329358325e-10
2025-09-04 15:15:00,MEO02,MEO,8963102.117962651,6159075.297782269,-23075716.498068303,0.000100012564,8963102.627152218,6159075.774552931,-23075716.32348191,0.0001000127442783863,-0.5091895674417615,-0.47677066222230113,-0.17458639350213068,0.7190721026041134,-1.802783862980196e-10
2025-09-04 15:30:00,MEO02,MEO,7308939.222822193,8466139.607365642,-22927363.293359447,0.0001000126,7308939.722358927,8466140.072522338,-22927363.1250594,0.00010001277839373966,-0.49953673384090913,-0.4651566970340909,-0.1683000459204545,0.7030167897774102,-1.7839373966020672e-10
2025-09-04 15:45:00,MEO02,MEO,5852354.99804963,10849439.830765288,-22333824.04191918,0.00010001263600000001,5852355.4879335305,10849440.28430802,-22333823.87990548,0.00010001281250909304,-0.48988390024005685,-0.4535427318458807,-0.16201369833877838,0.6869757519549311,-1.765090930223938e-10
2025-09-04 16:00:00,MEO02,MEO,4621229.729483575,13245079.27566658,-21306623.636058453,0.000100012672,4621230.209714641,13245079.717595346,-21306623.480331104,0.00010001284662444639,-0.48023106663920456,-0.44192876665767045,-0.15572735075710226,0.6709500129956206,-1.746244463845809e-10
2025-09-04 16:15:00,MEO02,MEO,3631429.0402013427,15586099.251008254,-19865707.46949885,0.00010001270800000001,3631429.510779576,15586099.681323055,-19865707.320057847,0.00010001288073979975,-0.47057823303835233,-0.4303148014694602,-0.14944100317542613,0.6549406959437446,-1.7273979974676802e-10
2025-09-04 16:30:00,MEO02,MEO,2886333.6017613104,17805103.302333895,-18039054.152936123,0.000100012744,2886334.0626867097,17805103.72103473,-18039054.00978147,0.0001000129148551531,-0.46092539943750005,-0.41870083628125,-0.14315465559374996,0.6389490351877857,-1.7085515310895512e-10
2025-09-04 16:45:00,MEO02,MEO,2376905.05013493,19836914.653495032,-15862132.246725129,0.00010001278,2376905.5014074957,19836915.060581904,-15862132.109856822,0.00010001294897050648,-0.45127256583664777,-0.40708687109303976,-0.13686830801207384,0.622976390428402,-1.6897050647114223e-10
2025-09-04 17:00:00,MEO02,MEO,2082284.212399064,21621156.38333995,-13377211.559437633,0.00010001281600000001,2082284.6540187963,21621156.778812855,-13377211.428855672,0.00010001298308585985,-0.44161973223579554,-0.39547290590482953,-0.13058196043039771,0.6070242627726439,-1.6708585983332931e-10
2025-09-04 17:15:00,MEO02,MEO,1970895.3749125525,23104647.018574446,-10632542.384972053,0.000100012852,1970895.8068794513,23104647.402433388,-10632542.26067644,0.0001000130172012132,-0.4319668986349432,-0.3838589407166193,-0.12429561284872159,0.5910943133357109,-1.6520121319551642e-10
2025-09-04 17:30:00,MEO02,MEO,2002009.055911083,24243511.870162513,-7681418.615160837,0.000100012888,2002009.478225148,24243512.24240749,-7681418.497151571,0.00010001305131656656,-0.42231406503409097,-0.37224497552840907,-0.11800926526704542,0.5751883848102569,-1.6331656655770353e-10
2025-09-04 17:45:00,MEO02,MEO,2127696.4769564327,25004922.260461994,-4581142.919643478,0.000100012924,2127696.8896176643,25004922.621093005,-4581142.80792056,0.00010001308543191991,-0.41266123143323863,-0.36063101034019884,-0.1117229176853693,0.5593085265603603,-1.6143191991989064e-10
2025-09-04 18:00:00,MEO02,MEO,2295092.4663436287,25368390.286873884,-1391914.0863485232,0.00010001296,2295092.8693520264,25368390.63589093,-1391913.9809119531,0.00010001311954727329,-0.4030083978323864,-0.3490170451519886,-0.10543657010369317,0.5434570239175158,-1.5954727328207774e-10
2025-09-04 18:15:00,MEO02,MEO,2448870.563622738,25326565.296035793,1824341.8726371988,0.00010001299600000001,2448870.956978302,25326565.633438874,1824341.9717874213,0.00010001315366262666,-0.39335556423153417,-0.3374030799637784,-0.099150222522017,0.5276364325054875,-1.5766262664426485e-10
2025-09-04 18:30:00,MEO02,MEO,2533825.1713682064,24885499.02448921,5005174.15312268,0.000100013032,2533825.555070937,24885499.350278325,5005174.245986555,0.00010001318777798001,-0.38370273063068183,-0.32578911477556816,-0.09286387494034087,0.5118496186074823,-1.5577798000645196e-10
2025-09-04 18:45:00,MEO02,MEO,2497451.0924138986,24064368.526796933,8088819.780876933,0.000100013068,2497451.4664637954,24064368.840972085,8088819.86745446,0.00010001322189333337,-0.3740498970298296,-0.3141751495873579,-0.08657752735866475,0.49609980682298715,-1.5389333336863907e-10
2025-09-04 19:00:00,MEO02,MEO,2292410.8869948667,22894668.631842952,11015402.877938407,0.00010001310400000001,2292411.25139193,22894668.93440414,11015402.958229586,0.00010001325600868674,-0.36439706342897726,-0.3025611843991477,-0.08029117977698863,0.4803906365559781,-1.5200868673082617e-10
2025-09-04 19:15:00,MEO02,MEO,1878785.1806633594,21418907.79500895,13728097.286726398,0.00010001314,1878785.5354075893,21418908.085956167,13728097.360731231,0.0001000132901240401,-0.35474422982812504,-0.29094721921093747,-0.07400483219531245,0.46472622924812756,-1.5012404009301325e-10
2025-09-04 19:30:00,MEO02,MEO,1226010.1536410116,19688861.921246555,16174229.977011468,0.00010001317600000001,1226010.4987324078,19688862.200579807,16174230.044729954,0.00010001332423939347,-0.3450913962272728,-0.27933325402272724,-0.06771848461363633,0.44911126874237006,-1.482393934552004e-10
2025-09-04 19:45:00,MEO02,MEO,314419.5640267385,17763459.154422414,18306303.81062556,0.000100013212,314419.89946530113,17763459.4221417,18306303.8720577,0.00010001335835474682,-0.33543856262642047,-0.267719288834517,-0.06143213703196021,0.43355109776271133,-1.463547468173875e-10
2025-09-04 20:00:00,MEO02,MEO,-863674.7490504188,15706383.990205884,20082919.80465134,0.000100013248,-863674.4232646899,15706384.246311208,20082919.859797128,0.00010001339247010018,-0.32578572902556824,-0.2561053236463069,-0.05514578945028409,0.4180518342631636,-1.444701001795746e-10
2025-09-04 20:15:00,MEO02,MEO,-2303410.566251804,13583500.729915354,21469580.985284008,0.00010001328400000001,-2303410.2501189085,13583500.974406714,21469581.03414345,0.00010001342658545355,-0.316132895424716,-0.24449135845809666,-0.04885944186860791,0.4026205123810905,-1.4258545354176168e-10
2025-09-04 20:30:00,MEO02,MEO,-3987336.5424530176,11460203.76296388,22439362.22374797,0.00010001332,-3987336.235972956,11460203.995841274,22439362.266321063,0.00010001346070080691,-0.30648006182386367,-0.23287739326988643,-0.04257309428693179,0.3872652539912413,-1.407008069039488e-10
2025-09-04 20:45:00,MEO02,MEO,-5885909.960181864,9398805.1333219,22973433.047902834,0.000100013356,-5885909.663354636,9398805.354585327,22973433.08418958,0.00010001349481616027,-0.29682722822301144,-0.2212634280816762,-0.03628674670525567,0.3719954784771748,-1.388161602661359e-10
2025-09-04 21:00:00,MEO02,MEO,-7958511.39261875,7456068.186867159,23061423.27798406,0.000100013392,-7958511.105444356,7456068.396516622,23061423.30798446,0.00010001352893151363,-0.2871743946221591,-0.20964946289346598,-0.030000399123579546,0.3568221604184589,-1.36931513628323e-10
2025-09-04 21:15:00,MEO02,MEO,-10154934.96596482,5680989.881685561,22701624.386840943,0.000100013428,-10154934.688443258,5680990.079721059,22701624.410554994,0.00010001356304686699,-0.2775215610213069,-0.19803549770525575,-0.02371405154190337,0.3417581475599424,-1.3504686699051011e-10
2025-09-04 21:30:00,MEO02,MEO,-12417292.915082227,4112923.8332804553,21901022.674813207,0.00010001346400000001,-12417292.6472135,4112924.019701988,21901022.692240912,0.00010001359716222037,-0.26786872742045464,-0.18642153251704552,-0.017427703960227248,0.3268185548300203,-1.3316222035269722e-10
2025-09-04 21:45:00,MEO02,MEO,-14682255.693665251,2780121.802265778,20675163.615081765,0.0001000135,-14682255.435449358,2780121.9770733453,20675163.62622312,0.00010001363127757372,-0.2582158938196023,-0.1748075673288353,-0.011141356378551126,0.3120212544658381,-1.3127757371488433e-10
2025-09-04 22:00:00,MEO02,MEO,-16883534.761876997,1698753.7159504024,19047850.00353152,0.000100013536,-16883534.513313938,1698753.8791440045,19047850.00838653,0.00010001366539292708,-0.24856306021875008,-0.16319360214062506,-0.004855008796874949,0.29738748762407663,-1.2939292707707144e-10
2025-09-04 22:15:00,MEO02,MEO,-18954504.923350498,872446.1860760413,17050679.774222583,0.00010001357200000001,-18954504.68444027,872446.3376556783,17050679.772791244,0.00010001369950828045,-0.23891022661789774,-0.15157963695241483,0.0014313387848011727,0.282942629258933,-1.2750828043925854e-10
2025-09-04 22:30:00,MEO02,MEO,-20830857.149821572,292357.6869085487,14722432.454816459,0.000100013608,-20830856.92056418,292357.82687422045,14722432.447098773,0.0001000137336236338,-0.2292573930170455,-0.1399656717642046,0.007717686366477294,0.26871714535590846,-1.2562363380144563e-10
2025-09-04 22:45:00,MEO02,MEO,-22453171.464581043,-62213.99508918263,12108316.17529616,0.00010001364400000001,-22453171.244976483,-62213.866737476055,12108316.161292126,0.00010001376773898718,-0.21960455941619328,-0.12835170657599437,0.014004033948153416,0.2547477891251886,-1.2373898716363273e-10
2025-09-04 23:00:00,MEO02,MEO,-23769302.71319187,-222718.79104555864,9259089.850993177,0.00010001368,-23769302.503240146,-222718.67430781724,9259089.830702795,0.00010001380185434053,-0.20995172581534094,-0.11673774138778414,0.020290381529829593,0.2410790887235708,-1.2185434052581984e-10
2025-09-04 23:15:00,MEO02,MEO,-24736479.79551027,-229783.84398769448,6230077.584697831,0.000100013716,-24736479.59521138,-229783.7388639183,6230077.558121102,0.00010001383596969389,-0.2002988922144887,-0.10512377619957392,0.026576729111505715,0.22776517968090695,-1.1996969388800697e-10
2025-09-04 23:30:00,MEO02,MEO,-25323030.842840087,-131252.66821041144,3080094.42544502,0.00010001375200000001,-25323030.652194027,-131252.57470060044,3080094.3925819434,0.00010001387008504726,-0.19064605861363637,-0.09350981101136369,0.032863076693181836,0.21487202291139945,-1.1808504725019406e-10
2025-09-04 23:45:00,MEO02,MEO,-25509662.399418868,20082.434367606955,-129695.6572329593,0.000100013788,-25509662.218425643,20082.516263452777,-129695.69638238358,0.00010001390420040061,-0.18099322501278414,-0.08189584582315346,0.03914942427485796,0.20248001008660305,-1.1620040061238116e-10
2025-09-05 00:00:00,MEO02,MEO,-25290239.256101437,168958.22888026806,-3336967.4085970963,0.00010001382400000001,-25290239.084761046,168958.2991621487,-3336967.454032868,0.00010001393831575399,-0.1713403914119319,-0.07028188063494323,0.045435771856534135,0.1906868685541232,-1.1431575397456827e-10
2025-09-05 00:15:00,MEO02,MEO,-24672032.40753478,260223.37246354623,-6479444.472944981,0.00010001386,-24672032.245847225,260223.43113146166,-6479444.524667101,0.00010001397243110734,-0.16168755781107957,-0.058667915446733,0.05172211943821026,0.17961060183896913,-1.1243110733675537e-10
2025-09-05 00:30:00,MEO02,MEO,-23675424.790087968,241416.50137295015,-9496108.628367357,0.000100013896,-23675424.638053242,241416.5484269004,-9496108.686375825,0.0001000140065464607,-0.15203472421022735,-0.04705395025852277,0.05800846701988638,0.16939189427658183,-1.1054646069894247e-10
2025-09-05 00:45:00,MEO02,MEO,-22333087.077001985,65230.07100279722,-12328384.59202519,0.00010001393200000001,-22333086.934620094,65230.10644278229,-12328384.656320006,0.00010001404066181407,-0.142381890609375,-0.03543998507031254,0.0642948146015625,0.1601949390584275,-1.0866181406112958e-10
2025-09-05 01:00:00,MEO02,MEO,-20688657.912185024,-308244.76375809405,-14921277.39029738,0.000100013968,-20688657.779455967,-308244.73993207415,-14921277.460878542,0.00010001407477716742,-0.13272905700852278,-0.02382601988210231,0.07058116218323862,0.15220506644961151,-1.0677716742331668e-10
2025-09-05 01:15:00,MEO02,MEO,-18794983.628875203,-909587.7469381364,-17224440.209218208,0.000100014004,-18794983.50579898,-909587.7347260817,-17224440.286085717,0.0001000141088925208,-0.12307622340767055,-0.012212054693892083,0.07686750976491474,0.14562110116875476,-1.048925207855038e-10
2025-09-05 01:30:00,MEO02,MEO,-16711990.858471675,-1758515.9129551053,-19193151.990495022,0.00010001404000000001,-16711990.745048285,-1758515.9123570158,-19193152.07364888,0.00010001414300787416,-0.11342338980681821,-0.0005980895056818536,0.08315385734659098,0.14064063089286624,-1.030078741476909e-10
2025-09-05 01:45:00,MEO02,MEO,-14504280.71925499,-2862812.4228857867,-20789185.790896643,0.000100014076,-14504280.615484433,-2862812.4339016625,-20789185.880336847,0.00010001417712322751,-0.10377055620596598,0.011015875682528264,0.0894402049282671,0.1374380882796282,-1.0112322750987801e-10
2025-09-05 02:00:00,MEO02,MEO,-12238544.844427053,-4217764.075518347,-21981551.04386892,0.00010001411200000001,-12238544.75030933,-4217764.098148189,-21981551.139595475,0.00010001421123858088,-0.09411772260511364,0.022629840870738605,0.09572655250994322,0.13613900345472998,-9.92385808720651e-11
2025-09-05 02:15:00,MEO02,MEO,-9980910.879492331,-5806132.356489409,-22747095.310710736,0.000100014148,-9980910.795027442,-5806132.390733215,-22747095.412723634,0.00010001424535393424,-0.08446488900426141,0.03424380605894872,0.10201290009161934,0.13679761515833455,-9.735393423425221e-11
2025-09-05 02:30:00,MEO02,MEO,-7794327.942098884,-7598660.4729879005,-23070953.83696279,0.000100014184,-7794327.867286828,-7598660.518845672,-23070953.945262037,0.0001000142794692876,-0.07481205540340918,0.04585777124715906,0.10829924767329546,0.13938617529741365,-9.546928759643931e-11
2025-09-05 02:45:00,MEO02,MEO,-5736100.77353635,-9555096.29639151,-22946838.184868105,0.00010001422000000001,-5736100.708377128,-9555096.353863247,-22946838.2994537,0.00010001431358464097,-0.06515922180255684,0.05747173643536918,0.11458559525497158,0.1438004983118887,-9.358464095862641e-11
2025-09-05 03:00:00,MEO02,MEO,-3855674.9945946084,-11625689.445206406,-22377158.337458182,0.000100014256,-3855674.9390882202,-11625689.514292108,-22377158.458330125,0.00010001434769999432,-0.055506388201704615,0.06908570162357952,0.1208719428366477,0.1498793510298414,-9.169999432081351e-11
2025-09-05 03:15:00,MEO02,MEO,-2192765.2745987773,-13753100.795300981,-21372975.90334124,0.00010001429200000001,-2192765.2287452226,-13753100.876000648,-21372976.030499533,0.00010001438181534768,-0.045853554600852386,0.08069966681178964,0.12715829041832394,0.15743003371395822,-8.981534768300064e-11
2025-09-05 03:30:00,MEO02,MEO,-775903.7760642115,-15874645.340015665,-19953789.330826573,0.000100014328,-775903.7398634905,-15874645.432329297,-19953789.46427121,0.00010001441593070105,-0.036200721,0.092313632,0.133444638,0.16625212860262065,-8.793070104518772e-11
2025-09-05 03:45:00,MEO02,MEO,378531.44556820113,-17924775.26755254,-18147155.301932387,0.000100014364,378531.5205471001,-17924775.34331748,-18147155.405880746,0.00010001441856679968,-0.074978899,0.075764941,0.103948358,0.1488872818976888,-5.456679967579438e-11
2025-09-05 04:00:00,MEO02,MEO,1266768.585694017,-19837699.966632806,-15988153.657760346,0.00010001440000000001,1266768.627156304,-19837700.017646167,-15988153.795495065,0.00010001436299529991,-0.041462287,0.051013362,0.137734718,0.152618271803716,3.7004700098225953e-11
2025-09-05 04:15:00,MEO02,MEO,1897557.103424455,-21550033.839953497,-13518706.24490756,0.000100014436,1897557.212540152,-21550033.90783492,-13518706.440336496,0.00010001445720299838,-0.10911569700000001,0.067881424,0.195428935,0.2338944028644076,-2.1202998375629583e-11
2025-09-05 04:30:00,MEO02,MEO,2291550.4900869904,-23003361.543384165,-10786762.909035163,0.000100014472,2291550.6436198684,-23003361.60727444,-10786763.07030194,0.00010001448462299935,-0.153532878,0.063890276,0.161266778,0.23164905715504294,-1.2622999341764629e-11
2025-09-05 04:45:00,MEO02,MEO,2480184.0287023177,-24146613.630522322,-7845370.441352231,0.00010001450800000001,2480184.1695643244,-24146613.738675725,-7845370.579198053,0.00010001452920295002,-0.14086200650000003,0.1081534035,0.137845822,0.22481266469373015,-2.120295000883578e-11
2025-09-05 05:00:00,MEO02,MEO,2504095.9796840698,-24938153.426823877,-4751642.556497978,0.000100014544,2504096.1285310127,-24938153.473203845,-4751642.708009299,0.0001000145069952999,-0.148846943,0.04637997,0.151511321,0.21739869928040323,3.7004700098225953e-11
2025-09-05 05:15:00,MEO02,MEO,2411159.79016226,-25347487.956784587,-1565650.9020101267,0.00010001458000000001,2411160.000668941,-25347488.047943853,-1565651.0530146433,0.00010001454725535038,-0.210506681,0.0911592655,0.15100451650000002,0.2746369211077309,3.2744649633580835e-11
2025-09-05 05:30:00,MEO02,MEO,2254211.2454849454,-25356531.399221316,1650741.3670932276,0.000100014616,2254211.4281220934,-25356531.457579803,1650741.2310738745,0.00010001452930769902,-0.182637148,0.058358487,0.136019353,0.23508148635109843,8.669230097843221e-11
2025-09-05 05:45:00,MEO02,MEO,2088567.2773991034,-24960368.19413238,4835080.799854569,0.000100014652,2088567.5037004945,-24960368.251614716,4835080.654210966,0.00010001462065412555,-0.22630139125,0.057482335999999995,0.14564360299999998,0.275188295042729,3.134587445158477e-11
2025-09-05 06:00:00,MEO02,MEO,1969441.877792882,-24167483.788872037,7925536.322836635,0.00010001468800000001,1969442.285804928,-24167483.885333378,7925536.136309092,0.00010001464807059992,-0.408012046,0.096461339,0.186527543,0.45888031544226854,3.992940009184621e-11
2025-09-05 06:15:00,MEO02,MEO,1949368.8735815422,-22999453.21753248,10862099.828727704,0.000100014724,1949369.411173526,-22999453.349022556,10862099.675588422,0.00010001470009910711,-0.5375919837142857,0.13149007678571428,0.1531392815,0.5742355098609891,2.390089289228026e-11
2025-09-05 06:30:00,MEO02,MEO,2075741.01687027,-21490100.325329524,13587751.367984114,0.00010001476000000001,2075741.6840421914,-21490100.49184834,13587751.248233095,0.00010001475212761432,-0.6671719214285714,0.16651881457142859,0.11975101999999999,0.6979879620308692,7.872385692714313e-12
2025-09-05 06:45:00,MEO02,MEO,2388569.947631131,-19684162.532016292,16049566.318702808,0.000100014796,2388570.74438299,-19684162.733563844,16049566.232340049,0.0001000148041561215,-0.7967518591428572,0.2015475523571429,0.0863627585,0.826373684820907,-8.156121506851637e-12
2025-09-05 07:00:00,MEO02,MEO,2918562.29916377,-17635516.649916865,18199743.036548756,0.000100014832,2918563.2254955666,-17635516.886493154,18199742.98357426,0.00010001485618462871,-0.926331796857143,0.2365762901428572,0.05297449699999998,0.957530801728458,-2.418462870641758e-11
2025-09-05 07:15:00,MEO02,MEO,3685593.928971546,-15405039.56932756,19996531.03061079,0.00010001486800000001,3685594.517151057,-15405039.735652316,19996531.00243431,0.00010001484208894958,-0.5881795110000001,0.1663247575,0.0281764795,0.6118929449786514,2.5911050437432953e-11
2025-09-05 07:30:00,MEO02,MEO,4697647.526522691,-13058192.830403823,21405041.6425791,0.000100014904,4697647.735198618,-13058192.905970633,21405041.67251432,0.0001000149422430001,-0.208675927,0.07556681,-0.029935218,0.2239466511461892,-3.824300009575291e-11
2025-09-05 07:45:00,MEO02,MEO,5950259.376175806,-10662431.579435287,22397925.488091372,0.00010001494,5950259.603610092,-10662431.666110279,22397925.538743183,0.00010001500554433586,-0.2274342854925373,0.08667499223880597,-0.05065181017910448,0.2486051374600253,-6.55443358492988e-11
2025-09-05 08:00:00,MEO02,MEO,7426499.654818967,-8284545.677977543,22955903.50621115,0.000100014976,7426500.027650732,-8284545.775164617,22955903.652941484,0.00010001512344834311,-0.37283176497014925,0.09718707395522388,-0.14673033271641792,0.41228466240427314,-1.4744834310993652e-10
2025-09-05 08:15:00,MEO02,MEO,9097488.216703743,-5988043.4914397495,23068141.305522703,0.000100015012,9097488.734932987,-5988043.599138905,23068141.54833156,0.00010001524135235037,-0.5182292444477612,0.10769915567164179,-0.24280885525373133,0.5823373576569766,-2.293523503705742e-10
2025-09-05 08:30:00,MEO02,MEO,10923425.302921748,-3830687.0142546487,22732459.53807704,0.00010001504800000001,10923425.966548473,-3830687.132465886,22732459.87696442,0.00010001535925635764,-0.663626723925373,0.1182112373880597,-0.3388873777910448,0.754466023210343,-3.1125635763121186e-10
2025-09-05 08:45:00,MEO02,MEO,12855094.954028971,-1862280.5705097038,21955376.2163075,0.000100015084,12855095.763053175,-1862280.699233023,21955376.6512734,0.00010001547716036489,-0.809024203402985,0.12872331910447762,-0.4349659003283582,0.9275156004195114,-3.931603648918496e-10
2025-09-05 09:00:00,MEO02,MEO,14835779.009717662,-122804.63128466066,20751980.15123752,0.00010001512,14835779.117205977,-122804.64326729566,20751980.26413357,0.0001000150829952999,-0.107488316,0.011982635,-0.112896048,0.1563420585513616,3.7004700098225953e-11
2025-09-05 09:15:00,MEO02,MEO,16803502.283448547,1359028.2382911844,19145637.969460998,0.00010001515600000001,16803502.51809032,1359028.2296197813,19145638.202112418,0.00010001514255418886,-0.23464177155555554,0.008671403055555556,-0.23265142161111113,0.33054294451304267,1.3445811161059222e-11
2025-09-05 09:30:00,MEO02,MEO,18693515.52802012,2566736.038827639,17167540.397816278,0.000100015192,18693515.88981535,2566736.033467468,17167540.750223074,0.00010001520211307778,-0.3617952271111111,0.005360171111111111,-0.35240679522222224,0.5050891674877993,-1.0113077776107509e-11
2025-09-05 09:45:00,MEO02,MEO,20440912.746267553,3496509.5665267203,14856096.625650488,0.00010001522800000001,20440913.235216238,3496509.5644777813,14856097.097812656,0.00010001526167196673,-0.4889486826666667,0.002048939166666666,-0.4721621688333333,0.6797147387769185,-3.367196671327424e-11
2025-09-05 10:00:00,MEO02,MEO,21983273.671697464,4157117.0319958124,12256188.504487986,0.000100015264,21983273.878345527,4157117.0338255814,12256188.744420957,0.00010001510200000065,-0.206648063,-0.001829769,-0.239932971,0.31666164998169916,1.6199999934621437e-10
2025-09-05 10:15:00,MEO02,MEO,23263221.087563504,4569276.455353942,9418299.066481639,0.0001000153,23263221.19984658,4569276.481835272,9418299.225985955,0.00010001520049765029,-0.1122830765,-0.026481330499999997,-0.15950431599999998,0.19685115431712086,9.950234972222015e-11
2025-09-05 10:30:00,MEO02,MEO,24230786.11867121,4764523.560009124,6397532.283414342,0.00010001533600000001,24230786.27291276,4764523.577995421,6397532.526779209,0.00010001529899529991,-0.154241551,-0.017986298,-0.243364867,0.28868741133024506,3.7004700098225953e-11
2025-09-05 10:45:00,MEO02,MEO,24845482.5733887,4783624.052876883,3252543.0998184085,0.000100015372,24845482.72046517,4783624.124764179,3252543.3366561993,0.00010001533499530157,-0.14707646800000002,-0.0718872955,-0.23683779100000002,0.2879086833345237,3.700469843040548e-11
2025-09-05 11:00:00,MEO02,MEO,25078003.501560044,4674598.287288188,44398.516017895374,0.000100015408,25078003.55378081,4674598.331406499,44398.63445362437,0.00010001532130769903,-0.052220766,-0.044118311,-0.118435729,0.1367496093993724,8.669230097843221e-11
2025-09-05 11:15:00,MEO02,MEO,24911468.861203432,4490442.555450124,-3164608.164290515,0.000100015444,24911468.92861559,4490442.621514923,-3164607.982632958,0.0001000153864114999,-0.06741215750000001,-0.06606479900000001,-0.181657557,0.20471547245121327,5.758850010829825e-11
2025-09-05 11:30:00,MEO02,MEO,24342171.894412894,4286643.968910558,-6312166.897877282,0.00010001548,24342172.080657236,4286644.1055759,-6312166.715811013,0.00010001546003530162,-0.186244344,-0.136665341,-0.182066269,0.2941300688644685,1.996469837810263e-11
2025-09-05 11:45:00,MEO02,MEO,23379792.717259012,4118594.5252803694,-9337160.790857848,0.00010001551600000001,23379792.84122356,4118594.6697550598,-9337160.62568769,0.00010001555439402483,-0.12396454938685636,-0.14447469032181573,-0.16517015707113822,0.2520343755029765,-3.839402482182603e-11
2025-09-05 12:00:00,MEO02,MEO,22047069.854097098,4039014.165411243,-12180852.819904294,0.000100015552,22047069.97830505,4039014.2989223744,-12180852.653594662,0.000100015590847099,-0.12420795254742548,-0.13351113128726289,-0.16630963228455287,0.2468030215460326,-3.8847099000045404e-11
2025-09-05 12:15:00,MEO02,MEO,20378943.062553786,4095492.2211427037,-14788026.342948895,0.000100015588,20378943.18700514,4095492.343690276,-14788026.175499788,0.00010001562730017319,-0.12445135570799458,-0.12254757225271004,-0.1674491074979675,0.24196125930499052,-3.9300173178264775e-11
2025-09-05 12:30:00,MEO02,MEO,18421202.854231346,4328251.65669518,-17108057.253808055,0.00010001562400000001,18421202.978926104,4328251.768279193,-17108057.085219473,0.00010001566375324736,-0.12469475886856368,-0.1115840132181572,-0.16858858271138213,0.2375329137525822,-3.9753247356484147e-11
2025-09-05 12:45:00,MEO02,MEO,16228702.69381782,4768231.126438225,-19095896.96245075,0.00010001566,16228702.818755982,4768231.227058679,-19095896.79272269,0.00010001570020632154,-0.12493816202913278,-0.10062045418360435,-0.16972805792479675,0.23354150333132614,-4.020632153470352e-11
2025-09-05 13:00:00,MEO02,MEO,13863208.093887012,5435566.501493101,-20712947.114146546,0.00010001569600000001,13863208.219068578,5435566.591149996,-20712946.943279013,0.00010001573665939573,-0.1251815651897019,-0.08965689514905151,-0.1708675331382114,0.23000977586148239,-4.065939571292289e-11
2025-09-05 13:15:00,MEO02,MEO,11390971.950432498,6338536.718113616,-21927809.06286776,0.000100015732,11390972.075857466,6338536.796806952,-21927808.89086075,0.00010001577311246989,-0.125424968350271,-0.07869333611449866,-0.17200700835162602,0.22695919183098157,-4.111246989114226e-11
2025-09-05 13:30:00,MEO02,MEO,8880136.851565113,7473019.276455214,-22716893.546240076,0.000100015768,8880136.977233484,7473019.344184991,-22716893.373093594,0.00010001580956554408,-0.1256683715108401,-0.06772977707994582,-0.17314648356504067,0.22440937385150508,-4.156554406936163e-11
2025-09-05 13:45:00,MEO02,MEO,6398072.261970745,8822479.287881844,-23064878.72384107,0.00010001580400000001,6398072.38788252,8822479.344648061,-23064878.54955511,0.00010001584601861826,-0.1259117746714092,-0.056766218045392974,-0.1742859587784553,0.2223775481909229,-4.2018618247581004e-11
2025-09-05 14:00:00,MEO02,MEO,4008757.1386241186,10358493.530968644,-22965007.685006574,0.00010001584,4008757.2647792967,10358493.576771302,-22965007.50958114,0.00010001588247169242,-0.12615517783197833,-0.04580265901084013,-0.17542543399186994,0.22087801012666988,-4.2471692425800375e-11
2025-09-05 14:15:00,MEO02,MEO,1770316.5580761097,12041788.471720427,-22419219.64936654,0.00010001587600000001,1770316.6844746908,12041788.506559527,-22419219.47280163,0.00010001591892476661,-0.12639858099254742,-0.034839099976287285,-0.17656490920528456,0.219921648153968,-4.2924766604019746e-11
2025-09-05 14:30:00,MEO02,MEO,-267185.5844147913,13823749.575915832,-21438112.31255793,0.000100015912,-267185.45777280716,13823749.599791372,-21438112.134853546,0.00010001595537784079,-0.12664198415311653,-0.02387554094173444,-0.1777043844186992,0.21951556174250492,-4.337784078223912e-11
2025-09-05 14:45:00,MEO02,MEO,-2063606.5349531043,15648339.397884034,-20040736.068256803,0.000100015948,-2063606.408067717,15648339.410796016,-20040735.889412943,0.00010001599183091496,-0.12688538731368565,-0.012911981907181597,-0.17884385963211383,0.21966280276511688,-4.383091496045849e-11
2025-09-05 15:00:00,MEO02,MEO,-3590160.6412563743,17454344.702616286,-18254224.102169465,0.00010001598400000001,-3590160.5141275837,17454344.70456471,-18254223.92218613,0.00010001602828398915,-0.12712879047425474,-0.0019484228726287522,-0.17998333484552848,0.2203622620623939,-4.428398913867787e-11
2025-09-05 15:15:00,MEO02,MEO,-4830372.469996223,19177858.989503838,-16113265.540535523,0.00010001602,-4830372.342624029,19177858.980488703,-16113265.359412713,0.00010001606473706331,-0.12737219363482385,0.009015136161924092,-0.1811228100589431,0.22160871082837216,-4.473706331689723e-11
2025-09-05 15:30:00,MEO02,MEO,-5780508.5130901905,20754896.81882081,-13659431.883141901,0.000100016056,-5780508.385474593,20754896.798842117,-13659431.700879617,0.0001000161011901375,-0.12761559679539294,0.019978695196476937,-0.18226228527235774,0.223392993265009,-4.5190137495116603e-11
2025-09-05 15:45:00,MEO02,MEO,-6449470.798758846,22124030.71464696,-10940369.7996601,0.00010001609200000001,-6449470.670899846,22124030.683704708,-10940369.61625834,0.00010001613764321169,-0.12785899995596206,0.03094225423102978,-0.18340176048577236,0.22570235425426335,-4.564321167333598e-11
2025-09-05 16:00:00,MEO02,MEO,-6858158.298745045,23228940.366687946,-8008875.962968189,0.000100016128,-6858158.170642642,23228940.324782133,-8008875.778426954,0.00010001617409628585,-0.12810240311653118,0.041905813265582625,-0.184541235699187,0.22852087550826297,-4.6096285851555346e-11
2025-09-05 16:15:00,MEO02,MEO,-7038324.343925487,24020767.423017927,-4921871.883642099,0.00010001616400000001,-7038324.215579681,24020767.370148554,-4921871.697961388,0.00010001621054936004,-0.12834580627710027,0.05286937230013547,-0.18568071091260163,0.23182998710550456,-4.654936002977472e-11
2025-09-05 16:30:00,MEO02,MEO,-7030979.3910290925,24460177.207122542,-1739298.6514934818,0.0001000162,-7030979.262439883,24460177.14328961,-1739298.4646732956,0.00010001624700243421,-0.12858920943766938,0.06383293133468831,-0.18682018612601625,0.2356090190352296,-4.700243420799409e-11
2025-09-05 16:45:00,MEO02,MEO,-6884407.537598116,24519040.869284634,1477046.9547756328,0.000100016236,-6884407.408765504,24519040.794488143,1477047.142735294,0.00010001628345550839,-0.12883261259823847,0.07479649036924116,-0.1879596613394309,0.23983575907540838,-4.7455508386213467e-11
2025-09-05 17:00:00,MEO02,MEO,-6651881.362068061,24181667.28455706,4664712.39027169,0.00010001627200000001,-6651881.232992045,24181667.19879701,4664712.5793708265,0.00010001631990858257,-0.1290760157588076,0.085760049403794,-0.18909913655284555,0.2444869881260368,-4.790858256443284e-11
2025-09-05 17:15:00,MEO02,MEO,-6389172.292786569,23445532.77555026,7761801.999773439,0.000100016308,-6389172.16346715,23445532.678826652,7761802.190012051,0.00010001635636165675,-0.1293194189193767,0.09672360843834685,-0.19023861176626017,0.2495389707956129,-4.83616567426522e-11
2025-09-05 17:30:00,MEO02,MEO,-6151962.254803432,22321477.68205435,10708178.860339584,0.00010001634400000001,-6151962.12524061,22321477.57436718,10708179.05171767,0.00010001639281473092,-0.1295628220799458,0.10768716747289969,-0.1913780869796748,0.25496788636935436,-4.8814730920871574e-11
2025-09-05 17:45:00,MEO02,MEO,-5993266.448316901,20833361.043851573,13446632.474192437,0.00010001638,-5993266.318510676,20833360.925200846,13446632.666709999,0.0001000164292678051,-0.1298062252405149,0.11865072650745256,-0.19251756219308944,0.2607501922620723,-4.926780509909095e-11
2025-09-05 18:00:00,MEO02,MEO,-5960976.605882974,19017187.276162736,15923989.63851302,0.000100016416,-5960976.475833346,19017187.14654845,15923989.832170056,0.00010001646572087929,-0.130049628401084,0.12961428554200538,-0.19365703740650408,0.2668629179951547,-4.972087927731032e-11
2025-09-05 18:15:00,MEO02,MEO,-6095628.9783383105,16919740.75176195,18092146.922120884,0.00010001645200000001,-6095628.848045279,16919740.611184105,18092147.116917398,0.00010001650217395346,-0.13029303156165312,0.14057784457655825,-0.1947965126199187,0.2732838922955377,-5.017395345552969e-11
2025-09-05 18:30:00,MEO02,MEO,-6428491.825760494,14596784.736844722,19909004.70119859,0.000100016488,-6428491.695224059,14596784.585303318,19909004.897134576,0.00010001653862702764,-0.13053643472222223,0.15154140361111107,-0.19593598783333332,0.27999190903781274,-5.0627027633749066e-11
2025-09-05 18:45:00,MEO02,MEO,-6980053.737055767,12110899.299149811,21339284.617663883,0.000100016524,-6980053.606275929,12110899.136644848,21339284.814739347,0.00010001657508010182,-0.13077983788279132,0.16250496264566394,-0.19707546304674797,0.28696683957594815,-5.108010181196843e-11
2025-09-05 19:00:00,MEO02,MEO,-7758977.234118518,9529047.85544059,22355214.58741011,0.00010001656000000001,-7758977.103095277,9529047.68197207,22355214.785625048,0.000100016611533176,-0.13102324104336044,0.17346852168021676,-0.19821493826016262,0.29418969978044174,-5.153317599018781e-11
2025-09-05 19:15:00,MEO02,MEO,-8761562.5412953,6919973.320983778,22937068.057444565,0.000100016596,-8761562.410028655,6919973.136551697,22937068.25679898,0.00010001664798625017,-0.13126664420392953,0.18443208071476963,-0.19935441347357724,0.30164268008478895,-5.1986250168407174e-11
2025-09-05 19:30:00,MEO02,MEO,-9971744.93898867,4351531.893082154,23073547.0410434,0.00010001663200000001,-9971744.807478623,4351531.697686514,23073547.241537288,0.00010001668443932435,-0.13151004736449864,0.19539563974932245,-0.20049388868699186,0.30930914631108397,-5.2439324346626545e-11
2025-09-05 19:45:00,MEO02,MEO,-11361626.671624232,1888075.0481362413,22762001.49343731,0.000100016668,-11361626.539870782,1888074.8417770425,22762001.695070673,0.00010001672089239852,-0.13175345052506776,0.20635919878387532,-0.2016333639004065,0.31717361820583095,-5.2892398524845923e-11
2025-09-05 20:00:00,MEO02,MEO,-12892521.886242056,-412011.74928880297,22008480.768358767,0.000100016704,-12892521.754245203,-412011.9666115608,22008480.971131608,0.00010001675734547271,-0.13199685368563685,0.21732275781842814,-0.20277283911382116,0.3252217316401138,-5.334547270306529e-11
2025-09-05 20:15:00,MEO02,MEO,-14516471.481963247,-2498511.748797452,20827616.1563072,0.00010001674000000001,-14516471.34972299,-2498511.977083769,20827616.360219516,0.00010001679379854689,-0.13224025684620597,0.228286316852981,-0.20391231432723578,0.3334401894303378,-5.379854688128466e-11
2025-09-05 20:30:00,MEO02,MEO,-16178164.958181445,-4331230.036196327,19242336.785313282,0.000100016776,-16178164.825697785,-4331230.275446203,19242336.990365073,0.00010001683025162106,-0.13248366000677506,0.23924987588753382,-0.2050517895406504,0.34181670479193127,-5.425162105950404e-11
2025-09-05 20:45:00,MEO02,MEO,-17817189.190653283,-5881420.774973932,17283424.40062654,0.00010001681200000001,-17817189.05792622,-5881421.025187367,17283424.606817804,0.00010001686670469525,-0.13272706316734417,0.2502134349220867,-0.20619126475406505,0.3503399405911613,-5.47046952377234e-11
2025-09-05 21:00:00,MEO02,MEO,-19370510.259439386,-7132730.148994362,14988915.668272348,0.000100016848,-19370510.12646892,-7132730.410171356,14988915.875603087,0.00010001690315776941,-0.1329704663279133,0.2611769939566395,-0.2073307399674797,0.3589994468284762,-5.5157769415942774e-11
2025-09-05 21:15:00,MEO02,MEO,-20775084.580051992,-8081616.91105843,12403363.608093582,0.000100016884,-20775084.44683812,-8081617.183198983,12403363.816563798,0.0001000169396108436,-0.13321386948848238,0.2721405529911924,-0.2084702151808943,0.3677855981737387,-5.561084359416215e-11
2025-09-05 21:30:00,MEO02,MEO,-21970490.06358187,-8737234.353835339,9576972.497204417,0.00010001692000000001,-21970489.930124596,-8737234.636939451,9576972.706814108,0.00010001697606391779,-0.1334572726490515,0.2831041120257452,-0.20960969039430893,0.3766895328729045,-5.6063917772381517e-11
2025-09-05 21:45:00,MEO02,MEO,-22901467.085167054,-9120780.101949232,6564623.041645033,0.000100016956,-22901466.951466378,-9120780.396016903,6564623.252394198,0.00010001701251699195,-0.13370067580962058,0.2940676710602981,-0.21074916560772358,0.3857030939454967,-5.6516991950600894e-11
2025-09-05 22:00:00,MEO02,MEO,-23520262.713189494,-9264342.43019823,3424806.7447049674,0.000100016992,-23520262.579245415,-9264342.73522946,3424806.956593608,0.00010001704897006614,-0.1339440789701897,0.3050312300948509,-0.21188864082113823,0.39481877327880394,-5.6970066128820266e-11
2025-09-05 22:15:00,MEO02,MEO,-23788679.790667854,-9209292.908009069,218490.163542147,0.00010001702800000001,-23788679.656480372,-9209293.224003859,218490.37657026303,0.00010001708542314032,-0.13418748213075882,0.31599478912940376,-0.21302811603455285,0.4040296589840404,-5.7423140307039644e-11
2025-09-05 22:30:00,MEO02,MEO,-23679744.72490671,-9004294.170191698,-2992068.892907513,0.000100017064,-23679744.590475824,-9004294.497150047,-2992068.6787399217,0.00010001712187621448,-0.1344308852913279,0.3269583481639566,-0.21416759124796747,0.4133293861985495,-5.787621448525901e-11
2025-09-05 22:45:00,MEO02,MEO,-23178923.71808407,-8703007.72254474,-6144530.238559031,0.00010001710000000001,-23178923.583409782,-8703008.060466649,-6144530.023251965,0.00010001715832928867,-0.13467428845189702,0.33792190719850945,-0.21530706646138212,0.42271209138479676,-5.832928866347837e-11
2025-09-05 23:00:00,MEO02,MEO,-22284835.9952289,-8361599.232862845,-9177681.78434717,0.000100017136,-22284835.86031121,-8361599.581748311,-9177681.567900628,0.00010001719478236285,-0.13491769161246614,0.34888546623306227,-0.21644654167479674,0.43217237008128745,-5.878236284169776e-11
2025-09-05 23:15:00,MEO02,MEO,-21009433.56855075,-8036147.207862874,-12032628.107866153,0.000100017172,-21009433.433389656,-8036147.567711899,-12032627.890280137,0.00010001723123543702,-0.13516109477303523,0.3598490252676151,-0.2175860168882114,0.44170523799427047,-5.923543701991712e-11
2025-09-05 23:30:00,MEO02,MEO,-19377639.33941513,-7780064.960547413,-14653934.03974556,0.00010001720800000001,-19377639.204010632,-7780065.331359997,-14653933.821020069,0.00010001726768851121,-0.13540449793360435,0.370812584302168,-0.218725492101626,0.4513060952752604,-5.968851119813649e-11
2025-09-05 23:45:00,MEO02,MEO,-17426457.94885405,-7641645.162959368,-16990701.0614701,0.000100017244,-17426457.81320615,-7641645.544735512,-16990700.84160513,0.00010001730414158537,-0.13564790109417343,0.38177614333672083,-0.21986496731504065,0.46097069380250083,-6.014158537635587e-11
2025-09-06 00:00:00,MEO02,MEO,-15203595.797198037,-7661831.082010021,-18997555.613977484,0.00010001728000000001,-15203595.661306733,-7661831.474749723,-18997555.392973043,0.00010001734059465956,-0.13589130425474255,0.39273970237127365,-0.22100444252845527,0.4706951072701361,-6.059465955457523e-11
2025-09-06 00:15:00,MEO02,MEO,-12765647.141218226,-7872309.029219061,-20635530.126807574,0.000100017316,-12765647.005083518,-7872309.432922322,-20635529.904663656,0.00010001737704773373,-0.13613470741531167,0.40370326140582646,-0.22214391774186992,0.48047570388362015,-6.10477337327946e-11
2025-09-06 00:30:00,MEO02,MEO,-10175921.284787117,-8294003.020154681,-21872819.66065376,0.000100017352,-10175921.148409005,-8294003.434821501,-21872819.437370367,0.00010001741350080791,-0.13637811057588076,0.4146668204403794,-0.22328339295528454,0.49030912146115024,-6.150080791101399e-11
2025-09-06 00:45:00,MEO02,MEO,-7502000.848008309,-8936035.703778962,-22685399.471406057,0.00010001738800000001,-7502000.711386795,-8936036.129409341,-22685399.24698319,0.0001000174499538821,-0.13662151373644987,0.4256303794749322,-0.2244228681686992,0.5001922447466365,-6.195388208923334e-11
2025-09-06 01:00:00,MEO02,MEO,-4813132.3029941525,-9795199.996065257,-23057491.50430197,0.000100017424,-4813132.166129235,-9795200.432659196,-23057491.278739624,0.00010001748640695627,-0.13686491689701896,0.436593938509485,-0.2255623433821138,0.5101221847484018,-6.240695626745272e-11
2025-09-06 01:15:00,MEO02,MEO,-2177556.932830975,-10855964.359181358,-22981870.76015493,0.00010001746,-2177556.795722655,-10855964.806738855,-22981870.53345311,0.00010001752286003045,-0.13710832005758808,0.44755749754403784,-0.22670181859552846,0.5200962599283092,-6.28600304456721e-11
2025-09-06 01:30:00,MEO02,MEO,340107.18801227957,-12091012.208579278,-22460005.584875736,0.000100017496,340107.3253640028,-12091012.667100335,-22460005.35703444,0.00010001755931310462,-0.1373517232181572,0.45852105657859077,-0.22784129380894308,0.5301119790775131,-6.331310462389146e-11
2025-09-06 01:45:00,MEO02,MEO,2681323.7805040134,-13462293.447320972,-21502029.15825208,0.000100017532,2681323.91809914,-13462293.916805588,-21502028.92927131,0.00010001759576617881,-0.13759512637872628,0.4694846156131436,-0.22898076902235773,0.540167025726922,-6.376617880211083e-11
2025-09-06 02:00:00,MEO02,MEO,4795835.827458733,-14922544.56278561,-20126542.735595226,0.00010001756800000001,4795835.965297262,-14922545.043233786,-20126542.50547498,0.00010001763221925298,-0.1378385295392954,0.4804481746476964,-0.23012024423577238,0.5502592439523303,-6.42192529803302e-11
2025-09-06 02:15:00,MEO02,MEO,6643511.210256226,-16417213.979906093,-18360254.46275666,0.000100017604,6643511.348338159,-16417214.471317828,-18360254.23149694,0.00010001766867232716,-0.1380819326998645,0.4914117336822492,-0.231259719449187,0.5603866254457189,-6.467232715854959e-11
2025-09-06 02:30:00,MEO02,MEO,8195760.579335589,-17886712.27525755,-16237460.777731216,0.00010001764,8195760.717660924,-17886712.777632844,-16237460.54533202,0.00010001770512540135,-0.1383253358604336,0.5023752927168021,-0.23239919466260162,0.5705472977352712,-6.512540133676894e-11
2025-09-06 02:45:00,MEO02,MEO,9436469.469719935,-19268893.13453387,-13799380.468591949,0.00010001767600000001,9436469.608288674,-19268893.647872724,-13799380.235053279,0.00010001774157847552,-0.13856873902100272,0.513338851751355,-0.23353866987601626,0.5807395134470611,-6.557847551498832e-11
2025-09-06 03:00:00,MEO02,MEO,10362407.043289552,-20501661.15789383,-11093354.318513885,0.000100017712,10362407.182101693,-20501661.68219624,-11093354.08383574,0.0001000177780315497,-0.1388121421815718,0.5243024107859078,-0.2346781450894309,0.5909616405110976,-6.60315496932077e-11
2025-09-06 03:15:00,MEO02,MEO,10983095.778816087,-21525597.193772994,-8171925.878566473,0.00010001774800000001,10983095.917871632,-21525597.729038965,-8171925.642748852,0.00010001781448462388,-0.13905554534214093,0.5352659698204606,-0.23581762030284553,0.6012121532234153,-6.648462387142707e-11
2025-09-06 03:30:00,MEO02,MEO,11320149.01930828,-22286491.039942164,-5091821.2171315765,0.000100017784,11320149.15860723,-22286491.586171694,-5091820.980174481,0.00010001785093769805,-0.13929894850271002,0.5462295288550135,-0.23695709551626015,0.6114896240841972,-6.693769804964643e-11
2025-09-06 03:45:00,MEO02,MEO,11406105.57727625,-22737675.12672776,-1912847.456388847,0.00010001782,11406105.716818603,-22737675.68392085,-1912847.2182922761,0.00010001788739077223,-0.13954235166327913,0.5571930878895663,-0.23809657072967477,0.6217927163395044,-6.739077222786581e-11
2025-09-06 04:00:00,MEO02,MEO,11282811.657831402,-22842061.033697344,1303268.516749022,0.00010001785600000001,11282811.797617158,-22842061.601853993,1303268.755985068,0.00010001792384384642,-0.13978575482384825,0.5681566469241192,-0.23923604594308942,0.6321201771611275,-6.784384640608519e-11
2025-09-06 04:15:00,MEO02,MEO,10999419.304590907,-22573793.043105084,4494078.616229733,0.000100017892,10999419.444620065,-22573793.622225292,4494078.856605255,0.00010001796029692058,-0.14002915798441734,0.579120205958672,-0.24037552115650407,0.6424708314053647,-6.829692058430454e-11
2025-09-06 04:30:00,MEO02,MEO,10610086.610191632,-21919448.883845903,7597626.1261461675,0.000100017928,10610086.750464194,-21919449.47392967,7597626.367661164,0.00010001799674999477,-0.14027256114498646,0.5900837649932249,-0.2415149963699187,0.6528435758972553,-6.874999476252393e-11
2025-09-06 04:45:00,MEO02,MEO,10171477.389922142,-20878736.70057005,10553648.728973879,0.000100017964,10171477.530438107,-20878737.301617377,10553648.97162835,0.00010001803320306893,-0.14051596430555557,0.6010473240277777,-0.2426544715833333,0.66323737419197,-6.92030689407433e-11
2025-09-06 05:00:00,MEO02,MEO,9740166.37164241,-19464658.303144723,13304748.633271713,0.000100018,9740166.512401778,-19464658.915155604,13304748.87706566,0.00010001806965614312,-0.14075936746612466,0.6120108830623305,-0.24379394679674796,0.6736512517697364,-6.965614311896266e-11
2025-09-06 05:15:00,MEO02,MEO,9370059.857900428,-17703131.031270176,15797507.080202304,0.00010001803600000001,9370059.998903198,-17703131.654244617,15797507.325135726,0.00010001810610921731,-0.14100277062669378,0.6229744420968834,-0.2449334220101626,0.6840842916248958,-7.010921729718204e-11
2025-09-06 05:30:00,MEO02,MEO,9109941.10370433,-15632083.174442196,17983521.588230703,0.000100018072,9109941.244950503,-15632083.808380198,17983521.8343036,0.00010001814256229147,-0.14124617378726287,0.6339380011314363,-0.24607289722357722,0.694535630213503,-7.05622914754014e-11
2025-09-06 05:45:00,MEO02,MEO,9001244.355977513,-13300059.871579288,19820345.795580596,0.000100018108,9001244.49746709,-13300060.516480848,19820346.04279297,0.00010001817901536566,-0.14148957694783199,0.6449015601659891,-0.24721237243699185,0.7050044537273005,-7.101536565362077e-11
2025-09-06 06:00:00,MEO02,MEO,9076151.840718163,-10764396.856533121,21272313.651300088,0.00010001814400000001,9076151.982451143,-10764397.512398241,21272313.899651933,0.00010001821546843985,-0.14173298010840107,0.6558651192005419,-0.2483518476504065,0.7154899946649989,-7.146843983184016e-11
2025-09-06 06:15:00,MEO02,MEO,9356094.366631184,-8089037.45895323,22311231.95142625,0.00010001818,9356094.508607566,-8089038.125781908,22311232.20091757,0.00010001825192151401,-0.1419763832689702,0.6668286782350948,-0.24949132286382114,0.7259915286745712,-7.192151401005952e-11
2025-09-06 06:30:00,MEO02,MEO,9850719.210659333,-5342083.158743888,22916927.7731072,0.00010001821600000001,9850719.352879118,-5342083.836536125,22916928.023738,0.0001000182883745882,-0.1422197864295393,0.6777922372696477,-0.25063079807723576,0.7365083716427737,-7.237458818827889e-11
2025-09-06 06:45:00,MEO02,MEO,10557369.274588717,-2593179.1028882004,23077640.177026637,0.000100018252,10557369.417051908,-2593179.7916439967,23077640.42879691,0.00010001832482766237,-0.1424631895901084,0.6887557963042005,-0.2517702732906504,0.7470398770103703,-7.282766236649827e-11
2025-09-06 07:00:00,MEO02,MEO,11461095.97791458,89157.13960069092,22790248.572349723,0.000100018288,11461096.120621173,89156.43988133558,22790248.825259473,0.00010001836128073655,-0.1427065927506775,0.6997193553387533,-0.252909748504065,0.7575854332935511,-7.328073654471764e-11
2025-09-06 07:15:00,MEO02,MEO,12535205.883111201,2640152.972998931,22060333.3099747,0.00010001832400000001,12535206.026061198,2640152.2623160165,22060333.564023923,0.00010001839773381073,-0.14294999591124663,0.7106829143733062,-0.2540492237174797,0.7681444617938838,-7.3733810722937e-11
2025-09-06 07:30:00,MEO02,MEO,13742318.577643912,5001236.00179452,20902067.327537186,0.00010001836,13742318.720837312,5001235.280148046,20902067.582725886,0.00010001843418688491,-0.14319339907181572,0.721646473407859,-0.2551886989308943,0.7787164144807677,-7.418688490115639e-11
2025-09-06 07:45:00,MEO02,MEO,15035891.804925188,7122225.595992185,19337940.950121272,0.00010001839600000001,15035891.948361991,7122224.863382152,19337941.206449445,0.00010001847063995908,-0.14343680223238484,0.7326100324424119,-0.2563281741443089,0.789300772031853,-7.463995907937576e-11
2025-09-06 08:00:00,MEO02,MEO,16362150.147001106,8963170.373256823,17398325.190286644,0.000100018432,16362150.290681312,8963169.629683232,17398325.447754294,0.00010001850709303326,-0.14368020539295392,0.7435735914769647,-0.2574676493577236,0.7998970420182245,-7.509303325759513e-11
2025-09-06 08:15:00,MEO02,MEO,17662336.54089405,10495756.030136205,15120882.026920859,0.000100018468,17662336.684817657,10495755.275599055,15120882.285527984,0.00010001854354610745,-0.14392360855352304,0.7545371505115176,-0.2586071245711382,0.81050475722235,-7.554610743581449e-11
2025-09-06 08:30:00,MEO02,MEO,18875192.27221605,11704225.967825986,12549833.113669012,0.00010001850400000001,18875192.416383065,11704225.202325277,12549833.373415612,0.00010001857999918162,-0.14416701171409216,0.7655007095460704,-0.25974659978455283,0.8211234740778911,-7.599918161403387e-11
2025-09-06 08:45:00,MEO02,MEO,19939561.406107716,12585777.575562615,9735101.116605049,0.00010001854,19939561.550518133,12585776.799098346,9735101.377491124,0.0001000186164522558,-0.14441041487466125,0.7764642685806232,-0.26088607499796745,0.8317527712214483,-7.645225579225324e-11
2025-09-06 09:00:00,MEO02,MEO,20797010.293222487,13150419.001017276,6731340.353992043,0.000100018576,20797010.437876306,13150418.213589448,6731340.616017593,0.00010001865290532997,-0.14465381803523036,0.787427827615176,-0.2620255502113821,0.8423922481472051,-7.69053299704726e-11
2025-09-06 09:15:00,MEO02,MEO,21394352.051021166,13420293.831348235,3596875.560433389,0.00010001861200000001,21394352.19591839,13420293.032956848,3596875.8235984147,0.00010001868935840416,-0.14489722119579945,0.798391386649729,-0.26316502542479675,0.8530415239562347,-7.735840414869198e-11
2025-09-06 09:30:00,MEO02,MEO,21685969.799545255,13428503.383988135,392569.3816772517,0.000100018648,21685969.94468588,13428502.574633189,392569.6459817524,0.00010001872581147833,-0.14514062435636857,0.8093549456842818,-0.26430450063821137,0.8637002361929614,-7.781147832691136e-11
2025-09-06 09:45:00,MEO02,MEO,21635840.764100097,13217477.329236459,-2819359.4097994617,0.00010001868400000001,21635840.909484126,13217476.508917954,-2819359.1443554857,0.00010001876226455251,-0.14538402751693769,0.8203185047188346,-0.265443975851626,0.8743680397619237,-7.826455250513071e-11
2025-09-06 10:00:00,MEO02,MEO,21219175.796160847,12836962.256384622,-5976544.031443108,0.00010001872,21219175.94178828,12836961.425102558,-5976543.764859657,0.00010001879871762668,-0.14562743067750678,0.8312820637533874,-0.26658345106504067,0.8850446059185773,-7.87176266833501e-11
2025-09-06 10:15:00,MEO02,MEO,20423604.887506705,12341713.759870855,-9017680.68121879,0.000100018756,20423605.03337754,12341712.917625232,-9017680.413495863,0.00010001883517070087,-0.1458708338380759,0.8422456227879404,-0.2677229262784553,0.8957296213284232,-7.917070086156947e-11
2025-09-06 10:30:00,MEO02,MEO,19249858.189991046,11788989.992984759,-11883718.888064457,0.00010001879200000001,19249858.336105283,11788989.139775576,-11883718.619202055,0.00010001887162377505,-0.146114236998645,0.8532091818224932,-0.2688624014918699,0.9064227871892232,-7.962377503978883e-11
2025-09-06 10:45:00,MEO02,MEO,17711913.111233376,11235952.895698257,-14519008.108881585,0.000100018828,17711913.257591017,11235952.031525515,-14519007.838879708,0.00010001890807684922,-0.1463576401592141,0.8641727408570461,-0.2700018767052845,0.9171238184115212,-8.007684921800821e-11
2025-09-06 11:00:00,MEO02,MEO,15836600.352728542,10737087.104465345,-16872378.308320448,0.00010001886400000001,15836600.499329586,10737086.229329046,-16872378.037179098,0.00010001894452992341,-0.14660104331978321,0.8751362998915988,-0.27114135191869915,0.9278324428530764,-8.052992339622757e-11
2025-09-06 11:15:00,MEO02,MEO,13662684.357356733,10341745.736342005,-18898133.539481923,0.0001000189,13662684.50420118,10341744.850242147,-18898133.267201096,0.00010001898098299757,-0.1468444464803523,0.8860998589261517,-0.2722808271321138,0.9385484006031949,-8.098299757444694e-11
2025-09-06 11:30:00,MEO02,MEO,11239455.591161525,10091926.842141699,-20556939.232949246,0.000100018936,11239455.738249375,10091925.945078282,-20556938.95952894,0.00010001901743607176,-0.14708784964092142,0.8970634179607044,-0.27342030234552844,0.9492714433132664,-8.143607175266633e-11
2025-09-06 11:45:00,MEO02,MEO,8624892.479640571,10020374.57019595,-21816585.965444043,0.00010001897200000001,8624892.626971824,10020373.662168974,-21816585.690884266,0.00010001905388914595,-0.1473312528014905,0.9080269769952574,-0.27455977755894306,0.9600013335701251,-8.18891459308857e-11
2025-09-06 12:00:00,MEO02,MEO,5883468.797127177,10149085.382922526,-22652614.87783208,0.000100019008,5883468.944701833,10149084.46393199,-22652614.602132827,0.0001000190903422201,-0.14757465596205963,0.9189905360298103,-0.27569925277235774,0.9707378443091187,-8.234222010910506e-11
2025-09-06 12:15:00,MEO02,MEO,3083697.1159532187,10488282.597469725,-23048792.598586928,0.000100019044,3083697.263771278,10488281.66751563,-23048792.3217482,0.0001000191267952943,-0.14781805912262874,0.929954095064363,-0.27683872798577236,0.9814807582640322,-8.279529428732444e-11
2025-09-06 12:30:00,MEO02,MEO,295509.93955943035,11035902.79523536,-22997426.451012686,0.00010001908000000001,295509.97760216333,11035902.649020044,-22997426.394044604,0.0001000191423107003,-0.038042733,0.146215316,-0.056968082,0.1614668093877125,-6.231070029119945e-11
2025-09-06 12:45:00,MEO02,MEO,-2412413.0909446753,11777616.090389771,-22499513.8237703,0.000100019116,-2412413.0978918425,11777615.963032685,-22499513.71624841,0.0001000192031544507,0.006947167000000001,0.1273570855,-0.1075218895,0.16682040366223314,-8.715445069668831e-11
2025-09-06 13:00:00,MEO02,MEO,-4975261.29744953,12687379.76864563,-21564722.80434558,0.00010001915200000001,-4975261.230650705,12687379.600197345,-21564722.708891623,0.00010001914758300096,-0.066798825,0.168448284,-0.095453959,0.204813001766731,4.4169990427177456e-12
2025-09-06 13:15:00,MEO02,MEO,-7334544.152413618,13728502.347154642,-20211204.45150325,0.000100019188,-7334544.049097844,13728502.061591402,-20211204.23627789,0.00010001909039525806,-0.10331577352941176,0.28556324025,-0.21522536098529413,0.3722129353653767,9.760474194450882e-11
2025-09-06 13:30:00,MEO02,MEO,-9440276.260108216,14855173.606533099,-18465240.35187735,0.000100019224,-9440276.120275494,14855173.203854902,-18465240.016880587,0.00010001903320751515,-0.13983272205882352,0.40267819650000003,-0.3349967629705882,0.5421491965277135,1.907924848462999e-10
2025-09-06 13:45:00,MEO02,MEO,-11252806.003142111,16014396.508354526,-16360732.30417426,0.00010001926000000001,-11252805.826792441,16014395.988561373,-16360731.849406095,0.00010001897601977226,-0.17634967058823528,0.51979315275,-0.45476816495588235,0.7128100811714889,2.8398022774809097e-10
2025-09-06 14:00:00,MEO02,MEO,-12744212.660392327,17148239.95966007,-13938544.039913699,0.000100019296,-12744212.447525708,17148239.322751958,-13938543.465374133,0.00010001891883202935,-0.21286661911764704,0.636908109,-0.5745395669411765,0.8837759053207367,3.7716797064988205e-10
2025-09-06 14:15:00,MEO02,MEO,-13899214.880757354,18196317.831231326,-11245707.762668665,0.00010001933200000001,-13899214.857638437,18196317.76378714,-11245707.660953173,0.00010001924453150039,-0.02311891650000001,0.0674441865,-0.1017154925,0.12421450803870823,8.746849962449689e-11
2025-09-06 14:30:00,MEO02,MEO,-14715553.861481326,19098390.047258295,-8334510.912622736,0.000100019368,-14715553.855435954,19098389.989014518,-8334510.814459088,0.00010001929726452901,-0.006045371428571427,0.05824377757142857,-0.09816364757142858,0.11430216903465598,7.073547098468272e-11
2025-09-06 14:45:00,MEO02,MEO,-15203836.572579905,19796976.343105666,-5261480.888950968,0.000100019404,-15203836.509075342,19796976.26688064,-5261480.761220697,0.0001000193207915008,-0.063504564,0.076225029,-0.12773027050000002,0.16173467994491508,8.320849919446606e-11
2025-09-06 15:00:00,MEO02,MEO,-15386846.968407195,20239872.654544543,-2086287.4439152037,0.00010001944000000001,-15386846.941527668,20239872.58460577,-2086287.3305647846,0.0001000194441029985,-0.026879527,0.069938775,-0.113350419,0.13587589450568455,-4.102998481702966e-12
2025-09-06 15:15:00,MEO02,MEO,-15298355.386632808,20382464.0831607,1129415.9388581908,0.000100019476,-15298355.225361671,20382463.99225135,1129416.1790294945,0.00010001941886525587,-0.16127113714705882,0.09090934852941177,-0.24017130370588236,0.3032410665634368,5.713474413806948e-11
2025-09-06 15:30:00,MEO02,MEO,-14981477.321053067,20189736.812356703,4323189.184680829,0.000100019512,-14981477.02539032,20189736.70047678,4323189.551673017,0.00010001939362751325,-0.2956627472941177,0.11187992205882352,-0.3669921884117647,0.48437262871951164,1.1837248675784194e-10
2025-09-06 15:45:00,MEO02,MEO,-14486651.588412374,19637903.873637125,7433018.041531798,0.000100019548,-14486651.158358017,19637903.74078663,7433018.535344872,0.00010001936838977063,-0.4300543574411765,0.1328504955882353,-0.49381307311764705,0.6681671615053209,1.7961022937761437e-10
2025-09-06 16:00:00,MEO02,MEO,-13869323.801650032,18715575.75922408,10398518.225484248,0.000100019584,-13869323.237204066,18715575.60540301,10398518.846118206,0.00010001934315202801,-0.5644459675882353,0.15382106911764706,-0.6206339578235294,0.8529048488751917,2.4084797199738683e-10
2025-09-06 16:15:00,MEO02,MEO,-13187433.346943991,17424425.870316256,13162107.91665846,0.00010001962000000001,-13187433.310239065,17424425.84777529,13162107.97027623,0.00010001958299534995,-0.036704926,0.022540966000000003,-0.053617770499999995,0.0687765370912879,3.700465006361167e-11
2025-09-06 16:30:00,MEO02,MEO,-12498810.225035148,15779321.884873282,15670125.839064475,0.000100019656,-12498810.159239015,15779321.882526368,15670125.884527259,0.00010001968423682014,-0.06579613323776223,0.002346914531468532,-0.04546278368531469,0.0800093985559015,-2.8236820131368056e-11
2025-09-06 16:45:00,MEO02,MEO,-11858591.816864371,13807916.440924004,17873873.214316417,0.000100019692,-11858591.71812471,13807916.446065038,17873873.214448,0.00010001973078755276,-0.0987396615944056,-0.00514103517132867,-0.0001315832132867123,0.09887349659313457,-3.8787552764975776e-11
2025-09-06 17:00:00,MEO02,MEO,-11316768.714867283,11549713.126316216,19730559.35735224,0.00010001972800000001,-11316768.583184093,11549713.138945201,19730559.31215262,0.00010001977733828541,-0.13168318995104894,-0.012628984874125873,0.04519961725874126,0.13979613433486507,-4.9338285398583485e-11
2025-09-06 17:15:00,MEO02,MEO,-10915963.263343731,9054645.696827853,21204132.553307787,0.000100019764,-10915963.098717013,9054645.716944788,21204132.46277697,0.00010001982388901804,-0.16462671830769232,-0.020116934576923075,0.09053081773076924,0.1889509894034277,-5.98890180321912e-11
2025-09-06 17:30:00,MEO02,MEO,-10689534.605046386,6381228.792813473,22265980.08220802,0.00010001980000000001,-10689534.407476138,6381228.820418358,22265979.946346,0.00010001987043975068,-0.19757024666433565,-0.027604884279720278,0.13586201820279722,0.24135973150722634,-7.04397506657989e-11
2025-09-06 17:45:00,MEO02,MEO,-10660090.249724194,3594356.3374499935,22895483.798932232,0.000100019836,-10660090.019210419,3594356.3725428274,22895483.617739014,0.0001000199169904833,-0.23051377502097903,-0.03509283398251748,0.1811932186748252,0.29529492031711296,-8.099048329940664e-11
2025-09-06 18:00:00,MEO02,MEO,-10838467.04196918,762838.5266611802,23080420.4806236,0.000100019872,-10838466.778511876,762838.5692419639,23080420.25409918,0.00010001996354121594,-0.2634573033776224,-0.042580783685314684,0.22652441914685315,0.3500516909144753,-9.154121593301434e-11
2025-09-06 18:15:00,MEO02,MEO,-11223224.62922048,-2043220.7551377455,22817199.16790475,0.00010001990800000001,-11223224.332819648,-2043220.7050690122,22817198.89604913,0.00010002001009194858,-0.29640083173426574,-0.05006873338811188,0.27185561961888116,0.4052971860674833,-1.0209194856662206e-10
2025-09-06 18:30:00,MEO02,MEO,-11800672.945643209,-4755097.595873641,22110930.89138676,0.000100019944,-11800672.616298849,-4755097.538316958,22110930.574199937,0.00010002005664268121,-0.3293443600909091,-0.05755668309090909,0.31718682009090915,0.4608556803723922,-1.1264268120022978e-10
2025-09-06 18:45:00,MEO02,MEO,-12545432.739107631,-7308062.171962063,20975329.42957663,0.00010001998,-12545432.376819743,-7308062.10691743,20975329.06705861,0.00010002010319341384,-0.36228788844755244,-0.06504463279370629,0.362518020562937,0.5166262029784439,-1.231934138338375e-10
2025-09-06 19:00:00,MEO02,MEO,-13421505.71979775,-9643825.203538714,19432445.025189906,0.000100020016,-13421505.324566333,-9643825.131006131,19432444.617340684,0.00010002014974414647,-0.3952314168041958,-0.07253258249650349,0.407849221034965,0.5725467976082756,-1.3374414646744522e-10
2025-09-06 19:15:00,MEO02,MEO,-14383809.441569483,-11712715.661220713,17512236.230362233,0.000100020052,-14383809.013394538,-11712715.58120018,17512235.77718181,0.00010002019629487911,-0.4281749451608392,-0.08002053219930068,0.453180421506993,0.6285774126344367,-1.4429487910105294e-10
2025-09-06 19:30:00,MEO02,MEO,-15380112.441421956,-13475499.894581914,15251988.194341764,0.00010002008800000001,-15380111.980303483,-13475499.807073433,15251987.695830142,0.00010002024284561174,-0.46111847351748253,-0.08750848190209788,0.498511621979021,0.6846910385510075,-1.5484561173466064e-10
2025-09-06 19:45:00,MEO02,MEO,-16353288.279840153,-14904767.367471356,12695588.68891095,0.000100020124,-16353287.78577815,-14904767.272474924,12695588.145068128,0.00010002028939634437,-0.4940620018741259,-0.09499643160489508,0.543842822451049,0.7408688137889564,-1.6539634436826836e-10
2025-09-06 20:00:00,MEO02,MEO,-17243793.653498296,-15985826.328250365,9892675.92911995,0.00010002016,-17243793.126492765,-15985826.225765985,9892675.339945927,0.00010002033594707701,-0.5270055302307692,-0.10248438130769229,0.589174022923077,0.797097175125591,-1.7594707700187606e-10
2025-09-06 20:15:00,MEO02,MEO,-17992266.25709537,-16717073.253592433,6897674.73630149,0.00010002019600000001,-17992265.69714631,-16717073.143620102,6897674.101796267,0.00010002038249780965,-0.5599490585874126,-0.10997233101048949,0.634505223395105,0.8533661232533679,-1.8649780963548378e-10
2025-09-06 20:30:00,MEO02,MEO,-18542132.95143624,-17109821.92322881,3768739.7584154145,0.000100020232,-18542132.358543653,-17109821.80576853,3768739.0785789904,0.00010002042904854227,-0.592892586944056,-0.1174602807132867,0.6798364238671329,0.9096681265246744,-1.9704854226909147e-10
2025-09-06 20:45:00,MEO02,MEO,-18842118.265413236,-17187600.58720225,566626.2674687282,0.00010002026800000001,-18842117.63957712,-17187600.46225402,566625.5423011039,0.00010002047559927491,-0.6258361153006994,-0.1249482304160839,0.7251676243391609,0.9659974052182975,-2.075992749026992e-10
2025-09-06 21:00:00,MEO02,MEO,-18848547.343006793,-16984947.92965518,-2646489.5400008373,0.000100020304,-18848546.68422715,-16984947.797219,-2646490.310499662,0.00010002052215000754,-0.6587796436573427,-0.1324361801188811,0.7704988248111889,1.0223494508910342,-2.1815000753630692e-10
2025-09-06 21:15:00,MEO02,MEO,-18527345.972161584,-16545759.481927205,-5808217.832867817,0.00010002034,-18527345.924502462,-16545759.496508533,-5808217.8668132275,0.00010002037398294964,-0.0476591215,0.014581328000000005,0.0339454105,0.060301723710096844,-3.39829496311078e-11
2025-09-06 21:30:00,MEO02,MEO,-17855652.943554644,-15921254.915063825,-8857166.583557317,0.00010002037600000001,-17855652.883659385,-15921254.934660915,-8857166.600105332,0.00010002040572299925,-0.059895258,0.019597091,0.016548015,0.06515615632454902,-2.972299923569125e-11
2025-09-06 21:45:00,MEO02,MEO,-16822976.15574642,-15167652.461047716,-11734133.631592091,0.000100020412,-16822976.075654242,-15167652.449490756,-11734133.717758195,0.00010002047082680011,-0.0800921785,-0.011556961000000001,0.086166104,0.118207097430612,-5.88268001058252e-11
2025-09-06 22:00:00,MEO02,MEO,-15431842.93172237,-14343648.910532435,-14383256.22597442,0.00010002044800000001,-15431842.91628482,-14343648.943498598,-14383256.26489531,0.00010002047772299924,-0.015437551,0.032966163,0.03892089,0.053290914443385844,-2.972299923569125e-11
2025-09-06 22:15:00,MEO02,MEO,-13697916.14244516,-13507811.70168155,-16753095.725460866,0.000100020484,-13697916.044261258,-13507811.636460612,-16753095.875646656,0.00010002051372299923,-0.0981839015,-0.065220939,0.15018578900000001,0.19091783734202508,-2.972299923569125e-11
2025-09-06 22:30:00,MEO02,MEO,-11649570.060414577,-12715993.212268893,-18797636.394850913,0.00010002052,-11649569.992207102,-12715993.13258211,-18797636.518726856,0.00010002060793060098,-0.068207474,-0.079686783,0.123875941,0.16231910439928274,-8.793060097595918e-11
2025-09-06 22:45:00,MEO02,MEO,-9326942.454927051,-12018876.34513946,-20477178.9034214,0.00010002055600000001,-9326942.349654654,-12018876.238280749,-20477179.0691607,0.00010002055661915,-0.1052723975,-0.106858712,0.165739303,0.223540999739696,-6.191499987634813e-13
2025-09-06 23:00:00,MEO02,MEO,-6780501.344236864,-11459754.898810001,-21759111.176240683,0.000100020592,-6780501.272330048,-11459754.75794427,-21759111.30625311,0.00010002056351540083,-0.071906816,-0.140865732,0.130012425,0.20473635557353828,2.848459916893573e-11
2025-09-06 23:15:00,MEO02,MEO,-4069185.120384181,-11072642.275574556,-22618541.63055618,0.000100020628,-4069185.0282295737,-11072642.102551455,-22618541.776294198,0.00010002062861915,-0.092154607,-0.173023101,0.14573801549999998,0.24427245901423045,-6.191499987634756e-13
2025-09-06 23:30:00,MEO02,MEO,-1258192.60939818,-10880788.216101196,-23038782.501556136,0.00010002066400000001,-1258192.571982512,-10880788.034482073,-23038782.658450473,0.00010002069372289917,-0.037415668,-0.181619123,0.156894337,0.24290177239749594,-2.972289916646269e-11
2025-09-06 23:45:00,MEO02,MEO,1583485.724903455,-10895666.043784099,-23011673.872653358,0.0001000207,1583485.8291505377,-10895665.837580495,-23011673.993646547,0.00010002060824123553,-0.10424708281818182,-0.20620360363636364,0.12099318772727272,0.26081934725999617,9.17587644765051e-11
2025-09-07 00:00:00,MEO02,MEO,4385693.394963715,-11116473.075776538,-22537742.118519925,0.00010002073600000001,4385693.557742307,-11116472.72175296,-22537742.30260525,0.00010002062904184504,-0.16277859127272726,-0.35402357754545455,0.1840853259090909,0.4309489186085426,1.0695815497072373e-10
2025-09-07 00:15:00,MEO02,MEO,7079781.721450929,-11530165.242238976,-21626189.68434508,0.000100020772,7079781.942761028,-11530164.740395425,-21626189.931522544,0.00010002064984245454,-0.2213100997272727,-0.5018435514545454,0.2471774640909091,0.6015993759406828,1.2215754546494234e-10
2025-09-07 00:30:00,MEO02,MEO,9601221.265779722,-12112024.457463266,-20294716.399776343,0.000100020808,9601221.54562133,-12112023.807799742,-20294716.710045945,0.00010002067064306404,-0.27984160818181814,-0.6496635253636365,0.31026960227272726,0.7724255614311135,1.3735693595916098e-10
2025-09-07 00:45:00,MEO02,MEO,11892042.856884725,-12826734.849727415,-18569175.797132336,0.00010002084400000001,11892042.896282153,-12826734.755461967,-18569175.817924034,0.00010002092767065059,-0.039397428,-0.094265447,0.0207916985,0.1042613377894217,-8.367065058054263e-11
2025-09-07 01:00:00,MEO02,MEO,13903007.33603246,-13629922.521997217,-16483073.107238855,0.00010002088,13903007.401236372,-13629922.452004964,-16483073.117464148,0.00010002090120299838,-0.065203913,-0.069992254,0.010225292,0.0962030274315593,-2.1202998375629583e-11
2025-09-07 01:15:00,MEO02,MEO,15595414.493851604,-14470093.98190371,-14076914.680420473,0.00010002091600000001,15595414.559289206,-14470093.926421706,-14076914.683979627,0.00010002093720299839,-0.065437601,-0.0554820035,0.0035591534999999987,0.08586617442652127,-2.1202998375629583e-11
2025-09-07 01:30:00,MEO02,MEO,16942476.768777236,-15290891.566104703,-11397421.46509779,0.000100020952,16942476.795577172,-15290891.639736358,-11397421.54353069,0.00010002092351530077,-0.026799934,0.073631655,0.078432899,0.11086738350835011,2.8484699238164288e-11
2025-09-07 01:45:00,MEO02,MEO,17930201.48325693,-16033570.79644737,-8496621.81605849,0.000100020988,17930201.574809488,-16033570.835488625,-8496621.914680598,0.00010002098009914915,-0.0915525595,0.0390412545,0.098622108,0.14011570536630957,7.900850861298182e-12
2025-09-07 02:00:00,MEO02,MEO,18557745.950367913,-16639595.204973495,-5430841.247562517,0.00010002102400000001,18557746.058180958,-16639595.25966123,-5430841.380079823,0.00010002104520299839,-0.107813045,0.054687735,0.132517305,0.17937457221151853,-2.1202998375629583e-11
2025-09-07 02:15:00,MEO02,MEO,18837231.82762338,-17053239.146293513,-2259608.7474815683,0.00010002106,18837231.892404728,-17053239.182423547,-2259608.8427759213,0.00010002108120299838,-0.064781349,0.0361300335,0.095294353,0.12076015987344309,-2.1202998375629583e-11
2025-09-07 02:30:00,MEO02,MEO,18793027.702999964,-17224088.69005381,955499.1111645935,0.000100021096,18793027.84199521,-17224088.740473133,955498.8962789438,0.00010002112195374868,-0.1389952435357143,0.05041932396428571,0.2148856497142857,0.2608402354079961,-2.595374866682889e-11
2025-09-07 02:45:00,MEO02,MEO,18460531.123326007,-17109334.871480033,4152053.8171210196,0.00010002113200000001,18460531.37024026,-17109334.919830117,4152053.457023699,0.00010002116507987411,-0.24691425183928573,0.048350084410714284,0.3600973207857142,0.43928858266625476,-3.307987410362786e-11
2025-09-07 03:00:00,MEO02,MEO,17884502.18591157,-16675762.1993603,7267987.110095226,0.000100021168,17884502.54074483,-16675762.245641144,7267986.604786234,0.00010002120820599954,-0.35483326014285715,0.04628084485714286,0.5053089918571427,0.6191815051792013,-4.020599954042683e-11
2025-09-07 03:15:00,MEO02,MEO,17117019.534645207,-15901348.017399998,10242796.1748784,0.00010002120400000001,17117019.997397475,-15901348.061611604,10242795.524357736,0.00010002125133212499,-0.4627522684464286,0.04421160530357143,0.6505206629285714,0.7995445334019001,-4.733212497722579e-11
2025-09-07 03:30:00,MEO02,MEO,16215145.347458746,-14776404.554926662,13018718.438845256,0.00010002124,16215145.394458905,-14776404.542971978,13018718.316182276,0.0001000212029952999,-0.047000158,-0.011954684,0.122662981,0.13190199478920395,3.7004700098225953e-11
2025-09-07 03:45:00,MEO02,MEO,15238398.013584055,-13304214.606109932,15541853.161517408,0.000100021276,15238398.148770662,-13304214.575358724,15541853.03254049,0.00010002126986048152,-0.13518660671186442,-0.03075120708474576,0.12897691627118646,0.18935707090642764,6.139518489764845e-12
2025-09-07 04:00:00,MEO02,MEO,14246139.169198547,-11501132.94289003,17763208.038014885,0.00010002131200000001,14246139.425663132,-11501132.888898183,17763207.83766126,0.00010002122383293092,-0.2564645848474576,-0.053991847338983046,0.20035362508474577,0.3298951014256709,8.816706908594812e-11
2025-09-07 04:15:00,MEO02,MEO,13294985.255320385,-9396147.908821402,19639650.4942518,0.000100021348,13294985.633062948,-9396147.831588915,19639650.222521465,0.00010002117780538032,-0.37774256298305087,-0.07723248759322034,0.2717303338983051,0.47169023245062586,1.7019461968213144e-10
2025-09-07 04:30:00,MEO02,MEO,12436352.636187863,-7029920.222890454,21134745.202348173,0.00010002138400000001,12436353.135208404,-7029920.122417326,21134744.85924113,0.00010002113177782973,-0.499020541118644,-0.10047312784745763,0.34310704271186443,0.6138719676253974,2.522221702783147e-10
2025-09-07 04:45:00,MEO02,MEO,11714239.617543628,-4453337.897787707,22219461.554027338,0.00010002142,11714239.730942074,-4453337.808360724,22219461.421015933,0.00010002140429530039,-0.1133984455,-0.089426983,0.133011403,0.19633753094690576,1.5704699615892263e-11
2025-09-07 05:00:00,MEO02,MEO,11163338.671654968,-1725646.4294599516,22872737.354816645,0.000100021456,11163338.837809509,-1725646.3781590126,22872737.290962756,0.00010002137782769988,-0.166154541,-0.051300939,0.06385389,0.18524696247262598,7.817230011837055e-11
2025-09-07 05:15:00,MEO02,MEO,10807558.230607178,1087768.8047060748,23081887.793669377,0.00010002149200000001,10807558.411457418,1087768.8643407624,23081887.750195418,0.00010002153024300011,-0.1808502395,-0.059634687500000005,0.043473959,0.1953281602625789,-3.824300009575291e-11
2025-09-07 05:30:00,MEO02,MEO,10659016.136470927,3917856.4380879533,22842851.746946685,0.000100021528,10659016.3102802,3917856.575002489,22842851.660796754,0.0001000215662430001,-0.173809274,-0.136914536,0.086149931,0.23743854890856947,-3.824300009575291e-11
2025-09-07 05:45:00,MEO02,MEO,10717546.960928364,6694527.060106892,22160270.634218156,0.000100021564,10717547.324312733,6694527.239911647,22160270.615599982,0.00010002161320995979,-0.36338437,-0.1798047548,0.018618172400000008,0.40586276812797345,-4.920995977824099e-11
2025-09-07 06:00:00,MEO02,MEO,10970743.761504265,9349326.518147297,21047398.294717643,0.00010002160000000001,10970744.31446373,9349326.740842272,21047398.34363123,0.00010002166017691948,-0.5529594659999999,-0.22269497359999998,-0.048913586199999984,0.5981218615137341,-6.017691946072906e-11
2025-09-07 06:15:00,MEO02,MEO,11394532.33451685,11818043.968541134,19525843.634406134,0.000100021636,11394533.07705141,11818044.234126326,19525843.75085148,0.00010002170714387915,-0.7425345619999999,-0.2655851924,-0.1164453448,0.7971528012321525,-7.114387914321713e-11
2025-09-07 06:30:00,MEO02,MEO,11954253.600169227,14043146.786049414,17625151.040723342,0.00010002167200000001,11954254.532278884,14043147.094524825,17625151.224700447,0.00010002175411083883,-0.9321096579999999,-0.3084754112,-0.18397710339999995,0.9989159466278131,-8.211083882570521e-11
2025-09-07 06:45:00,MEO02,MEO,12606208.353335433,15975941.67259977,15382226.712215174,0.000100021708,12606209.475020187,15975942.0239654,15382226.963724036,0.00010002180107779851,-1.121684754,-0.35136563,-0.251508862,1.202036272733012,-9.30777985081933e-11
2025-09-07 07:00:00,MEO02,MEO,13299599.13214475,17578372.748791166,12840622.042129064,0.000100021744,13299599.29894191,17578372.837026585,12840622.10683685,0.0001000218404505985,-0.166797161,-0.088235419,-0.064707786,0.19948403357859817,-9.645059850037989e-11
2025-09-07 07:15:00,MEO02,MEO,13978787.212537223,18824382.586378515,10049687.97069119,0.00010002178000000001,13978787.389803508,18824382.66722642,10049688.091434244,0.00010002193379917854,-0.1772662848470437,-0.08084790426670951,-0.12074305486696658,0.22921301155562607,-1.5379917852153632e-10
2025-09-07 07:30:00,MEO02,MEO,14585769.432895273,19700780.41082938,7063616.726203326,0.000100021816,14585769.613665942,19700780.486930925,7063616.841527636,0.00010002196722181316,-0.18077066838817482,-0.07610154506683806,-0.11532431046786633,0.22752840766804544,-1.5122181315651622e-10
2025-09-07 07:45:00,MEO02,MEO,15062770.246790925,20207582.304531407,3940389.5617031655,0.00010002185200000001,15062770.431065977,20207582.375886593,3940389.6716087316,0.0001000220006444478,-0.18427505192930593,-0.07135518586696658,-0.10990556606876607,0.22611521569004076,-1.4864444779149612e-10
2025-09-07 08:00:00,MEO02,MEO,15354839.48438321,20357810.310165185,740650.9192315456,0.000100021888,15354839.672162646,20357810.376774013,740651.0237183673,0.00010002203406708242,-0.18777943547043702,-0.06660882666709513,-0.1044868216696658,0.22497855026244543,-1.4606708242647602e-10
2025-09-07 08:15:00,MEO02,MEO,15412345.980655134,20176759.945455078,-2473469.1176691568,0.000100021924,15412346.171938952,20176760.007317547,-2473469.0186010795,0.00010002206748971706,-0.19128381901156813,-0.06186246746722365,-0.09906807727056555,0.22412261873998884,-1.4348971706145592e-10
2025-09-07 08:30:00,MEO02,MEO,15193261.515431046,19700767.847633928,-5639561.218512935,0.00010002196000000001,15193261.71021925,19700767.904750038,-5639561.124863602,0.0001000221009123517,-0.19478820255269924,-0.057116108267352195,-0.09364933287146529,0.22355064577090755,-1.409123516964358e-10
2025-09-07 08:45:00,MEO02,MEO,14665138.226752028,18975532.13808198,-8696148.622630259,0.000100021996,14665138.425044615,18975532.190451726,-8696148.534399671,0.00010002213433498633,-0.19829258609383035,-0.05236974906748072,-0.08823058847236503,0.2232648137511817,-1.383349863314157e-10
2025-09-07 09:00:00,MEO02,MEO,13806695.440715961,18054056.760369148,-11583880.848000905,0.000100022032,13806695.64251293,18054056.807992537,-11583880.765189061,0.00010002216775762097,-0.20179696963496147,-0.04762338986760926,-0.08281184407326478,0.22326622166183263,-1.357576209663956e-10
2025-09-07 09:15:00,MEO02,MEO,12608948.171979293,16994306.716548387,-14246686.113627216,0.000100022068,12608948.377280647,16994306.759425417,-14246686.036234116,0.0001000222011802556,-0.20530135317609255,-0.04287703066773779,-0.07739309967416452,0.2235548640758952,-1.331802556013755e-10
2025-09-07 09:30:00,MEO02,MEO,11075828.706415486,15856673.150654444,-16632860.098595707,0.000100022104,11075828.915221222,15856673.188785115,-16632860.026621351,0.00010002223460289024,-0.20880573671722366,-0.03813067146786633,-0.07197435527506427,0.22412963126252194,-1.3060289023635538e-10
2025-09-07 09:45:00,MEO02,MEO,9224273.878278013,14701355.101492159,-18696069.897129405,0.00010002214000000001,9224274.090588134,14701355.134876471,-18696069.830573794,0.00010002226802552488,-0.21231012025835477,-0.03338431226799486,-0.06655561087596401,0.22498833038359298,-1.2802552487133528e-10
2025-09-07 10:00:00,MEO02,MEO,7083773.010252576,13585768.13948185,-20396253.67560075,0.000100022176,7083773.22606708,13585768.168119803,-20396253.61446388,0.00010002230144815951,-0.21581450379948589,-0.028637953068123397,-0.061136866476863755,0.2261277268464887,-1.2544815950631518e-10
2025-09-07 10:15:00,MEO02,MEO,4695394.059213797,12562088.872910812,-21700398.56264834,0.000100022212,4695394.278532684,12562088.896802407,-21700398.506930217,0.00010002233487079415,-0.219318887340617,-0.02389159386825193,-0.0557181220777635,0.22754360401857993,-1.2287079414129505e-10
2025-09-07 10:30:00,MEO02,MEO,2110327.3572731847,11675038.509514548,-22583181.667924847,0.00010002224800000001,2110327.5800964558,11675038.528659783,-22583181.61762547,0.0001000223682934288,-0.22282327088174808,-0.019145234668380473,-0.05029937767866324,0.22923083878878306,-1.2029342877627498e-10
2025-09-07 10:45:00,MEO02,MEO,-611993.4586783028,10959998.533515062,-23027461.782660346,0.000100022284,-611993.2323506484,10959998.547913937,-23027461.737779714,0.00010002240171606341,-0.2263276544228792,-0.014398875468509001,-0.04488063327956299,0.23118348992714527,-1.1771606341125486e-10
2025-09-07 11:00:00,MEO02,MEO,-3406116.022036967,10441537.531076217,-23024612.214574862,0.00010002232000000001,-3406115.792204929,10441537.540728733,-23024612.175112974,0.00010002243513869805,-0.2298320379640103,-0.009652516268637543,-0.03946188888046273,0.23339489587182616,-1.1513869804623474e-10
2025-09-07 11:15:00,MEO02,MEO,-6203047.527892843,10132410.857098868,-22574688.29440725,0.000100022356,-6203047.294556421,10132410.862005025,-22574688.260364104,0.00010002246856133268,-0.23333642150514142,-0.0049061570687660705,-0.034043144481362475,0.2358577784686936,-1.1256133268121466e-10
2025-09-07 11:30:00,MEO02,MEO,-8932884.31039032,10033074.910755692,-21686426.301545102,0.000100022392,-8932884.073549515,10033074.91091549,-21686426.2729207,0.00010002250198396732,-0.23684080504627253,-0.00015979786889461223,-0.02862440008226222,0.238564349286298,-1.0998396731619455e-10
2025-09-07 11:45:00,MEO02,MEO,-11527483.918944841,10131736.111881483,-20377073.829617064,0.00010002242800000001,-11527483.678599652,10131736.107294923,-20377073.806411408,0.00010002253540660196,-0.2403451885874036,0.00458656133097686,-0.023205655683161963,0.24150641539645046,-1.0740660195117442e-10
2025-09-07 12:00:00,MEO02,MEO,-13923069.101373127,10404932.154371023,-18672054.885880265,0.000100022464,-13923068.857523555,10404932.145038102,-18672054.868093353,0.00010002256882923659,-0.24384957212853473,0.009332920530848318,-0.017786911284061707,0.2446754819059966,-1.0482923658615433e-10
2025-09-07 12:15:00,MEO02,MEO,-16062655.924849339,10818620.700381987,-16604476.227245733,0.0001000225,-16062655.677495383,10818620.686302707,-16604476.214877566,0.00010002260225187123,-0.24735395566966584,0.01407927973071979,-0.012368166884961451,0.2480628490025484,-1.0225187122113422e-10
2025-09-07 12:30:00,MEO02,MEO,-17898205.59795273,11329729.310348928,-14214484.518533694,0.000100022536,-17898205.34709439,11329729.291523289,-14214484.51158427,0.00010002263567450586,-0.2508583392107969,0.01882563893059125,-0.006949422485861195,0.2516597017911911,-9.967450585611412e-11
2025-09-07 12:45:00,MEO02,MEO,-19392411.09185294,11888100.974774286,-11548486.795167144,0.000100022572,-19392410.83749022,11888100.951202288,-11548486.793636465,0.0001000226690971405,-0.25436272275192806,0.02357199813046272,-0.0015306780867609393,0.2554571917113356,-9.709714049109402e-11
2025-09-07 13:00:00,MEO02,MEO,-20520044.91264077,12438752.9393449,-8658249.36676834,0.00010002260800000001,-20520044.654773664,12438752.911026543,-8658249.370656407,0.00010002270251977514,-0.25786710629305915,0.02831835733033418,0.0038880663123393167,0.2594465088018983,-9.45197751260739e-11
2025-09-07 13:15:00,MEO02,MEO,-21268812.71091965,12924353.294521112,-5599892.658455529,0.000100022644,-21268812.44954816,12924353.261456395,-5599892.66776234,0.00010002273594240977,-0.26137148983419023,0.03306471653020565,0.009306810711439573,0.2636189445070017,-9.19424097610538e-11
2025-09-07 13:30:00,MEO02,MEO,-21639678.060863037,13287810.588977067,-2432801.5072487723,0.00010002268,-21639677.795987163,13287810.55116599,-2432801.5219743275,0.0001000227693650444,-0.26487587337532137,0.03781107573007711,0.014725555110539829,0.2679659450704855,-8.93650443960337e-11
2025-09-07 13:45:00,MEO02,MEO,-21646645.834065877,13474866.90966685,781527.9273856869,0.00010002271600000001,-21646645.56568562,13474866.867109414,781527.9072413874,0.00010002280278767904,-0.26838025691645245,0.04255743492994858,0.020144299509640085,0.2724791558506667,-8.678767903101359e-11
2025-09-07 14:00:00,MEO02,MEO,-21316014.208016817,13436584.652203627,3980682.2490360984,0.000100022752,-21316013.936132178,13436584.604899833,3980682.2234730544,0.00010002283621031367,-0.2718846404575836,0.04730379412982004,0.02556304390874034,0.2771504570981366,-8.421031366599349e-11
2025-09-07 14:15:00,MEO02,MEO,-20685127.53749499,13131621.593213167,7102542.720056266,0.00010002278800000001,-20685127.262105968,13131621.541163014,7102542.689074477,0.0001000228696329483,-0.2753890239987147,0.0520501533296915,0.030981788307840596,0.28197199188458577,-8.163294830097338e-11
2025-09-07 14:30:00,MEO02,MEO,-19800683.15007118,12528197.687844224,10086491.435815617,0.000100022824,-19800682.871177774,12528197.631047713,10086491.399415085,0.00010002290305558293,-0.2788934075398458,0.056796512529562984,0.03640053270694085,0.2869361869581047,-7.905558293595327e-11
2025-09-07 14:45:00,MEO02,MEO,-18716663.73147933,11605669.881681412,12874588.356920743,0.00010002286,-18716663.44908154,11605669.82013854,12874588.315101467,0.00010002293647821758,-0.2823977910809769,0.06154287172943444,0.04181927710604111,0.29203576733988007,-7.647821757093317e-11
2025-09-07 15:00:00,MEO02,MEO,-17491982.56363087,10355647.607948735,15412696.344689962,0.00010002289600000001,-17491982.277728695,10355647.541659504,15412696.29745194,0.00010002296990085222,-0.285902174622108,0.0662892309293059,0.047238021505141364,0.2972637654786896,-7.390085220591307e-11
2025-09-07 15:15:00,MEO02,MEO,-16187940.814261522,8782600.851751363,17651532.354806542,0.000100022932,-16187940.524854964,8782600.780715773,17651532.302149776,0.00010002300332348685,-0.2894065581632391,0.07103559012917736,0.05265676590424162,0.30261352575254613,-7.132348684089296e-11
2025-09-07 15:30:00,MEO02,MEO,-14865603.85287558,6903933.898227239,19547624.377869543,0.00010002296800000001,-14865603.559964638,6903933.82244529,19547624.319794033,0.00010002303674612149,-0.2929109417043702,0.07578194932904884,0.058075510303341876,0.3080787050596731,-6.874612147587286e-11
2025-09-07 15:45:00,MEO02,MEO,-13583206.857443027,4749520.250963462,21064155.545703717,0.000100023004,-13583206.561027702,4749520.170435153,21064155.482209463,0.00010002307016875611,-0.2964153252455013,0.0805283085289203,0.06349425470244213,0.31365327018085415,-6.616875611085274e-11
2025-09-07 16:00:00,MEO02,MEO,-12393698.642877523,2360716.773477998,22171679.013213128,0.00010002304,-12393698.342957813,2360716.68820333,22171678.94430013,0.00010002310359139076,-0.29991970878663243,0.08527466772879176,0.06891299910154239,0.3193314925278799,-6.359139074583264e-11
2025-09-07 16:15:00,MEO02,MEO,-11342526.742151417,-211103.0758287413,22848689.734751873,0.00010002307600000001,-11342526.438727325,-211103.16584976824,22848689.66042013,0.00010002313701402538,-0.3034240923277636,0.09002102692866322,0.07433174350064264,0.32510794082283445,-6.101402538081253e-11
2025-09-07 16:30:00,MEO02,MEO,-10465756.551867168,-2906436.8904363276,23082042.032692004,0.000100023112,-10465756.244938692,-2906436.9852037136,23082041.952941515,0.00010002317043666001,-0.3069284758688946,0.0947673861285347,0.0797504878997429,0.3309774721836585,-5.843666001579243e-11
2025-09-07 16:45:00,MEO02,MEO,-9788603.245102627,-5659884.172908243,22867204.85016105,0.000100023148,-9788602.934669768,-5659884.272421988,22867204.764991816,0.00010002320385929465,-0.31043285941002574,0.09951374532840616,0.08516923229884316,0.3369352220251632,-5.585929465077233e-11
2025-09-07 17:00:00,MEO02,MEO,-9324437.747324629,-8402628.332438592,22208349.731647506,0.00010002318400000001,-9324437.433387386,-8402628.436698696,22208349.64105953,0.0001000232372819293,-0.3139372429511569,0.10426010452827762,0.09058797669794341,0.342976593122983,-5.3281929285752216e-11
2025-09-07 17:15:00,MEO02,MEO,-9074308.09630264,-11065067.204980368,21118269.82313287,0.00010002322,-9074307.778861012,-11065067.313986832,21118269.727126148,0.00010002327070456392,-0.31744162649228796,0.10900646372814908,0.0960067210970437,0.3490972441317621,-5.070456392073211e-11
2025-09-07 17:30:00,MEO02,MEO,-9026995.802035345,-13579483.223963842,19618131.464543737,0.00010002325600000001,-9026995.481089335,-13579483.337716665,19618131.363118272,0.00010002330412719856,-0.32094601003341905,0.11375282292802057,0.10142546549614395,0.3552930777985614,-4.8127198555712e-11
2025-09-07 17:45:00,MEO02,MEO,-9159604.298034096,-15882642.671062235,17737063.197913803,0.000100023292,-9159603.973583702,-15882642.789561417,17737063.091069594,0.00010002333754983319,-0.3244503935745502,0.11849918212789202,0.10684420989524421,0.3615602290681303,-4.5549833190691906e-11
2025-09-07 18:00:00,MEO02,MEO,-9438654.175526142,-17918216.365023088,15511590.171579499,0.000100023328,-9438653.847571366,-17918216.48826863,15511590.059316544,0.00010002337097246783,-0.3279547771156813,0.12324554132776348,0.11226295429434446,0.367895053238099,-4.2972467825671794e-11
2025-09-07 18:15:00,MEO02,MEO,-9821638.556643914,-19638921.57971007,12984924.922718795,0.00010002336400000001,-9821638.225184754,-19638921.70770197,12984924.805037096,0.00010002340439510248,-0.33145916065681236,0.12799190052763493,0.11768169869344472,0.3742941142889763,-4.039510246065168e-11
2025-09-07 18:30:00,MEO02,MEO,-10258972.586211704,-21008296.60895855,10206128.309274653,0.0001000234,-10258972.25124816,-21008296.74169681,10206128.18617421,0.0001000234378177371,-0.3349635441979435,0.1327382597275064,0.12310044309254498,0.38075417348561724,-3.781773709563159e-11
2025-09-07 18:45:00,MEO02,MEO,-10696254.416976165,-22002034.728608247,7229156.883650713,0.00010002343600000001,-10696254.078508237,-22002034.866092864,7229156.755131525,0.00010002347124037174,-0.33846792773907464,0.1374846189273779,0.1285191874916452,0.38727217832307864,-3.5240371730611477e-11
2025-09-07 19:00:00,MEO02,MEO,-11076741.926459925,-22608822.702875417,4111815.2055448485,0.000100023472,-11076741.584487613,-22608822.845106393,4111815.0716069164,0.00010002350466300636,-0.34197231128020567,0.14223097812724933,0.1339379318907455,0.3938452518699825,-3.2663006365591365e-11
2025-09-07 19:15:00,MEO02,MEO,-11343940.286133192,-22830649.672323298,914633.4371147186,0.000100023508,-11343939.940656498,-22830649.819300637,914633.2977580423,0.000100023538085641,-0.3454766948213368,0.14697733732712082,0.13935667628984572,0.40047068254617363,-3.008564100057127e-11
2025-09-07 19:30:00,MEO02,MEO,-11444190.787817305,-22682574.377344295,-2300307.9855274945,0.00010002354400000001,-11444190.438836226,-22682574.529067993,-2300308.1303029153,0.00010002357150827564,-0.34898107836246794,0.1517236965269923,0.144775420688946,0.40714591435811703,-2.750827563555116e-11
2025-09-07 19:45:00,MEO02,MEO,-11329151.216219794,-22191961.287700593,-5470583.782853853,0.00010002358,-11329150.863734333,-22191961.44417065,-5470583.933048018,0.00010002360493091027,-0.35248546190359903,0.15647005572686373,0.15019416508804623,0.41386853760470443,-2.493091027053107e-11
2025-09-07 20:00:00,MEO02,MEO,-10958062.54544684,-21397218.377821676,-8534635.958369017,0.000100023616,-10958062.189456994,-21397218.539038092,-8534636.113981927,0.00010002363835354491,-0.3559898454447301,0.16121641492673522,0.1556129094871465,0.420636280057542,-2.2353544905510955e-11
2025-09-07 20:15:00,MEO02,MEO,-10299705.64340974,-20346090.080522686,-11432969.084816506,0.00010002365200000001,-10299705.28391551,-20346090.24648546,-11432969.24584816,0.00010002367177617955,-0.35949422898586125,0.16596277412660665,0.16103165388624674,0.42744699861301855,-1.9776179540490843e-11
2025-09-07 20:30:00,MEO02,MEO,-9333964.618218116,-19093577.497598834,-14109305.540991012,0.000100023688,-9333964.255219504,-19093577.668307967,-14109305.70744141,0.00010002370519881418,-0.36299861252699234,0.17070913332647814,0.16645039828534702,0.43429867140822503,-1.7198814175470754e-11
2025-09-07 20:45:00,MEO02,MEO,-8052929.892394138,-17699573.46757156,-16511678.267645052,0.00010002372400000001,-8052929.525891142,-17699573.643027052,-16511678.439514194,0.00010002373862144882,-0.3665029960681234,0.17545549252634962,0.17186914268444725,0.4411893903888235,-1.462144881045064e-11
2025-09-07 21:00:00,MEO02,MEO,-6461493.354647785,-16226311.93869584,-18593439.824195508,0.00010002376,-6461492.9846404055,-16226312.118897691,-18593440.001483396,0.00010002377204408345,-0.37000737960925456,0.1802018517262211,0.17728788708354754,0.4481173543140398,-1.2044083445430525e-11
2025-09-07 21:15:00,MEO02,MEO,-4577409.207807992,-14735738.773150984,-20314168.15313217,0.000100023796,-4577408.834296228,-14735738.958099196,-20314168.335838802,0.00010002380546671809,-0.3735117631503857,0.18494821092609254,0.18270663148264776,0.45508086218188554,-9.466718080410435e-12
2025-09-07 21:30:00,MEO02,MEO,-2430816.5139022404,-13286914.29490628,-21640451.464688886,0.00010002383200000001,-2430816.1368860938,-13286914.48460085,-21640451.65281426,0.00010002383888935272,-0.37701614669151673,0.18969457012596402,0.18812537588174805,0.4620783070563284,-6.889352715390321e-12
2025-09-07 21:45:00,MEO02,MEO,-63241.995301198214,-11933556.456094598,-22546537.001482807,0.000100023868,-63241.61478066798,-11933556.650535528,-22546537.195026927,0.00010002387231198735,-0.38052053023264787,0.19444092932583545,0.19354412028084828,0.4691081702773013,-4.311987350370207e-12
2025-09-07 22:00:00,MEO02,MEO,2473876.561203926,-10721827.495675653,-23014831.085908484,0.00010002390400000001,2473876.9452288398,-10721827.694862941,-23014831.284871347,0.00010002390573462199,-0.384024913773779,0.19918728852570694,0.19896286467994856,0.47616901603404765,-1.734621985350117e-12
2025-09-07 22:15:00,MEO02,MEO,5121085.845755366,-9688456.651852341,-23036240.74074549,0.00010002394,5121086.233284663,-9688456.855785988,-23036240.945127096,0.00010002393915725662,-0.3875292973149101,0.20393364772557843,0.2043816090790488,0.4832594862822554,8.427433796699965e-13
2025-09-07 22:30:00,MEO02,MEO,7813153.481727054,-8859277.298913665,-22610350.249651805,0.000100023976,7813153.872760735,-8859277.507593673,-22610350.45945216,0.00010002397257989126,-0.3910336808560412,0.20868000692544986,0.20980035347814907,0.49037829598564653,3.42010874469011e-12
2025-09-07 22:45:00,MEO02,MEO,10481553.050470125,-8248239.405283352,-21745429.229226805,0.00010002401200000001,10481553.445008188,-8248239.618709719,-21745429.444445904,0.0001000240060025259,-0.3945380643971723,0.21342636612532134,0.2152190978772493,0.49752422866311147,5.997474109710201e-12
2025-09-07 23:00:00,MEO02,MEO,13057094.884980176,-7856938.185525095,-20458272.055905953,0.000100024048,13057095.283022624,-7856938.40369782,-20458272.276543796,0.00010002403942516053,-0.3980424479383034,0.21817272532519283,0.22063784227634958,0.504696132223046,8.574839474730314e-12
2025-09-07 23:15:00,MEO02,MEO,15472593.681273432,-7674678.084717648,-18773871.765572816,0.000100024084,15472594.082820265,-7674678.307636732,-18773871.991629403,0.00010002407284779517,-0.4015468314794345,0.22291908452506426,0.22605658667544987,0.5118929150672251,1.1152204839750427e-11
2025-09-07 23:30:00,MEO02,MEO,17665462.383947045,-7679068.7004815275,-16724934.757858908,0.00010002412,17665462.78899826,-7679068.928146971,-16724934.989334239,0.0001000241062704298,-0.4050512150205656,0.22766544372493575,0.2314753310745501,0.5191135424472963,1.3729570204770518e-11
2025-09-07 23:45:00,MEO02,MEO,19580124.83650282,-7837126.860968756,-14351245.728230268,0.000100024156,19580125.245058417,-7837127.093380558,-14351245.965124343,0.00010002413969306444,-0.40855559856169676,0.23241180292480718,0.23689407547365038,0.5263570330577728,1.6306935569790632e-11
2025-09-08 00:00:00,MEO02,MEO,21170147.220625747,-8106837.775161185,-11698895.15912727,0.00010002419200000001,21170147.63268573,-8106838.012319348,-11698895.401440091,0.00010002417311569908,-0.4120599821028278,0.23715816212467866,0.2423128198727506,0.533622455850222,1.8884300934810744e-11
2025-09-08 00:15:00,MEO02,MEO,22400000.026356474,-8439108.848149283,-8819384.370142756,0.000100024228,22400000.44192084,-8439109.090053804,-8819384.61787432,0.0001000242065383337,-0.41556436564395893,0.24190452132455015,0.2477315642718509,0.5409089270541797,2.1461666299830837e-11
2025-09-08 00:30:00,MEO02,MEO,23246377.706175324,-8780033.219094941,-5768625.50469557,0.000100024264,23246378.125244074,-8780033.465745822,-5768625.757845879,0.00010002423996096834,-0.4190687491850901,0.24665088052442158,0.2531503086709511,0.5482156073911306,2.403903166485095e-11
2025-09-08 00:45:00,MEO02,MEO,23699021.624935955,-9073367.026744224,-2605855.8706898727,0.00010002430000000001,23699022.04750909,-9073367.278141463,-2605856.1292589256,0.00010002427338360298,-0.42257313272622116,0.25139723972429306,0.2585690530700514,0.5555416994687161,2.6616397029871064e-11
2025-09-08 01:00:00,MEO02,MEO,23761012.651066516,-9263115.384159058,607512.2843307888,0.000100024336,23761013.07714403,-9263115.640302658,607512.0203429913,0.0001000243068062376,-0.42607751626735224,0.25614359892416455,0.26398779746915163,0.562886445343102,2.919376239489115e-11
2025-09-08 01:15:00,MEO02,MEO,23448521.87396978,-9296117.429318551,3809084.229349716,0.00010002437200000001,23448522.303551678,-9296117.69020851,3809083.9599431744,0.00010002434022887225,-0.4295818998084834,0.260889958124036,0.2694065418682519,0.5702491242382028,3.177112775991127e-11
2025-09-08 01:30:00,MEO02,MEO,22790030.550624248,-9124520.805152755,6936694.2831544755,0.000100024408,22790030.98371053,-9124521.070789073,6936694.008329189,0.00010002437365150687,-0.4330862833496145,0.26563631732390747,0.27482528626735214,0.5776290504111806,3.4348493124931355e-11
2025-09-08 01:45:00,MEO02,MEO,21825052.53352769,-8708040.51224269,9929612.900103241,0.000100024444,21825052.97011836,-8708040.782625366,9929612.619859211,0.00010002440707414152,-0.43659066689074555,0.2703826765237789,0.2802440306664524,0.5850255711543282,3.6925858489951474e-11
2025-09-08 02:00:00,MEO02,MEO,20602413.184497938,-8015906.077744269,12729725.87010451,0.00010002448000000001,20602413.62459299,-8015906.352873305,12729725.584441734,0.00010002444049677616,-0.4400950504318767,0.2751290357236504,0.28566277506555265,0.5924380649241019,3.9503223854971586e-11
2025-09-08 02:15:00,MEO02,MEO,19178157.265207943,-7028414.017996839,15282662.736008324,0.000100024516,19178157.708807375,-7028414.297872234,15282662.444926804,0.00010002447391941078,-0.44359943397300783,0.27987539492352187,0.29108151946465294,0.5998659395886896,4.208058921999167e-11
2025-09-08 02:30:00,MEO02,MEO,17613173.741393834,-5738019.093673982,17538852.51765655,0.000100024552,17613174.18849765,-5738019.378295735,17538852.221156284,0.00010002450734204543,-0.44710381751413886,0.2846217541233933,0.29650026386375317,0.6073086307860847,4.465795458501179e-11
2025-09-08 02:45:00,MEO02,MEO,15970637.19661535,-4149917.172817137,19454486.243353836,0.000100024588,15970637.64722355,-4149917.4621852506,19454485.941434827,0.00010002454076468005,-0.45060820105527,0.2893681133232648,0.30191900826285345,0.6147656003851854,4.72353199500319e-11
2025-09-08 03:00:00,MEO02,MEO,14313373.130983703,-2282093.8191624936,20992367.599053092,0.000100024624,14313373.585096287,-2282094.113276966,20992367.29171534,0.00010002457418731468,-0.45411258459640114,0.29411447252313627,0.3073377526619537,0.6222363350429533,4.9812685315051995e-11
2025-09-08 03:15:00,MEO02,MEO,12701257.50329241,-164835.1179823773,22122635.17800124,0.00010002466000000001,12701257.960909378,-164835.416843209,22122634.865244742,0.00010002460760994932,-0.45761696813753217,0.2988608317230077,0.31275649706105396,0.6297203448511538,5.239005068007211e-11
2025-09-08 03:30:00,MEO02,MEO,11188759.332868531,2160280.199430958,22823342.306750212,0.000100024696,11188759.793989884,2160279.895823767,22823341.98857497,0.00010002464103258395,-0.4611213516786633,0.3036071909228792,0.3181752414601542,0.6372171620666431,5.496741604509222e-11
2025-09-08 03:45:00,MEO02,MEO,9822729.075403323,4641866.513675998,23080883.188917182,0.000100024732,9822729.540029058,4641866.205322448,23080882.865323197,0.00010002467445521859,-0.46462573521979444,0.3083535501227506,0.3235939858592545,0.6447263399195954,5.754478141011231e-11
2025-09-08 04:00:00,MEO02,MEO,8640525.081382986,7220634.083855261,22890257.092157338,0.00010002476800000001,8640525.549513105,7220633.7707553515,22890256.76314461,0.00010002470787785323,-0.4681301187609256,0.3130999093226221,0.3290127302583547,0.6522474514944534,6.012214677513245e-11
2025-09-08 04:15:00,MEO02,MEO,7668556.173212167,9831630.438290443,22255165.4485688,0.000100024804,7668556.644846669,9831630.120444175,22255165.114137325,0.00010002474130048786,-0.4716345023020566,0.3178462685224936,0.334431474657455,0.6597800886787519,6.269951214015254e-11
2025-09-08 04:30:00,MEO02,MEO,6921300.8364809,12406727.771782584,21187939.9831085,0.00010002484000000001,6921301.311619786,12406727.449189957,21187939.643258277,0.0001000247747231225,-0.47513888584318775,0.322592627722365,0.3398502190565552,0.6673238611753027,6.527687750517262e-11
2025-09-08 04:45:00,MEO02,MEO,6400843.447818035,14877253.373605778,19709303.26556625,0.000100024876,6400843.926461305,14877253.046266792,19709302.920297284,0.00010002480814575713,-0.4786432693843189,0.3273389869222365,0.3452689634556555,0.6748783955735496,6.785424287019272e-11
2025-09-08 05:00:00,MEO02,MEO,6096946.198241239,17176654.061314184,17847966.33551539,0.000100024912,6096946.680388892,17176653.72922884,17847965.984827682,0.00010002484156839177,-0.4821476529254499,0.332085346122108,0.3506877078547557,0.6824433344761914,7.043160823521286e-11
2025-09-08 05:15:00,MEO02,MEO,5987652.829575744,19243084.10927991,15640071.213253878,0.00010002494800000001,5987653.3152277805,19243083.772448204,15640070.857147425,0.00010002487499102641,-0.48565203646658106,0.3368317053219794,0.356106452253856,0.69001833567745,7.300897360023295e-11
2025-09-08 05:30:00,MEO02,MEO,6040397.927614046,21021809.30032698,13128489.121630179,0.000100024984,6040398.416770467,21021808.958748914,13128488.760104982,0.00010002490841366104,-0.4891564200077122,0.3415780645218509,0.36152519665295624,0.6976030713896074,7.558633896525303e-11
2025-09-08 05:45:00,MEO02,MEO,6213574.2474949015,22467327.362614922,10361988.045349361,0.00010002502000000001,6213574.740155705,22467327.016290497,10361987.67840542,0.00010002494183629567,-0.49266080354884323,0.34632442372172234,0.3669439410520565,0.7051972275146791,7.816370433027317e-11
2025-09-08 06:00:00,MEO02,MEO,6458491.276111547,23545116.862540204,7394285.791455172,0.000100025056,6458491.772276734,23545116.51146942,7394285.419092487,0.0001000249752589303,-0.49616518708997437,0.3510707829215938,0.37236268545115675,0.7128005029583012,8.074106969529326e-11
2025-09-08 06:15:00,MEO02,MEO,6721641.771346634,24232942.11331411,4283006.937941541,0.000100025092,6721642.271016205,24232941.757496968,4283006.560160111,0.00010002500868156494,-0.4996695706311055,0.3558171421214653,0.377781429850257,0.7204126089831194,8.331843506031336e-11
2025-09-08 06:30:00,MEO02,MEO,6947180.049036867,24521660.179326393,1088563.9236638306,0.00010002512800000001,6947180.552210821,24521659.81876289,1088563.5404636564,0.00010002504210419958,-0.5031739541722366,0.36056350132133674,0.38320017424935726,0.728033268599151,8.589580042533349e-11
2025-09-08 06:45:00,MEO02,MEO,7079506.859701706,24415496.832614623,-2127015.994303246,0.000100025164,7079507.366380044,24415496.467304762,-2127016.3829221646,0.00010002507552683421,-0.5066783377133677,0.36530986052120823,0.38861891864845755,0.7356622159887666,8.847316579035358e-11
2025-09-08 07:00:00,MEO02,MEO,7065851.182757588,23931780.479445983,-5301295.138617684,0.0001000252,7065851.69294031,23931780.109389763,-5301295.532655347,0.00010002510894946885,-0.5101827212544988,0.3700562197210797,0.39403766304755783,0.7432991959641033,9.105053115537367e-11
2025-09-08 07:15:00,MEO02,MEO,6858739.355667615,23100145.693809967,-8372637.778846578,0.00010002523600000001,6858739.86935472,23100145.31900739,-8372638.178302986,0.00010002514237210349,-0.51368710479563,0.37480257892095115,0.399456407446658,0.7509439634548658,9.36278965203938e-11
2025-09-08 07:30:00,MEO02,MEO,6418246.645661626,21961240.123037294,-11281406.927052587,0.000100025272,6418247.162853114,21961239.743488356,-11281407.33192774,0.00010002517579473812,-0.517191488336761,0.37954893812082263,0.4048751518457583,0.7585962830246163,9.62052618854139e-11
2025-09-08 07:45:00,MEO02,MEO,5713935.465948272,20564989.241858564,-13971122.323321776,0.00010002530800000001,5713935.986644143,20564988.85756327,-13971122.733615672,0.00010002520921737276,-0.5206958718778921,0.38429529732069406,0.41029389624485857,0.7662559284137811,9.878262725043399e-11
2025-09-08 08:00:00,MEO02,MEO,4726397.555631341,18968491.857498944,-16389557.126356965,0.000100025344,4726398.079831596,18968491.46845729,-16389557.542069606,0.00010002524264000739,-0.5242002554190233,0.38904165652056555,0.41571264064395885,0.7739226821077207,1.0135999261545413e-10
2025-09-08 08:15:00,MEO02,MEO,3448334.0331747,17233634.63812822,-18489752.01443103,0.00010002538,3448334.560879339,17233634.244340204,-18489752.435562413,0.00010002527606264203,-0.5277046389601543,0.39378801572043703,0.421131385043059,0.7815963349283255,1.0393735798047421e-10
2025-09-08 08:30:00,MEO02,MEO,1885126.6018798808,15424525.606522027,-20230927.005667116,0.00010002541600000001,1885127.1330889033,15424525.207987653,-20230927.432217248,0.00010002530948527666,-0.5312090225012854,0.39853437492030847,0.4265501294421593,0.7892766856476979,1.065147233454943e-10
2025-09-08 08:45:00,MEO02,MEO,54874.52065196261,13604854.021627333,-21579273.29261099,0.000100025452,54875.05536536865,13604853.618346598,-21579273.724579867,0.00010002534290791129,-0.5347134060424166,0.40328073412017995,0.4319688738412596,0.7969635406225806,1.0909208871051444e-10
2025-09-08 09:00:00,MEO02,MEO,-2012105.6399300387,11835287.049874552,-22508609.715858363,0.00010002548800000001,-2012105.1017122492,11835286.641847458,-22508610.15324598,0.00010002537633054593,-0.5382177895835477,0.40802709332005144,0.4373876182403599,0.8046567134482784,1.1166945407553454e-10
2025-09-08 09:15:00,MEO02,MEO,-4274297.896783999,10171011.981273394,-23000891.129831057,0.000100025524,-4274297.718520657,10171011.861357385,-23000891.213133793,0.0001000255828268001,-0.178263342,0.119916008,0.0833027345,0.23042789251920548,-5.88268001058252e-11
2025-09-08 09:30:00,MEO02,MEO,-6680481.121997175,8659526.542140499,-23046558.78964588,0.00010002556,-6680480.926314534,8659526.356066043,-23046558.846859694,0.00010002558972299924,-0.195682641,0.186074456,0.057213813,0.27602322286798586,-2.972299923569125e-11
2025-09-08 09:45:00,MEO02,MEO,-9171638.387935825,7338769.35731894,-22644725.955529217,0.00010002559600000001,-9171638.07393038,7338769.079841918,-22644725.99919205,0.000100025592342515,-0.314005444125,0.277477021625,0.043662836437500005,0.4213067288280441,3.657485012097939e-12
2025-09-08 10:00:00,MEO02,MEO,-11683202.656057177,6235668.260544259,-21803195.110853355,0.000100025632,-11683202.22372893,6235667.891664672,-21803195.140965216,0.00010002559496203074,-0.43232824724999996,0.36887958725000003,0.030111859875000004,0.5691103472659051,3.7037969259887126e-11
2025-09-08 10:15:00,MEO02,MEO,-14147545.92600134,5365166.544355257,-20538306.45946773,0.000100025668,-14147545.375350289,5365166.084073105,-20538306.476028614,0.0001000255975815465,-0.550651050375,0.460282152875,0.016560883312500004,0.7178791697705302,7.041845350767629e-11
2025-09-08 10:30:00,MEO02,MEO,-16496608.698161561,4729767.119160395,-18874620.64408844,0.00010002570400000001,-16496608.029187707,4729766.567475677,-18874620.647098348,0.00010002560020106225,-0.6689738535,0.5516847185,0.0030099067500000062,0.8671165462795111,1.037989377554655e-10
2025-09-08 10:45:00,MEO02,MEO,-18664560.656402092,4319612.758585808,-16844441.846477132,0.00010002574,-18664560.50744349,4319612.708677111,-16844441.82777164,0.00010002592082400841,-0.1489585999189189,0.049908697108108115,-0.018705490824324322,0.15820694650934994,-1.8082400840766298e-10
2025-09-08 11:00:00,MEO02,MEO,-20590382.09746787,4113098.058953061,-14487190.529488845,0.00010002577600000001,-20590381.858857587,4113097.903762759,-14487190.420266569,0.00010002591181833265,-0.23861028167567566,0.15519030143243245,-0.10922227629729729,0.30487440335258986,-1.358183326405889e-10
2025-09-08 11:15:00,MEO02,MEO,-22220258.87818795,4077986.380189047,-11848638.000601677,0.000100025812,-22220258.549925987,4077986.1197171416,-11848637.800862616,0.00010002590281265687,-0.3282619634324324,0.26047190575675677,-0.1997390617702703,0.46421678461893234,-9.081265687351488e-11
2025-09-08 11:30:00,MEO02,MEO,-23509691.385201853,4172983.8013075097,-8980017.659592377,0.000100025848,-23509690.967288207,4172983.4355539996,-8980017.36933653,0.00010002589380698111,-0.41791364518918916,0.3657535100810811,-0.29025584724324327,0.6266385735261116,-4.580698110644085e-11
2025-09-08 11:45:00,MEO02,MEO,-24425229.930975888,4349702.906180358,-5937030.18746964,0.00010002588400000001,-24425229.42341056,4349702.435145243,-5937029.806697007,0.00010002588480130535,-0.5075653269459459,0.4710351144054054,-0.3807726327162162,0.790243277697632,-8.013053393668146e-13
2025-09-08 12:00:00,MEO02,MEO,-24945764.54604149,4554932.820456707,-2778761.9931519446,0.00010002592,-24945764.358431816,4554932.708367963,-2778761.803410758,0.00010002599083070116,-0.187609674,0.112088744,-0.189741187,0.2894183725233296,-7.083070115126112e-11
2025-09-08 12:15:00,MEO02,MEO,-25063315.718762495,4733119.035654431,433462.0813387287,0.00010002595600000001,-25063315.57843533,4733118.998840336,433462.2250553737,0.00010002614840786454,-0.14032716205882353,0.03681409583823529,-0.14371664495588235,0.2042093634024778,-1.924078645335995e-10
2025-09-08 12:30:00,MEO02,MEO,-24783293.45220664,4828947.72198399,3637269.5198674947,0.000100025992,-24783293.23046855,4828947.666096083,3637269.7598875924,0.00010002619989375424,-0.22173809323529411,0.05588790635294118,-0.24002009782352945,0.33151302753791706,-2.0789375424593003e-10
2025-09-08 12:45:00,MEO02,MEO,-24124214.190848377,4789924.817837119,6770451.234115619,0.000100026028,-24124213.88769935,4789924.742875402,6770451.57043917,0.00010002625137964396,-0.3031490244117647,0.07496171686764706,-0.3363235506911765,0.45894675153776865,-2.2337964395826048e-10
2025-09-08 13:00:00,MEO02,MEO,-23116887.788620807,4568840.376313414,9772169.492189663,0.00010002606400000001,-23116887.40406085,4568840.282277887,9772169.924816666,0.00010002630286553369,-0.3845599555882353,0.09403552738235295,-0.43262700355882355,0.5864257532376874,-2.38865533670591e-10
2025-09-08 13:15:00,MEO02,MEO,-21803108.79680314,4126013.439691415,12584139.2192812,0.0001000261,-21803108.330832254,4126013.326582077,12584139.748211658,0.00010002635435142339,-0.4659708867647059,0.11310933789705883,-0.5289304564264706,0.7139257786123933,-2.543514233829215e-10
2025-09-08 13:30:00,MEO02,MEO,-20233907.019360382,3431221.900733714,15151759.73277704,0.000100026136,-20233906.828142356,3431221.881093548,15151759.975059388,0.00010002601516760068,-0.191218025,0.019640166,-0.242282348,0.3092746438972993,1.2083239932606977e-10
2025-09-08 13:45:00,MEO02,MEO,-18467430.648903254,2465235.010081566,17425174.93665464,0.00010002617200000001,-18467430.502791192,2465234.9957340853,17425175.13730939,0.00010002610251010427,-0.14611206360869566,0.014347480536231878,-0.2006547524057971,0.24863007660530698,6.948989574705683e-11
2025-09-08 14:00:00,MEO02,MEO,-16566550.58923158,1220882.8484840002,19360241.38911259,0.000100026208,-16566550.357663954,1220882.891235437,19360241.712242566,0.00010002609235451699,-0.2315676264347826,-0.04275143685507248,-0.32312997262318843,0.3998302516984861,1.156454830117696e-10
2025-09-08 14:15:00,MEO02,MEO,-14596286.150051758,-296383.4970608242,20919385.446242854,0.00010002624400000001,-14596285.833028568,-296383.39721046994,20919385.891848046,0.00010002608219892973,-0.31702318926086953,-0.09985035424637684,-0.44560519284057976,0.5559116689355876,1.618010702764824e-10
2025-09-08 14:30:00,MEO02,MEO,-12621159.681173334,-2068465.9470531177,22072332.838379506,0.00010002628,-12621159.278694581,-2068465.790103846,22072333.40645992,0.00010002607204334246,-0.4024787520869565,-0.1569492716376812,-0.5680804130579711,0.7136789022026555,2.0795665754119514e-10
2025-09-08 14:45:00,MEO02,MEO,-10702590.588456059,-4065130.1087047057,22796696.512766805,0.000100026316,-10702590.100521743,-4065129.8946565166,22796697.203322437,0.0001000260618877552,-0.48793431491304345,-0.21404818902898554,-0.6905556332753624,0.8722176365704756,2.5411224480590795e-10
2025-09-08 15:00:00,MEO02,MEO,-8896437.422055602,-6245032.566663124,23078411.328268804,0.00010002635200000001,-8896437.272731764,-6245032.480456664,23078411.50124011,0.00010002630641530088,-0.149323838,-0.086206459,-0.172971306,0.24422988119334324,4.5584699132090906e-11
2025-09-08 15:15:00,MEO02,MEO,-7250790.423096394,-8557223.034928262,22912007.161548,0.000100026388,-7250790.1798419375,-8557222.916234167,22912007.329710606,0.00010002634423438525,-0.24325445665505227,-0.1186940951184669,-0.168162606087108,0.3186529161714109,4.376561474242356e-11
2025-09-08 15:30:00,MEO02,MEO,-5804106.322533047,-10943059.666082378,22300715.1217465,0.00010002642400000001,-5804106.083647597,-10943059.558443472,22300715.29074608,0.00010002638569133822,-0.23888545062020908,-0.10763890647386759,-0.16899958234843204,0.3117903968034532,3.830866178110718e-11
2025-09-08 15:45:00,MEO02,MEO,-4583762.750157739,-13338458.439771414,21256404.811274108,0.00010002646,-4583762.515641294,-13338458.343187695,21256404.981110666,0.00010002642714829118,-0.23451644458536586,-0.09658371782926829,-0.16983655860975608,0.3052389784596486,3.285170881979081e-11
2025-09-08 16:00:00,MEO02,MEO,-3605091.937990791,-15676383.486138726,19799353.850925315,0.000100026496,-3605091.7078433526,-15676383.400610197,19799354.02159885,0.00010002646860524415,-0.23014743855052266,-0.085528529184669,-0.1706735348710801,0.29901911022750566,2.7394755858474435e-11
2025-09-08 16:15:00,MEO02,MEO,-2870933.231936993,-17889475.0314881,17957854.144510802,0.00010002653200000001,-2870933.0061585605,-17889474.95701476,17957854.316021312,0.00010002651006219712,-0.22577843251567944,-0.07447334054006968,-0.17151051113240418,0.2931518965815042,2.1937802897158058e-11
2025-09-08 16:30:00,MEO02,MEO,-2371722.104420554,-19912705.80946884,15767662.528255383,0.000100026568,-2371721.8830111274,-19912705.746050686,15767662.70060287,0.00010002655151915006,-0.22140942648083625,-0.06341815189547038,-0.1723474873937282,0.28765891700995655,1.6480849935841685e-11
2025-09-08 16:45:00,MEO02,MEO,-2086110.8037775466,-21685955.50684748,13271306.47183592,0.000100026604,-2086110.586737126,-21685955.454484515,13271306.645020384,0.00010002659297610303,-0.21704042044599303,-0.05236296325087107,-0.17318446365505225,0.28256199758508505,1.1023896974525314e-11
2025-09-08 17:00:00,MEO02,MEO,-1982093.429296909,-23156396.16234151,10517258.312423136,0.00010002664,-1982093.2166254944,-23156396.121033736,10517258.486444576,0.00010002663443305598,-0.21267141441114984,-0.041307774606271774,-0.1740214399163763,0.27788293272730974,5.566944013208937e-12
2025-09-08 17:15:00,MEO02,MEO,-2018587.0209632944,-24280589.270090267,7558994.05582356,0.000100026676,-2018586.812660886,-24280589.23983768,7558994.230681976,0.00010002667589000895,-0.20830240837630665,-0.030252585961672476,-0.17485841617770034,0.27364315814745277,1.0999105189256609e-13
2025-09-08 17:30:00,MEO02,MEO,-2147401.0890297205,-25026207.32833621,4453955.020200019,0.00010002671200000001,-2147400.885096318,-25026207.309138812,4453955.195895411,0.00010002671734696192,-0.20393340234146343,-0.019197397317073164,-0.17569539243902438,0.26986337946934846,-5.3469619094238106e-12
2025-09-08 17:45:00,MEO02,MEO,-2315511.6840694835,-25373308.216771934,1262432.4843853884,0.000100026748,-2315511.484505087,-25373308.208629727,1262432.660917757,0.00010002675880391486,-0.1995643963066202,-0.008142208672473866,-0.1765323687003484,0.2665631651865044,-1.0803914870740183e-11
2025-09-08 18:00:00,MEO02,MEO,-2467543.3075408177,-25315109.427678347,-1953603.0021683963,0.000100026784,-2467543.1123454273,-25315109.430591326,-1953602.8247990513,0.00010002680026086783,-0.19519539027177701,0.002912979972125432,-0.17736934496167245,0.26376051707524784,-1.6260867832056558e-11
2025-09-08 18:15:00,MEO02,MEO,-2548353.2229180643,-24858230.03562263,-5131704.916235143,0.00010002682000000001,-2548353.03209168,-24858230.0495908,-5131704.7380288225,0.0001000268417178208,-0.19082638423693382,0.013968168616724744,-0.1782063212229965,0.261471435493977,-2.1717820793372935e-11
2025-09-08 18:30:00,MEO02,MEO,-2505608.414526631,-24022390.49437799,-8210163.299756664,0.000100026856,-2505608.228069253,-24022390.519401345,-8210163.120713366,0.00010002688317477376,-0.1864573782020906,0.025023357261324056,-0.17904329748432055,0.25970950053604935,-2.7174773754689312e-11
2025-09-08 18:45:00,MEO02,MEO,-2292245.7362899594,-22839582.967782672,-11129202.996721383,0.00010002689200000001,-2292245.554201587,-22839583.00386122,-11129202.816841109,0.00010002692463172673,-0.18208837216724738,0.03607854590592334,-0.17988027374564458,0.2584854921190198,-3.263172671600568e-11
2025-09-08 19:00:00,MEO02,MEO,-1868710.6833403874,-21352746.98604749,-13832144.321536314,0.000100026928,-1868710.5056210214,-21352747.033181228,-13832144.140819063,0.00010002696608867967,-0.1777193661324042,0.04713373455052265,-0.18071725000696864,0.2578070722095573,-3.8088679677322053e-11
2025-09-08 19:15:00,MEO02,MEO,-1204879.5009007351,-19614005.84548076,-16266503.621914446,0.000100026964,-1204879.3275503751,-19614005.90366968,-16266503.44036022,0.00010002700754563264,-0.173350360097561,0.058188923195121964,-0.18155422626829268,0.25767855014424523,-4.3545632638638434e-11
2025-09-08 19:30:00,MEO02,MEO,-281582.62798670214,-17682537.473770104,-18385012.36639051,0.00010002700000000001,-281582.4590053481,-17682537.543014217,-18385012.183999307,0.00010002704900258561,-0.16898135406271778,0.06924411183972125,-0.1823912025296167,0.2581007473943868,-4.900258559995481e-11
2025-09-08 19:45:00,MEO02,MEO,908335.7985064508,-15622168.698238922,-20146534.968597345,0.000100027036,908335.9631187989,-15622168.778538223,-20146534.785369165,0.00010002709045953856,-0.16461234802787458,0.08029930048432056,-0.18322817879094075,0.25907097152048175,-5.445953856127118e-11
2025-09-08 20:00:00,MEO02,MEO,2359468.1821204526,-13498793.343709178,-21516867.526696213,0.000100027072,2359468.342363795,-13498793.435063668,-21516867.342631057,0.00010002713191649153,-0.16024334199303136,0.09135448912891987,-0.18406515505226478,0.2605831012201594,-5.991649152258755e-11
2025-09-08 20:15:00,MEO02,MEO,4053827.8513099416,-11377721.8687832,-22469401.968645193,0.000100027108,4053828.0071842778,-11377721.971192878,-22469401.78374306,0.00010002717337344448,-0.15587433595818817,0.10240967777351918,-0.18490213131358885,0.2626277762849729,-6.537344448390394e-11
2025-09-08 20:30:00,MEO02,MEO,5961369.564544288,-9321073.019823112,-22985642.707439154,0.000100027144,5961369.716049618,-9321073.133287977,-22985642.521700047,0.00010002721483039745,-0.15150532992334498,0.11346486641811847,-0.18573910757491288,0.26519267898867066,-7.083039744522032e-11
2025-09-08 20:45:00,MEO02,MEO,8041025.591266606,-7385316.125069896,-23055565.77430661,0.00010002718000000001,8041025.73840293,-7385316.249589951,-23055565.587730527,0.00010002725628735041,-0.14713632388850176,0.12452005506271778,-0.18657608383623692,0.2682628878169898,-7.628735040653669e-11
2025-09-08 21:00:00,MEO02,MEO,10242215.1588697,-5619066.245578878,-22677813.456486847,0.000100027216,10242215.301637018,-5619066.381154121,-22677813.269073788,0.00010002729774430337,-0.14276731785365854,0.1355752437073171,-0.18741306009756098,0.2718212810810772,-8.174430336785306e-11
2025-09-08 21:15:00,MEO02,MEO,12506765.15334635,-4061223.713911172,-21859720.660260208,0.000100027252,12506765.291744662,-4061223.8605416045,-21859720.472010173,0.00010002733920125634,-0.13839831181881534,0.14663043235191642,-0.18825003635888501,0.27584896700029443,-8.720125632916945e-11
2025-09-08 21:30:00,MEO02,MEO,14771162.655820476,-2739535.074201945,-20617172.487334725,0.00010002728800000001,14771162.789849782,-2739535.2318875664,-20617172.298247714,0.0001000273806582093,-0.13402930578397215,0.15768562099651573,-0.18908701262020905,0.28032571808456214,-9.26582092904858e-11
2025-09-08 21:45:00,MEO02,MEO,16969045.914520442,-1669634.697217647,-18974295.790061455,0.000100027324,16969046.044180743,-1669634.8659584566,-18974295.600137465,0.00010002742211516225,-0.12966029974912893,0.16874080964111499,-0.18992398888153308,0.2852303906003806,-9.811516225180217e-11
2025-09-08 22:00:00,MEO02,MEO,19033830.27833955,-854606.1253235936,-16962990.6946247,0.00010002736000000001,19033830.403630845,-854606.3051195919,-16962990.503863733,0.00010002746357211522,-0.1252912937142857,0.1797959982857143,-0.19076096514285712,0.29054131393381966,-1.0357211521311855e-10
2025-09-08 22:15:00,MEO02,MEO,20901359.876630336,-285080.3527154736,-14622311.188730842,0.000100027396,20901359.997552622,-285080.54356666055,-14622310.9971329,0.00010002750502906818,-0.12092228767944252,0.1908511869303136,-0.19159794140418118,0.2962366391259856,-1.0902906817443493e-10
2025-09-08 22:30:00,MEO02,MEO,22512474.661379274,60134.31800299883,-11997706.801074719,0.000100027432,22512474.777932554,60134.11609662326,-11997706.6086398,0.00010002754648602115,-0.11655328164459933,0.20190637557491292,-0.19243491766550522,0.3022946402053018,-1.144860211357513e-10
2025-09-08 22:45:00,MEO02,MEO,23815385.88189413,212918.53473085538,-9140140.09706886,0.00010002746800000001,23815385.994078405,212918.32176929116,-9140139.903796965,0.0001000275879429741,-0.1121842756097561,0.21296156421951223,-0.19327189392682925,0.3086939657832182,-1.1994297409706768e-10
2025-09-08 23:00:00,MEO02,MEO,24767760.99432118,214253.1272901427,-6105097.126633504,0.000100027504,24767761.102136448,214252.90327338985,-6105096.9325246345,0.00010002762939992706,-0.10781526957491291,0.22401675286411155,-0.19410887018815332,0.3154138414892614,-1.2539992705838405e-10
2025-09-08 23:15:00,MEO02,MEO,25338431.086781353,112243.27851927397,-2951510.038414164,0.00010002754000000001,25338431.190227617,112243.04344733246,-2951509.8434683178,0.00010002767085688003,-0.1034462635400697,0.2350719415087108,-0.19494584644947735,0.32243422611903266,-1.3085688001970043e-10
2025-09-08 23:30:00,MEO02,MEO,25508649.61994437,-40160.14393747512,259387.21971338507,0.000100027576,25508649.71902163,-40160.39006460527,259387.41549620777,0.00010002771231383298,-0.0990772575052265,0.24612713015331011,-0.19578282271080139,0.32973592588747513,-1.363138329810168e-10
2025-09-08 23:45:00,MEO02,MEO,25272849.984179284,-187645.15792189958,3465247.894722355,0.000100027612,25272850.078887537,-187645.41510421838,3465248.091342154,0.00010002775377078595,-0.09470825147038328,0.2571823187979094,-0.19661979897212542,0.3373006720222862,-1.4177078594233317e-10
